-- MySQL dump 10.13  Distrib 8.0.44, for Win64 (x86_64)
--
-- Host: localhost    Database: courselect
-- ------------------------------------------------------
-- Server version	8.0.44

/*!40101 SET @OLD_CHARACTER_SET_CLIENT=@@CHARACTER_SET_CLIENT */;
/*!40101 SET @OLD_CHARACTER_SET_RESULTS=@@CHARACTER_SET_RESULTS */;
/*!40101 SET @OLD_COLLATION_CONNECTION=@@COLLATION_CONNECTION */;
/*!50503 SET NAMES utf8 */;
/*!40103 SET @OLD_TIME_ZONE=@@TIME_ZONE */;
/*!40103 SET TIME_ZONE='+00:00' */;
/*!40014 SET @OLD_UNIQUE_CHECKS=@@UNIQUE_CHECKS, UNIQUE_CHECKS=0 */;
/*!40014 SET @OLD_FOREIGN_KEY_CHECKS=@@FOREIGN_KEY_CHECKS, FOREIGN_KEY_CHECKS=0 */;
/*!40101 SET @OLD_SQL_MODE=@@SQL_MODE, SQL_MODE='NO_AUTO_VALUE_ON_ZERO' */;
/*!40111 SET @OLD_SQL_NOTES=@@SQL_NOTES, SQL_NOTES=0 */;

--
-- Table structure for table `gen_table`
--

DROP TABLE IF EXISTS `gen_table`;
/*!40101 SET @saved_cs_client     = @@character_set_client */;
/*!50503 SET character_set_client = utf8mb4 */;
CREATE TABLE `gen_table` (
  `table_id` bigint NOT NULL AUTO_INCREMENT COMMENT '编号',
  `table_name` varchar(200) DEFAULT '' COMMENT '表名称',
  `table_comment` varchar(500) DEFAULT '' COMMENT '表描述',
  `sub_table_name` varchar(64) DEFAULT NULL COMMENT '关联子表的表名',
  `sub_table_fk_name` varchar(64) DEFAULT NULL COMMENT '子表关联的外键名',
  `class_name` varchar(100) DEFAULT '' COMMENT '实体类名称',
  `tpl_category` varchar(200) DEFAULT 'crud' COMMENT '使用的模板（crud单表操作 tree树表操作）',
  `tpl_web_type` varchar(30) DEFAULT '' COMMENT '前端模板类型（element-ui模版 element-plus模版）',
  `package_name` varchar(100) DEFAULT NULL COMMENT '生成包路径',
  `module_name` varchar(30) DEFAULT NULL COMMENT '生成模块名',
  `business_name` varchar(30) DEFAULT NULL COMMENT '生成业务名',
  `function_name` varchar(50) DEFAULT NULL COMMENT '生成功能名',
  `function_author` varchar(50) DEFAULT NULL COMMENT '生成功能作者',
  `gen_type` char(1) DEFAULT '0' COMMENT '生成代码方式（0zip压缩包 1自定义路径）',
  `gen_path` varchar(200) DEFAULT '/' COMMENT '生成路径（不填默认项目路径）',
  `options` varchar(1000) DEFAULT NULL COMMENT '其它生成选项',
  `create_by` varchar(64) DEFAULT '' COMMENT '创建者',
  `create_time` datetime DEFAULT NULL COMMENT '创建时间',
  `update_by` varchar(64) DEFAULT '' COMMENT '更新者',
  `update_time` datetime DEFAULT NULL COMMENT '更新时间',
  `remark` varchar(500) DEFAULT NULL COMMENT '备注',
  PRIMARY KEY (`table_id`)
) ENGINE=InnoDB AUTO_INCREMENT=10 DEFAULT CHARSET=utf8mb4 COLLATE=utf8mb4_0900_ai_ci COMMENT='代码生成业务表';
/*!40101 SET character_set_client = @saved_cs_client */;

--
-- Dumping data for table `gen_table`
--

/*!40000 ALTER TABLE `gen_table` DISABLE KEYS */;
INSERT INTO `gen_table` VALUES (1,'stu_class','开课表',NULL,NULL,'StuClass','crud','element-ui','com.ruoyi.school','school','class','开课','ruoyi','0','/','{\"parentMenuId\":0}','admin','2025-12-24 22:52:29','','2025-12-30 23:31:36',NULL),(2,'stu_course','课程表',NULL,NULL,'StuCourse','crud','element-ui','com.ruoyi.school','school','course','课程','ruoyi','0','/','{\"parentMenuId\":0}','admin','2025-12-24 22:52:29','','2025-12-24 23:43:03',NULL),(3,'stu_department','院系表',NULL,NULL,'StuDepartment','crud','element-ui','com.ruoyi.school','school','department','院系','ruoyi','0','/','{\"parentMenuId\":0}','admin','2025-12-24 22:52:29','','2025-12-24 23:43:06',NULL),(4,'stu_selection','选课成绩表',NULL,NULL,'StuSelection','crud','element-ui','com.ruoyi.school','school','selection','选课成绩','ruoyi','0','/','{\"parentMenuId\":0}','admin','2025-12-24 22:52:29','','2025-12-24 23:43:12',NULL),(5,'stu_student','学生表',NULL,NULL,'StuStudent','crud','element-ui','com.ruoyi.school','school','student','学生','ruoyi','0','/','{\"parentMenuId\":0}','admin','2025-12-24 22:52:29','','2025-12-24 23:43:16',NULL),(6,'stu_teacher','教师表',NULL,NULL,'StuTeacher','crud','element-ui','com.ruoyi.school','school','teacher','教师','ruoyi','0','/','{\"parentMenuId\":0}','admin','2025-12-24 22:52:29','','2025-12-24 23:43:21',NULL),(9,'vw_student_schedule','VIEW',NULL,NULL,'VwStudentSchedule','crud','','com.ruoyi.system','system','schedule','VIEW','ruoyi','0','/',NULL,'admin','2026-01-03 00:26:32','',NULL,NULL);
/*!40000 ALTER TABLE `gen_table` ENABLE KEYS */;

--
-- Table structure for table `gen_table_column`
--

DROP TABLE IF EXISTS `gen_table_column`;
/*!40101 SET @saved_cs_client     = @@character_set_client */;
/*!50503 SET character_set_client = utf8mb4 */;
CREATE TABLE `gen_table_column` (
  `column_id` bigint NOT NULL AUTO_INCREMENT COMMENT '编号',
  `table_id` bigint DEFAULT NULL COMMENT '归属表编号',
  `column_name` varchar(200) DEFAULT NULL COMMENT '列名称',
  `column_comment` varchar(500) DEFAULT NULL COMMENT '列描述',
  `column_type` varchar(100) DEFAULT NULL COMMENT '列类型',
  `java_type` varchar(500) DEFAULT NULL COMMENT 'JAVA类型',
  `java_field` varchar(200) DEFAULT NULL COMMENT 'JAVA字段名',
  `is_pk` char(1) DEFAULT NULL COMMENT '是否主键（1是）',
  `is_increment` char(1) DEFAULT NULL COMMENT '是否自增（1是）',
  `is_required` char(1) DEFAULT NULL COMMENT '是否必填（1是）',
  `is_insert` char(1) DEFAULT NULL COMMENT '是否为插入字段（1是）',
  `is_edit` char(1) DEFAULT NULL COMMENT '是否编辑字段（1是）',
  `is_list` char(1) DEFAULT NULL COMMENT '是否列表字段（1是）',
  `is_query` char(1) DEFAULT NULL COMMENT '是否查询字段（1是）',
  `query_type` varchar(200) DEFAULT 'EQ' COMMENT '查询方式（等于、不等于、大于、小于、范围）',
  `html_type` varchar(200) DEFAULT NULL COMMENT '显示类型（文本框、文本域、下拉框、复选框、单选框、日期控件）',
  `dict_type` varchar(200) DEFAULT '' COMMENT '字典类型',
  `sort` int DEFAULT NULL COMMENT '排序',
  `create_by` varchar(64) DEFAULT '' COMMENT '创建者',
  `create_time` datetime DEFAULT NULL COMMENT '创建时间',
  `update_by` varchar(64) DEFAULT '' COMMENT '更新者',
  `update_time` datetime DEFAULT NULL COMMENT '更新时间',
  PRIMARY KEY (`column_id`)
) ENGINE=InnoDB AUTO_INCREMENT=112 DEFAULT CHARSET=utf8mb4 COLLATE=utf8mb4_0900_ai_ci COMMENT='代码生成业务表字段';
/*!40101 SET character_set_client = @saved_cs_client */;

--
-- Dumping data for table `gen_table_column`
--

/*!40000 ALTER TABLE `gen_table_column` DISABLE KEYS */;
INSERT INTO `gen_table_column` VALUES (1,1,'class_id','开课标识','int','Long','classId','1','1','0','1','1','1','1','EQ','input','',1,'admin','2025-12-24 22:52:29','','2026-01-06 01:17:53'),(2,1,'semester','学期','varchar(30)','String','semester','0','0','1','1','1','1','1','EQ','input','',2,'admin','2025-12-24 22:52:29','','2026-01-06 01:17:53'),(3,1,'course_id','课号','varchar(20)','String','courseId','0','0','1','1','1','1','1','LIKE','input','',3,'admin','2025-12-24 22:52:29','','2026-01-06 01:17:53'),(4,1,'staff_id','工号','varchar(20)','String','staffId','0','0','1','1','1','1','1','EQ','input','',5,'admin','2025-12-24 22:52:29','','2026-01-06 01:17:53'),(6,2,'course_id','课号','varchar(20)','String','courseId','1','0','0','1','1','1','1','EQ','input','',1,'admin','2025-12-24 22:52:29','','2026-01-06 01:17:54'),(7,2,'course_name','课名','varchar(50)','String','courseName','0','0','1','1','1','1','1','LIKE','input','',2,'admin','2025-12-24 22:52:29','','2026-01-06 01:17:54'),(8,2,'credit','学分','int','Long','credit','0','0','0','1','1','1','1','EQ','input','',3,'admin','2025-12-24 22:52:29','','2026-01-06 01:17:54'),(9,2,'credit_hours','学时','int','Long','creditHours','0','0','0','1','1','1','1','EQ','input','',4,'admin','2025-12-24 22:52:29','','2026-01-06 01:17:54'),(10,2,'dept_id','院系号','varchar(20)','String','deptId','0','0','0','1','1','1','1','EQ','input','',5,'admin','2025-12-24 22:52:29','','2026-01-06 01:17:54'),(11,3,'dept_id','院系号','varchar(20)','String','deptId','1','0','0','1','1','1','1','EQ','input','',1,'admin','2025-12-24 22:52:29','','2026-01-06 01:17:56'),(12,3,'dept_name','名称','varchar(50)','String','deptName','0','0','1','1','1','1','1','LIKE','input','',2,'admin','2025-12-24 22:52:29','','2026-01-06 01:17:56'),(13,3,'address','地址','varchar(100)','String','address','0','0','0','1','1','1','1','EQ','input','',3,'admin','2025-12-24 22:52:29','','2026-01-06 01:17:56'),(14,3,'phone_code','联系电话','varchar(20)','String','phoneCode','0','0','0','1','1','1','1','EQ','input','',4,'admin','2025-12-24 22:52:29','','2026-01-06 01:17:56'),(15,4,'selection_id','选课记录ID','int','Long','selectionId','1','1','0','1','1','1','1','EQ','input','',1,'admin','2025-12-24 22:52:29','','2026-01-06 01:17:57'),(16,4,'student_id','学号','varchar(20)','String','studentId','0','0','1','1','1','1','1','EQ','input','',2,'admin','2025-12-24 22:52:29','','2026-01-06 01:17:57'),(17,4,'class_id','开课ID','int','Long','classId','0','0','1','1','1','1','1','EQ','input','',3,'admin','2025-12-24 22:52:29','','2026-01-06 01:17:57'),(18,4,'normal_score','平时成绩','decimal(5,2)','BigDecimal','normalScore','0','0','0','1','1','1','1','EQ','input','',4,'admin','2025-12-24 22:52:29','','2026-01-06 01:17:57'),(19,4,'test_score','考试成绩','decimal(5,2)','BigDecimal','testScore','0','0','0','1','1','1','1','EQ','input','',5,'admin','2025-12-24 22:52:29','','2026-01-06 01:17:57'),(20,4,'total_score','总评成绩','decimal(5,2)','BigDecimal','totalScore','0','0','0','1','1','1','1','EQ','input','',6,'admin','2025-12-24 22:52:29','','2026-01-06 01:17:57'),(21,5,'student_id','学号','varchar(20)','String','studentId','1','0','0','1','1','1','1','EQ','input','',1,'admin','2025-12-24 22:52:29','','2026-01-06 01:17:58'),(22,5,'name','姓名','varchar(30)','String','name','0','0','1','1','1','1','1','LIKE','input','',2,'admin','2025-12-24 22:52:29','','2026-01-06 01:17:58'),(23,5,'sex','性别','char(1)','String','sex','0','0','0','1','1','1','1','EQ','select','',3,'admin','2025-12-24 22:52:29','','2026-01-06 01:17:58'),(24,5,'date_of_birth','出生日期','date','Date','dateOfBirth','0','0','0','1','1','1','1','EQ','datetime','',4,'admin','2025-12-24 22:52:29','','2026-01-06 01:17:58'),(25,5,'native_place','籍贯','varchar(50)','String','nativePlace','0','0','0','1','1','1','1','EQ','input','',5,'admin','2025-12-24 22:52:29','','2026-01-06 01:17:58'),(26,5,'mobile_phone','手机号','varchar(15)','String','mobilePhone','0','0','0','1','1','1','1','EQ','input','',6,'admin','2025-12-24 22:52:29','','2026-01-06 01:17:58'),(27,5,'dept_id','院系号','varchar(20)','String','deptId','0','0','0','1','1','1','1','EQ','input','',7,'admin','2025-12-24 22:52:29','','2026-01-06 01:17:58'),(28,6,'staff_id','工号','varchar(20)','String','staffId','1','0','0','1','1','1','1','EQ','input','',1,'admin','2025-12-24 22:52:29','','2026-01-06 01:17:59'),(29,6,'name','姓名','varchar(30)','String','name','0','0','1','1','1','1','1','LIKE','input','',2,'admin','2025-12-24 22:52:29','','2026-01-06 01:17:59'),(30,6,'sex','性别（0男 1女 ）','char(1)','String','sex','0','0','0','1','1','1','1','EQ','select','',3,'admin','2025-12-24 22:52:29','','2026-01-06 01:17:59'),(31,6,'date_of_birth','出生日期','date','Date','dateOfBirth','0','0','0','1','1','1','1','EQ','datetime','',4,'admin','2025-12-24 22:52:29','','2026-01-06 01:17:59'),(32,6,'professional_ranks','职称','varchar(20)','String','professionalRanks','0','0','0','1','1','1','1','EQ','input','',5,'admin','2025-12-24 22:52:29','','2026-01-06 01:17:59'),(33,6,'salary','基本工资','decimal(10,2)','BigDecimal','salary','0','0','0','1','1','1','1','EQ','input','',6,'admin','2025-12-24 22:52:29','','2026-01-06 01:17:59'),(34,6,'dept_id','院系号','varchar(20)','String','deptId','0','0','0','1','1','1','1','EQ','input','',7,'admin','2025-12-24 22:52:29','','2026-01-06 01:17:59'),(35,1,'capacity','课程容量','int','Long','capacity','0','0','0','1','1','1','1','EQ','input','',6,'','2025-12-30 18:12:43','','2026-01-06 01:17:53'),(36,1,'selected_num','已选人数','int','Long','selectedNum','0','0','0','1','1','1','1','EQ','input','',7,'','2025-12-30 18:12:43','','2026-01-06 01:17:53'),(73,9,'student_id','学号','varchar(30)','String','studentId','0','0','0','1','1','1','1','EQ','input','',2,'admin','2026-01-03 00:26:32','','2026-01-06 01:17:51'),(75,9,'course_id','课号','varchar(30)','String','courseId','0','0','0','1','1','1','1','EQ','input','',4,'admin','2026-01-03 00:26:32','','2026-01-06 01:17:51'),(76,9,'course_name','课名','varchar(100)','String','courseName','0','0','0','1','1','1','1','LIKE','input','',5,'admin','2026-01-03 00:26:32','','2026-01-06 01:17:52'),(77,9,'teacher_id','工号','varchar(30)','String','teacherId','0','0','0','1','1','1','1','EQ','input','',6,'admin','2026-01-03 00:26:32','','2026-01-06 01:17:52'),(78,9,'teacher_name','用户昵称','varchar(50)','String','teacherName','0','0','0','1','1','1','1','LIKE','input','',7,'admin','2026-01-03 00:26:32','','2026-01-06 01:17:52'),(79,9,'semester','学期','varchar(20)','String','semester','0','0','0','1','1','1','1','EQ','input','',3,'admin','2026-01-03 00:26:32','','2026-01-06 01:17:51'),(86,2,'create_time','','datetime','Date','createTime','0','0','0','1',NULL,NULL,NULL,'EQ','datetime','',6,'','2026-01-03 02:02:20','','2026-01-06 01:17:54'),(87,1,'class_section','班级号/教学班','varchar(20)','String','classSection','0','0','0','1','1','1','1','EQ','input','',4,'','2026-01-03 02:13:06','','2026-01-06 01:17:53'),(88,1,'week_start','起始周 (如: 1)','tinyint','Long','weekStart','0','0','0','1','1','1','1','EQ','input','',8,'','2026-01-03 02:13:06','','2026-01-06 01:17:53'),(89,1,'week_end','结束周 (如: 16)','tinyint','Long','weekEnd','0','0','0','1','1','1','1','EQ','input','',9,'','2026-01-03 02:13:06','','2026-01-06 01:17:53'),(90,1,'week_type','周类型 (0:每周, 1:单周, 2:双周)','tinyint','Long','weekType','0','0','0','1','1','1','1','EQ','select','',10,'','2026-01-03 02:13:06','','2026-01-06 01:17:53'),(91,1,'day_of_week','星期几 (1-7)','tinyint','Long','dayOfWeek','0','0','0','1','1','1','1','EQ','input','',11,'','2026-01-03 02:13:06','','2026-01-06 01:17:53'),(92,1,'lesson_start','起始节次 (1-12)','tinyint','Long','lessonStart','0','0','0','1','1','1','1','EQ','input','',12,'','2026-01-03 02:13:06','','2026-01-06 01:17:53'),(93,1,'lesson_end','结束节次 (1-12)','tinyint','Long','lessonEnd','0','0','0','1','1','1','1','EQ','input','',13,'','2026-01-03 02:13:06','','2026-01-06 01:17:53'),(94,1,'classroom_id','教室标识','varchar(50)','String','classroomId','0','0','0','1','1','1','1','EQ','input','',14,'','2026-01-03 02:13:06','','2026-01-06 01:17:53'),(95,1,'status','状态','varchar(20)','String','status','0','0','0','1','1','1','1','EQ','radio','',15,'','2026-01-05 01:17:04','','2026-01-06 01:17:53'),(97,5,'user_id','','bigint','Long','userId','0','0','0','1','1','1','1','EQ','input','',8,'','2026-01-05 01:17:09','','2026-01-06 01:17:58'),(98,6,'user_id','关联系统用户ID','bigint','Long','userId','0','0','0','1','1','1','1','EQ','input','',8,'','2026-01-05 01:17:10','','2026-01-06 01:17:59'),(99,9,'selection_id','选课记录ID','int','Long','selectionId','0','0','1','1','1','1','1','EQ','input','',1,'','2026-01-05 01:59:55','','2026-01-06 01:17:51'),(100,9,'day_of_week','星期几 (1-7)','tinyint','Long','dayOfWeek','0','0','0','1','1','1','1','EQ','input','',8,'','2026-01-05 01:59:55','','2026-01-06 01:17:52'),(101,9,'lesson_start','起始节次 (1-12)','tinyint','Long','lessonStart','0','0','0','1','1','1','1','EQ','input','',9,'','2026-01-05 01:59:55','','2026-01-06 01:17:52'),(102,9,'lesson_end','结束节次 (1-12)','tinyint','Long','lessonEnd','0','0','0','1','1','1','1','EQ','input','',10,'','2026-01-05 01:59:55','','2026-01-06 01:17:52'),(103,9,'week_start','起始周 (如: 1)','tinyint','Long','weekStart','0','0','0','1','1','1','1','EQ','input','',11,'','2026-01-05 01:59:55','','2026-01-06 01:17:52'),(104,9,'week_end','结束周 (如: 16)','tinyint','Long','weekEnd','0','0','0','1','1','1','1','EQ','input','',12,'','2026-01-05 01:59:55','','2026-01-06 01:17:52'),(105,9,'week_type','周类型 (0:每周, 1:单周, 2:双周)','tinyint','Long','weekType','0','0','0','1','1','1','1','EQ','select','',13,'','2026-01-05 01:59:55','','2026-01-06 01:17:52'),(106,9,'classroom_id','教室标识','varchar(50)','String','classroomId','0','0','0','1','1','1','1','EQ','input','',14,'','2026-01-05 01:59:55','','2026-01-06 01:17:52'),(107,9,'class_status','状态','varchar(20)','String','classStatus','0','0','0','1','1','1','1','EQ','radio','',15,'','2026-01-05 01:59:55','','2026-01-06 01:17:52'),(108,9,'capacity','课程容量','int','Long','capacity','0','0','0','1','1','1','1','EQ','input','',16,'','2026-01-05 01:59:55','','2026-01-06 01:17:52'),(109,9,'selected_num','已选人数','int','Long','selectedNum','0','0','0','1','1','1','1','EQ','input','',17,'','2026-01-05 01:59:55','','2026-01-06 01:17:52'),(110,9,'class_time_text','','varchar(17)','String','classTimeText','0','0','0','1','1','1','1','EQ','input','',18,'','2026-01-05 01:59:55','','2026-01-06 01:17:52'),(111,1,'is_primary','是否为主课时(1是, 0追加)','tinyint(1)','Integer','isPrimary','0','0','0','1','1','1','1','EQ','input','',16,'','2026-01-06 01:17:53','',NULL);
/*!40000 ALTER TABLE `gen_table_column` ENABLE KEYS */;

--
-- Table structure for table `qrtz_blob_triggers`
--

DROP TABLE IF EXISTS `qrtz_blob_triggers`;
/*!40101 SET @saved_cs_client     = @@character_set_client */;
/*!50503 SET character_set_client = utf8mb4 */;
CREATE TABLE `qrtz_blob_triggers` (
  `sched_name` varchar(120) NOT NULL COMMENT '调度名称',
  `trigger_name` varchar(200) NOT NULL COMMENT 'qrtz_triggers表trigger_name的外键',
  `trigger_group` varchar(200) NOT NULL COMMENT 'qrtz_triggers表trigger_group的外键',
  `blob_data` blob COMMENT '存放持久化Trigger对象',
  PRIMARY KEY (`sched_name`,`trigger_name`,`trigger_group`),
  CONSTRAINT `qrtz_blob_triggers_ibfk_1` FOREIGN KEY (`sched_name`, `trigger_name`, `trigger_group`) REFERENCES `qrtz_triggers` (`sched_name`, `trigger_name`, `trigger_group`)
) ENGINE=InnoDB DEFAULT CHARSET=utf8mb4 COLLATE=utf8mb4_0900_ai_ci COMMENT='Blob类型的触发器表';
/*!40101 SET character_set_client = @saved_cs_client */;

--
-- Dumping data for table `qrtz_blob_triggers`
--

/*!40000 ALTER TABLE `qrtz_blob_triggers` DISABLE KEYS */;
/*!40000 ALTER TABLE `qrtz_blob_triggers` ENABLE KEYS */;

--
-- Table structure for table `qrtz_calendars`
--

DROP TABLE IF EXISTS `qrtz_calendars`;
/*!40101 SET @saved_cs_client     = @@character_set_client */;
/*!50503 SET character_set_client = utf8mb4 */;
CREATE TABLE `qrtz_calendars` (
  `sched_name` varchar(120) NOT NULL COMMENT '调度名称',
  `calendar_name` varchar(200) NOT NULL COMMENT '日历名称',
  `calendar` blob NOT NULL COMMENT '存放持久化calendar对象',
  PRIMARY KEY (`sched_name`,`calendar_name`)
) ENGINE=InnoDB DEFAULT CHARSET=utf8mb4 COLLATE=utf8mb4_0900_ai_ci COMMENT='日历信息表';
/*!40101 SET character_set_client = @saved_cs_client */;

--
-- Dumping data for table `qrtz_calendars`
--

/*!40000 ALTER TABLE `qrtz_calendars` DISABLE KEYS */;
/*!40000 ALTER TABLE `qrtz_calendars` ENABLE KEYS */;

--
-- Table structure for table `qrtz_cron_triggers`
--

DROP TABLE IF EXISTS `qrtz_cron_triggers`;
/*!40101 SET @saved_cs_client     = @@character_set_client */;
/*!50503 SET character_set_client = utf8mb4 */;
CREATE TABLE `qrtz_cron_triggers` (
  `sched_name` varchar(120) NOT NULL COMMENT '调度名称',
  `trigger_name` varchar(200) NOT NULL COMMENT 'qrtz_triggers表trigger_name的外键',
  `trigger_group` varchar(200) NOT NULL COMMENT 'qrtz_triggers表trigger_group的外键',
  `cron_expression` varchar(200) NOT NULL COMMENT 'cron表达式',
  `time_zone_id` varchar(80) DEFAULT NULL COMMENT '时区',
  PRIMARY KEY (`sched_name`,`trigger_name`,`trigger_group`),
  CONSTRAINT `qrtz_cron_triggers_ibfk_1` FOREIGN KEY (`sched_name`, `trigger_name`, `trigger_group`) REFERENCES `qrtz_triggers` (`sched_name`, `trigger_name`, `trigger_group`)
) ENGINE=InnoDB DEFAULT CHARSET=utf8mb4 COLLATE=utf8mb4_0900_ai_ci COMMENT='Cron类型的触发器表';
/*!40101 SET character_set_client = @saved_cs_client */;

--
-- Dumping data for table `qrtz_cron_triggers`
--

/*!40000 ALTER TABLE `qrtz_cron_triggers` DISABLE KEYS */;
/*!40000 ALTER TABLE `qrtz_cron_triggers` ENABLE KEYS */;

--
-- Table structure for table `qrtz_fired_triggers`
--

DROP TABLE IF EXISTS `qrtz_fired_triggers`;
/*!40101 SET @saved_cs_client     = @@character_set_client */;
/*!50503 SET character_set_client = utf8mb4 */;
CREATE TABLE `qrtz_fired_triggers` (
  `sched_name` varchar(120) NOT NULL COMMENT '调度名称',
  `entry_id` varchar(95) NOT NULL COMMENT '调度器实例id',
  `trigger_name` varchar(200) NOT NULL COMMENT 'qrtz_triggers表trigger_name的外键',
  `trigger_group` varchar(200) NOT NULL COMMENT 'qrtz_triggers表trigger_group的外键',
  `instance_name` varchar(200) NOT NULL COMMENT '调度器实例名',
  `fired_time` bigint NOT NULL COMMENT '触发的时间',
  `sched_time` bigint NOT NULL COMMENT '定时器制定的时间',
  `priority` int NOT NULL COMMENT '优先级',
  `state` varchar(16) NOT NULL COMMENT '状态',
  `job_name` varchar(200) DEFAULT NULL COMMENT '任务名称',
  `job_group` varchar(200) DEFAULT NULL COMMENT '任务组名',
  `is_nonconcurrent` varchar(1) DEFAULT NULL COMMENT '是否并发',
  `requests_recovery` varchar(1) DEFAULT NULL COMMENT '是否接受恢复执行',
  PRIMARY KEY (`sched_name`,`entry_id`)
) ENGINE=InnoDB DEFAULT CHARSET=utf8mb4 COLLATE=utf8mb4_0900_ai_ci COMMENT='已触发的触发器表';
/*!40101 SET character_set_client = @saved_cs_client */;

--
-- Dumping data for table `qrtz_fired_triggers`
--

/*!40000 ALTER TABLE `qrtz_fired_triggers` DISABLE KEYS */;
/*!40000 ALTER TABLE `qrtz_fired_triggers` ENABLE KEYS */;

--
-- Table structure for table `qrtz_job_details`
--

DROP TABLE IF EXISTS `qrtz_job_details`;
/*!40101 SET @saved_cs_client     = @@character_set_client */;
/*!50503 SET character_set_client = utf8mb4 */;
CREATE TABLE `qrtz_job_details` (
  `sched_name` varchar(120) NOT NULL COMMENT '调度名称',
  `job_name` varchar(200) NOT NULL COMMENT '任务名称',
  `job_group` varchar(200) NOT NULL COMMENT '任务组名',
  `description` varchar(250) DEFAULT NULL COMMENT '相关介绍',
  `job_class_name` varchar(250) NOT NULL COMMENT '执行任务类名称',
  `is_durable` varchar(1) NOT NULL COMMENT '是否持久化',
  `is_nonconcurrent` varchar(1) NOT NULL COMMENT '是否并发',
  `is_update_data` varchar(1) NOT NULL COMMENT '是否更新数据',
  `requests_recovery` varchar(1) NOT NULL COMMENT '是否接受恢复执行',
  `job_data` blob COMMENT '存放持久化job对象',
  PRIMARY KEY (`sched_name`,`job_name`,`job_group`)
) ENGINE=InnoDB DEFAULT CHARSET=utf8mb4 COLLATE=utf8mb4_0900_ai_ci COMMENT='任务详细信息表';
/*!40101 SET character_set_client = @saved_cs_client */;

--
-- Dumping data for table `qrtz_job_details`
--

/*!40000 ALTER TABLE `qrtz_job_details` DISABLE KEYS */;
/*!40000 ALTER TABLE `qrtz_job_details` ENABLE KEYS */;

--
-- Table structure for table `qrtz_locks`
--

DROP TABLE IF EXISTS `qrtz_locks`;
/*!40101 SET @saved_cs_client     = @@character_set_client */;
/*!50503 SET character_set_client = utf8mb4 */;
CREATE TABLE `qrtz_locks` (
  `sched_name` varchar(120) NOT NULL COMMENT '调度名称',
  `lock_name` varchar(40) NOT NULL COMMENT '悲观锁名称',
  PRIMARY KEY (`sched_name`,`lock_name`)
) ENGINE=InnoDB DEFAULT CHARSET=utf8mb4 COLLATE=utf8mb4_0900_ai_ci COMMENT='存储的悲观锁信息表';
/*!40101 SET character_set_client = @saved_cs_client */;

--
-- Dumping data for table `qrtz_locks`
--

/*!40000 ALTER TABLE `qrtz_locks` DISABLE KEYS */;
/*!40000 ALTER TABLE `qrtz_locks` ENABLE KEYS */;

--
-- Table structure for table `qrtz_paused_trigger_grps`
--

DROP TABLE IF EXISTS `qrtz_paused_trigger_grps`;
/*!40101 SET @saved_cs_client     = @@character_set_client */;
/*!50503 SET character_set_client = utf8mb4 */;
CREATE TABLE `qrtz_paused_trigger_grps` (
  `sched_name` varchar(120) NOT NULL COMMENT '调度名称',
  `trigger_group` varchar(200) NOT NULL COMMENT 'qrtz_triggers表trigger_group的外键',
  PRIMARY KEY (`sched_name`,`trigger_group`)
) ENGINE=InnoDB DEFAULT CHARSET=utf8mb4 COLLATE=utf8mb4_0900_ai_ci COMMENT='暂停的触发器表';
/*!40101 SET character_set_client = @saved_cs_client */;

--
-- Dumping data for table `qrtz_paused_trigger_grps`
--

/*!40000 ALTER TABLE `qrtz_paused_trigger_grps` DISABLE KEYS */;
/*!40000 ALTER TABLE `qrtz_paused_trigger_grps` ENABLE KEYS */;

--
-- Table structure for table `qrtz_scheduler_state`
--

DROP TABLE IF EXISTS `qrtz_scheduler_state`;
/*!40101 SET @saved_cs_client     = @@character_set_client */;
/*!50503 SET character_set_client = utf8mb4 */;
CREATE TABLE `qrtz_scheduler_state` (
  `sched_name` varchar(120) NOT NULL COMMENT '调度名称',
  `instance_name` varchar(200) NOT NULL COMMENT '实例名称',
  `last_checkin_time` bigint NOT NULL COMMENT '上次检查时间',
  `checkin_interval` bigint NOT NULL COMMENT '检查间隔时间',
  PRIMARY KEY (`sched_name`,`instance_name`)
) ENGINE=InnoDB DEFAULT CHARSET=utf8mb4 COLLATE=utf8mb4_0900_ai_ci COMMENT='调度器状态表';
/*!40101 SET character_set_client = @saved_cs_client */;

--
-- Dumping data for table `qrtz_scheduler_state`
--

/*!40000 ALTER TABLE `qrtz_scheduler_state` DISABLE KEYS */;
/*!40000 ALTER TABLE `qrtz_scheduler_state` ENABLE KEYS */;

--
-- Table structure for table `qrtz_simple_triggers`
--

DROP TABLE IF EXISTS `qrtz_simple_triggers`;
/*!40101 SET @saved_cs_client     = @@character_set_client */;
/*!50503 SET character_set_client = utf8mb4 */;
CREATE TABLE `qrtz_simple_triggers` (
  `sched_name` varchar(120) NOT NULL COMMENT '调度名称',
  `trigger_name` varchar(200) NOT NULL COMMENT 'qrtz_triggers表trigger_name的外键',
  `trigger_group` varchar(200) NOT NULL COMMENT 'qrtz_triggers表trigger_group的外键',
  `repeat_count` bigint NOT NULL COMMENT '重复的次数统计',
  `repeat_interval` bigint NOT NULL COMMENT '重复的间隔时间',
  `times_triggered` bigint NOT NULL COMMENT '已经触发的次数',
  PRIMARY KEY (`sched_name`,`trigger_name`,`trigger_group`),
  CONSTRAINT `qrtz_simple_triggers_ibfk_1` FOREIGN KEY (`sched_name`, `trigger_name`, `trigger_group`) REFERENCES `qrtz_triggers` (`sched_name`, `trigger_name`, `trigger_group`)
) ENGINE=InnoDB DEFAULT CHARSET=utf8mb4 COLLATE=utf8mb4_0900_ai_ci COMMENT='简单触发器的信息表';
/*!40101 SET character_set_client = @saved_cs_client */;

--
-- Dumping data for table `qrtz_simple_triggers`
--

/*!40000 ALTER TABLE `qrtz_simple_triggers` DISABLE KEYS */;
/*!40000 ALTER TABLE `qrtz_simple_triggers` ENABLE KEYS */;

--
-- Table structure for table `qrtz_simprop_triggers`
--

DROP TABLE IF EXISTS `qrtz_simprop_triggers`;
/*!40101 SET @saved_cs_client     = @@character_set_client */;
/*!50503 SET character_set_client = utf8mb4 */;
CREATE TABLE `qrtz_simprop_triggers` (
  `sched_name` varchar(120) NOT NULL COMMENT '调度名称',
  `trigger_name` varchar(200) NOT NULL COMMENT 'qrtz_triggers表trigger_name的外键',
  `trigger_group` varchar(200) NOT NULL COMMENT 'qrtz_triggers表trigger_group的外键',
  `str_prop_1` varchar(512) DEFAULT NULL COMMENT 'String类型的trigger的第一个参数',
  `str_prop_2` varchar(512) DEFAULT NULL COMMENT 'String类型的trigger的第二个参数',
  `str_prop_3` varchar(512) DEFAULT NULL COMMENT 'String类型的trigger的第三个参数',
  `int_prop_1` int DEFAULT NULL COMMENT 'int类型的trigger的第一个参数',
  `int_prop_2` int DEFAULT NULL COMMENT 'int类型的trigger的第二个参数',
  `long_prop_1` bigint DEFAULT NULL COMMENT 'long类型的trigger的第一个参数',
  `long_prop_2` bigint DEFAULT NULL COMMENT 'long类型的trigger的第二个参数',
  `dec_prop_1` decimal(13,4) DEFAULT NULL COMMENT 'decimal类型的trigger的第一个参数',
  `dec_prop_2` decimal(13,4) DEFAULT NULL COMMENT 'decimal类型的trigger的第二个参数',
  `bool_prop_1` varchar(1) DEFAULT NULL COMMENT 'Boolean类型的trigger的第一个参数',
  `bool_prop_2` varchar(1) DEFAULT NULL COMMENT 'Boolean类型的trigger的第二个参数',
  PRIMARY KEY (`sched_name`,`trigger_name`,`trigger_group`),
  CONSTRAINT `qrtz_simprop_triggers_ibfk_1` FOREIGN KEY (`sched_name`, `trigger_name`, `trigger_group`) REFERENCES `qrtz_triggers` (`sched_name`, `trigger_name`, `trigger_group`)
) ENGINE=InnoDB DEFAULT CHARSET=utf8mb4 COLLATE=utf8mb4_0900_ai_ci COMMENT='同步机制的行锁表';
/*!40101 SET character_set_client = @saved_cs_client */;

--
-- Dumping data for table `qrtz_simprop_triggers`
--

/*!40000 ALTER TABLE `qrtz_simprop_triggers` DISABLE KEYS */;
/*!40000 ALTER TABLE `qrtz_simprop_triggers` ENABLE KEYS */;

--
-- Table structure for table `qrtz_triggers`
--

DROP TABLE IF EXISTS `qrtz_triggers`;
/*!40101 SET @saved_cs_client     = @@character_set_client */;
/*!50503 SET character_set_client = utf8mb4 */;
CREATE TABLE `qrtz_triggers` (
  `sched_name` varchar(120) NOT NULL COMMENT '调度名称',
  `trigger_name` varchar(200) NOT NULL COMMENT '触发器的名字',
  `trigger_group` varchar(200) NOT NULL COMMENT '触发器所属组的名字',
  `job_name` varchar(200) NOT NULL COMMENT 'qrtz_job_details表job_name的外键',
  `job_group` varchar(200) NOT NULL COMMENT 'qrtz_job_details表job_group的外键',
  `description` varchar(250) DEFAULT NULL COMMENT '相关介绍',
  `next_fire_time` bigint DEFAULT NULL COMMENT '上一次触发时间（毫秒）',
  `prev_fire_time` bigint DEFAULT NULL COMMENT '下一次触发时间（默认为-1表示不触发）',
  `priority` int DEFAULT NULL COMMENT '优先级',
  `trigger_state` varchar(16) NOT NULL COMMENT '触发器状态',
  `trigger_type` varchar(8) NOT NULL COMMENT '触发器的类型',
  `start_time` bigint NOT NULL COMMENT '开始时间',
  `end_time` bigint DEFAULT NULL COMMENT '结束时间',
  `calendar_name` varchar(200) DEFAULT NULL COMMENT '日程表名称',
  `misfire_instr` smallint DEFAULT NULL COMMENT '补偿执行的策略',
  `job_data` blob COMMENT '存放持久化job对象',
  PRIMARY KEY (`sched_name`,`trigger_name`,`trigger_group`),
  KEY `sched_name` (`sched_name`,`job_name`,`job_group`),
  CONSTRAINT `qrtz_triggers_ibfk_1` FOREIGN KEY (`sched_name`, `job_name`, `job_group`) REFERENCES `qrtz_job_details` (`sched_name`, `job_name`, `job_group`)
) ENGINE=InnoDB DEFAULT CHARSET=utf8mb4 COLLATE=utf8mb4_0900_ai_ci COMMENT='触发器详细信息表';
/*!40101 SET character_set_client = @saved_cs_client */;

--
-- Dumping data for table `qrtz_triggers`
--

/*!40000 ALTER TABLE `qrtz_triggers` DISABLE KEYS */;
/*!40000 ALTER TABLE `qrtz_triggers` ENABLE KEYS */;

--
-- Table structure for table `stu_class`
--

DROP TABLE IF EXISTS `stu_class`;
/*!40101 SET @saved_cs_client     = @@character_set_client */;
/*!50503 SET character_set_client = utf8mb4 */;
CREATE TABLE `stu_class` (
  `class_id` int NOT NULL AUTO_INCREMENT COMMENT '开课标识',
  `semester` varchar(30) NOT NULL COMMENT '学期',
  `course_id` varchar(20) NOT NULL COMMENT '课号',
  `class_section` varchar(20) DEFAULT NULL COMMENT '班级号/教学班',
  `staff_id` varchar(20) NOT NULL COMMENT '工号',
  `capacity` int DEFAULT '60' COMMENT '课程容量',
  `selected_num` int DEFAULT '0' COMMENT '已选人数',
  `week_start` tinyint DEFAULT '1' COMMENT '起始周 (如: 1)',
  `week_end` tinyint DEFAULT '16' COMMENT '结束周 (如: 16)',
  `week_type` tinyint DEFAULT '0' COMMENT '周类型 (0:每周, 1:单周, 2:双周)',
  `day_of_week` tinyint DEFAULT NULL COMMENT '星期几 (1-7)',
  `lesson_start` tinyint DEFAULT NULL COMMENT '起始节次 (1-12)',
  `lesson_end` tinyint DEFAULT NULL COMMENT '结束节次 (1-12)',
  `classroom_id` varchar(50) DEFAULT NULL COMMENT '教室标识',
  `status` varchar(20) DEFAULT '选课中' COMMENT '状态',
  `is_primary` tinyint(1) DEFAULT '1' COMMENT '是否为主课时(1是, 0追加)',
  PRIMARY KEY (`class_id`),
  UNIQUE KEY `uk_class_new` (`semester`,`course_id`,`staff_id`,`day_of_week`,`lesson_start`)
) ENGINE=InnoDB AUTO_INCREMENT=87 DEFAULT CHARSET=utf8mb4 COLLATE=utf8mb4_0900_ai_ci COMMENT='开课表';
/*!40101 SET character_set_client = @saved_cs_client */;

--
-- Dumping data for table `stu_class`
--

/*!40000 ALTER TABLE `stu_class` DISABLE KEYS */;
INSERT INTO `stu_class` VALUES (76,'2025秋','C001','02班','0102',2,1,NULL,NULL,NULL,1,1,2,'102','选课中',1),(81,'2025秋','C001','03班','0101',1,1,NULL,NULL,NULL,1,3,4,'101','选课中',1),(84,'2025秋','C001','04班','0101',1,2,1,16,0,4,5,6,'707','选课中',1),(85,'2025秋','C001','04班','0101',1,0,1,16,0,5,1,2,NULL,'选课中',0),(86,'2025秋','C001','02班','0102',2,0,1,16,0,3,1,2,NULL,'选课中',0);
/*!40000 ALTER TABLE `stu_class` ENABLE KEYS */;

--
-- Table structure for table `stu_classroom`
--

DROP TABLE IF EXISTS `stu_classroom`;
/*!40101 SET @saved_cs_client     = @@character_set_client */;
/*!50503 SET character_set_client = utf8mb4 */;
CREATE TABLE `stu_classroom` (
  `classroom_id` int NOT NULL AUTO_INCREMENT,
  `room_name` varchar(10) NOT NULL COMMENT '教室号 (如101, 1002)',
  PRIMARY KEY (`classroom_id`)
) ENGINE=InnoDB AUTO_INCREMENT=128 DEFAULT CHARSET=utf8mb4 COLLATE=utf8mb4_0900_ai_ci;
/*!40101 SET character_set_client = @saved_cs_client */;

--
-- Dumping data for table `stu_classroom`
--

/*!40000 ALTER TABLE `stu_classroom` DISABLE KEYS */;
INSERT INTO `stu_classroom` VALUES (1,'1001'),(2,'901'),(3,'801'),(4,'701'),(5,'601'),(6,'501'),(7,'401'),(8,'301'),(9,'201'),(10,'101'),(11,'1002'),(12,'902'),(13,'802'),(14,'702'),(15,'602'),(16,'502'),(17,'402'),(18,'302'),(19,'202'),(20,'102'),(21,'1003'),(22,'903'),(23,'803'),(24,'703'),(25,'603'),(26,'503'),(27,'403'),(28,'303'),(29,'203'),(30,'103'),(31,'1004'),(32,'904'),(33,'804'),(34,'704'),(35,'604'),(36,'504'),(37,'404'),(38,'304'),(39,'204'),(40,'104'),(41,'1005'),(42,'905'),(43,'805'),(44,'705'),(45,'605'),(46,'505'),(47,'405'),(48,'305'),(49,'205'),(50,'105'),(51,'1006'),(52,'906'),(53,'806'),(54,'706'),(55,'606'),(56,'506'),(57,'406'),(58,'306'),(59,'206'),(60,'106'),(61,'1007'),(62,'907'),(63,'807'),(64,'707'),(65,'607'),(66,'507'),(67,'407'),(68,'307'),(69,'207'),(70,'107'),(71,'1008'),(72,'908'),(73,'808'),(74,'708'),(75,'608'),(76,'508'),(77,'408'),(78,'308'),(79,'208'),(80,'108'),(81,'1009'),(82,'909'),(83,'809'),(84,'709'),(85,'609'),(86,'509'),(87,'409'),(88,'309'),(89,'209'),(90,'109'),(91,'1010'),(92,'910'),(93,'810'),(94,'710'),(95,'610'),(96,'510'),(97,'410'),(98,'310'),(99,'210'),(100,'110');
/*!40000 ALTER TABLE `stu_classroom` ENABLE KEYS */;

--
-- Table structure for table `stu_course`
--

DROP TABLE IF EXISTS `stu_course`;
/*!40101 SET @saved_cs_client     = @@character_set_client */;
/*!50503 SET character_set_client = utf8mb4 */;
CREATE TABLE `stu_course` (
  `course_id` varchar(30) NOT NULL COMMENT '课号',
  `course_name` varchar(100) NOT NULL COMMENT '课名',
  `credit` int DEFAULT '0' COMMENT '学分',
  `credit_hours` int DEFAULT '0' COMMENT '学时',
  `dept_id` varchar(30) DEFAULT NULL COMMENT '院系号',
  `create_time` datetime DEFAULT CURRENT_TIMESTAMP,
  PRIMARY KEY (`course_id`)
) ENGINE=InnoDB DEFAULT CHARSET=utf8mb4 COLLATE=utf8mb4_0900_ai_ci COMMENT='课程表';
/*!40101 SET character_set_client = @saved_cs_client */;

--
-- Dumping data for table `stu_course`
--

/*!40000 ALTER TABLE `stu_course` DISABLE KEYS */;
INSERT INTO `stu_course` VALUES ('C001','高等数学Ⅰ',4,64,'MATH','2026-01-03 02:01:50'),('C002','高等数学Ⅱ',4,64,'MATH','2026-01-03 02:01:50'),('C003','线性代数',3,48,'MATH','2026-01-03 02:01:50'),('C004','概率论与数理统计',3,48,'MATH','2026-01-03 02:01:50'),('C005','大学物理',4,64,'PHYS','2026-01-03 02:01:50'),('C006','电磁学',3,48,'PHYS','2026-01-03 02:01:50'),('C007','计算机导论',2,32,'CS','2026-01-03 02:01:50'),('C008','程序设计基础（C）',4,64,'CS','2026-01-03 02:01:50'),('C009','面向对象程序设计（Java）',4,64,'CS','2026-01-03 02:01:50'),('C010','数据结构',4,64,'CS','2026-01-03 02:01:50'),('C011','操作系统',3,48,'CS','2026-01-03 02:01:50'),('C012','数据库系统原理',3,48,'CS','2026-01-03 02:01:50'),('C013','计算机网络',3,48,'CS','2026-01-03 02:01:50'),('C014','软件工程',2,32,'CS','2026-01-03 02:01:50'),('C015','离散数学',3,48,'CS','2026-01-03 02:01:50'),('C016','数字图像处理',3,48,'EE','2026-01-03 02:01:50'),('C017','模拟电子技术',3,48,'EE','2026-01-03 02:01:50'),('C018','信号与系统',3,48,'EE','2026-01-03 02:01:50'),('C019','嵌入式系统概论',2,32,'EE','2026-01-03 02:01:50'),('C020','工程制图',1,16,'ENG','2026-01-03 02:01:50'),('C021','大学英语Ⅰ',2,32,'LANG','2026-01-03 02:01:50'),('C022','大学英语Ⅱ',2,32,'LANG','2026-01-03 02:01:50'),('C023','体育（任选）',1,16,'PE','2026-01-03 02:01:50'),('C024','马克思主义基本原理',2,32,'SOC','2026-01-03 02:01:50'),('C025','思想道德修养与法律基础',2,32,'SOC','2026-01-03 02:01:50'),('C026','线性代数应用',2,32,'MATH','2026-01-03 02:01:50'),('C027','高级程序设计（C++）',4,64,'CS','2026-01-03 02:01:50'),('C028','机器学习导论',3,48,'CS','2026-01-03 02:01:50'),('C029','人工智能基础',3,48,'CS','2026-01-03 02:01:50'),('C030','现代软件架构',3,48,'CS','2026-01-03 02:01:50');
/*!40000 ALTER TABLE `stu_course` ENABLE KEYS */;

--
-- Table structure for table `stu_department`
--

DROP TABLE IF EXISTS `stu_department`;
/*!40101 SET @saved_cs_client     = @@character_set_client */;
/*!50503 SET character_set_client = utf8mb4 */;
CREATE TABLE `stu_department` (
  `dept_id` varchar(20) NOT NULL COMMENT '院系号',
  `dept_name` varchar(50) NOT NULL COMMENT '名称',
  `address` varchar(100) DEFAULT NULL COMMENT '地址',
  `phone_code` varchar(20) DEFAULT NULL COMMENT '联系电话',
  PRIMARY KEY (`dept_id`)
) ENGINE=InnoDB DEFAULT CHARSET=utf8mb4 COLLATE=utf8mb4_0900_ai_ci COMMENT='院系表';
/*!40101 SET character_set_client = @saved_cs_client */;

--
-- Dumping data for table `stu_department`
--

/*!40000 ALTER TABLE `stu_department` DISABLE KEYS */;
INSERT INTO `stu_department` VALUES ('01','计算机学院',NULL,NULL),('02','机械学院',NULL,NULL);
/*!40000 ALTER TABLE `stu_department` ENABLE KEYS */;

--
-- Table structure for table `stu_selection`
--

DROP TABLE IF EXISTS `stu_selection`;
/*!40101 SET @saved_cs_client     = @@character_set_client */;
/*!50503 SET character_set_client = utf8mb4 */;
CREATE TABLE `stu_selection` (
  `selection_id` int NOT NULL AUTO_INCREMENT COMMENT '选课记录ID',
  `student_id` varchar(20) NOT NULL COMMENT '学号',
  `class_id` int NOT NULL COMMENT '开课ID',
  `normal_score` decimal(5,2) DEFAULT NULL COMMENT '平时成绩',
  `test_score` decimal(5,2) DEFAULT NULL COMMENT '考试成绩',
  `total_score` decimal(5,2) DEFAULT NULL COMMENT '总评成绩',
  PRIMARY KEY (`selection_id`)
) ENGINE=InnoDB AUTO_INCREMENT=109 DEFAULT CHARSET=utf8mb4 COLLATE=utf8mb4_0900_ai_ci COMMENT='选课成绩表';
/*!40101 SET character_set_client = @saved_cs_client */;

--
-- Dumping data for table `stu_selection`
--

/*!40000 ALTER TABLE `stu_selection` DISABLE KEYS */;
INSERT INTO `stu_selection` VALUES (100,'23121466',81,10.00,30.00,22.00),(104,'23121466',76,36.00,100.00,74.00),(106,'23121466',84,100.00,90.00,96.00),(108,'admin',84,40.00,20.00,32.00);
/*!40000 ALTER TABLE `stu_selection` ENABLE KEYS */;
/*!50003 SET @saved_cs_client      = @@character_set_client */ ;
/*!50003 SET @saved_cs_results     = @@character_set_results */ ;
/*!50003 SET @saved_col_connection = @@collation_connection */ ;
/*!50003 SET character_set_client  = utf8mb4 */ ;
/*!50003 SET character_set_results = utf8mb4 */ ;
/*!50003 SET collation_connection  = utf8mb4_0900_ai_ci */ ;
/*!50003 SET @saved_sql_mode       = @@sql_mode */ ;
/*!50003 SET sql_mode              = 'ONLY_FULL_GROUP_BY,STRICT_TRANS_TABLES,NO_ZERO_IN_DATE,NO_ZERO_DATE,ERROR_FOR_DIVISION_BY_ZERO,NO_ENGINE_SUBSTITUTION' */ ;
DELIMITER ;;
/*!50003 CREATE*/ /*!50017 DEFINER=`root`@`localhost`*/ /*!50003 TRIGGER `trg_selection_insert` AFTER INSERT ON `stu_selection` FOR EACH ROW BEGIN
    UPDATE stu_class SET selected_num = selected_num + 1 WHERE class_id = NEW.class_id;
END */;;
DELIMITER ;
/*!50003 SET sql_mode              = @saved_sql_mode */ ;
/*!50003 SET character_set_client  = @saved_cs_client */ ;
/*!50003 SET character_set_results = @saved_cs_results */ ;
/*!50003 SET collation_connection  = @saved_col_connection */ ;
/*!50003 SET @saved_cs_client      = @@character_set_client */ ;
/*!50003 SET @saved_cs_results     = @@character_set_results */ ;
/*!50003 SET @saved_col_connection = @@collation_connection */ ;
/*!50003 SET character_set_client  = utf8mb4 */ ;
/*!50003 SET character_set_results = utf8mb4 */ ;
/*!50003 SET collation_connection  = utf8mb4_0900_ai_ci */ ;
/*!50003 SET @saved_sql_mode       = @@sql_mode */ ;
/*!50003 SET sql_mode              = 'ONLY_FULL_GROUP_BY,STRICT_TRANS_TABLES,NO_ZERO_IN_DATE,NO_ZERO_DATE,ERROR_FOR_DIVISION_BY_ZERO,NO_ENGINE_SUBSTITUTION' */ ;
DELIMITER ;;
/*!50003 CREATE*/ /*!50017 DEFINER=`root`@`localhost`*/ /*!50003 TRIGGER `trg_selection_delete` AFTER DELETE ON `stu_selection` FOR EACH ROW BEGIN
    UPDATE stu_class SET selected_num = selected_num - 1 WHERE class_id = OLD.class_id;
END */;;
DELIMITER ;
/*!50003 SET sql_mode              = @saved_sql_mode */ ;
/*!50003 SET character_set_client  = @saved_cs_client */ ;
/*!50003 SET character_set_results = @saved_cs_results */ ;
/*!50003 SET collation_connection  = @saved_col_connection */ ;

--
-- Table structure for table `stu_student`
--

DROP TABLE IF EXISTS `stu_student`;
/*!40101 SET @saved_cs_client     = @@character_set_client */;
/*!50503 SET character_set_client = utf8mb4 */;
CREATE TABLE `stu_student` (
  `student_id` varchar(20) NOT NULL COMMENT '学号',
  `name` varchar(30) NOT NULL COMMENT '姓名',
  `sex` char(1) DEFAULT '0' COMMENT '性别',
  `date_of_birth` date DEFAULT NULL COMMENT '出生日期',
  `native_place` varchar(50) DEFAULT NULL COMMENT '籍贯',
  `mobile_phone` varchar(15) DEFAULT NULL COMMENT '手机号',
  `dept_id` varchar(20) DEFAULT NULL COMMENT '院系号',
  `user_id` bigint DEFAULT NULL,
  PRIMARY KEY (`student_id`)
) ENGINE=InnoDB DEFAULT CHARSET=utf8mb4 COLLATE=utf8mb4_0900_ai_ci COMMENT='学生表';
/*!40101 SET character_set_client = @saved_cs_client */;

--
-- Dumping data for table `stu_student`
--

/*!40000 ALTER TABLE `stu_student` DISABLE KEYS */;
INSERT INTO `stu_student` VALUES ('23121466','张浩然','0',NULL,NULL,NULL,NULL,104),('23121467','石磊','0','2025-12-23','安徽','12345678','02',107),('S2025001','测试学生1','0',NULL,NULL,NULL,'1',108),('S2025002','测试学生2','1',NULL,NULL,NULL,'1',109),('S2025003','测试学生3','0',NULL,NULL,NULL,'1',110),('S2025004','测试学生4','1',NULL,NULL,NULL,'1',111),('S2025005','测试学生5','0',NULL,NULL,NULL,'1',112),('S2025006','测试学生6','1',NULL,NULL,NULL,'1',113),('S2025007','测试学生7','0',NULL,NULL,NULL,'1',114),('S2025008','测试学生8','1',NULL,NULL,NULL,'1',115),('S2025009','测试学生9','0',NULL,NULL,NULL,'1',116),('S2025010','测试学生10','1',NULL,NULL,NULL,'1',117),('S2025011','测试学生11','0',NULL,NULL,NULL,'1',118),('S2025012','测试学生12','1',NULL,NULL,NULL,'1',119),('S2025013','测试学生13','0',NULL,NULL,NULL,'1',120),('S2025014','测试学生14','1',NULL,NULL,NULL,'1',121),('S2025015','测试学生15','0',NULL,NULL,NULL,'1',122),('S2025016','测试学生16','1',NULL,NULL,NULL,'1',123),('S2025017','测试学生17','0',NULL,NULL,NULL,'1',124),('S2025018','测试学生18','1',NULL,NULL,NULL,'1',125),('S2025019','测试学生19','0',NULL,NULL,NULL,'1',126),('S2025020','测试学生20','1',NULL,NULL,NULL,'1',127),('S2025021','测试学生21','0',NULL,NULL,NULL,'1',128),('S2025022','测试学生22','1',NULL,NULL,NULL,'1',129),('S2025023','测试学生23','0',NULL,NULL,NULL,'1',130),('S2025024','测试学生24','1',NULL,NULL,NULL,'1',131),('S2025025','测试学生25','0',NULL,NULL,NULL,'1',132),('S2025026','测试学生26','1',NULL,NULL,NULL,'1',133),('S2025027','测试学生27','0',NULL,NULL,NULL,'1',134),('S2025028','测试学生28','1',NULL,NULL,NULL,'1',135),('S2025029','测试学生29','0',NULL,NULL,NULL,'1',136),('S2025030','测试学生30','1',NULL,NULL,NULL,'1',137),('S2025031','测试学生31','0',NULL,NULL,NULL,'1',138),('S2025032','测试学生32','1',NULL,NULL,NULL,'1',139),('S2025033','测试学生33','0',NULL,NULL,NULL,'1',140),('S2025034','测试学生34','1',NULL,NULL,NULL,'1',141),('S2025035','测试学生35','0',NULL,NULL,NULL,'1',142),('S2025036','测试学生36','1',NULL,NULL,NULL,'1',143),('S2025037','测试学生37','0',NULL,NULL,NULL,'1',144),('S2025038','测试学生38','1',NULL,NULL,NULL,'1',145),('S2025039','测试学生39','0',NULL,NULL,NULL,'1',146),('S2025040','测试学生40','1',NULL,NULL,NULL,'1',147),('S2025041','测试学生41','0',NULL,NULL,NULL,'1',148),('S2025042','测试学生42','1',NULL,NULL,NULL,'1',149),('S2025043','测试学生43','0',NULL,NULL,NULL,'1',150),('S2025044','测试学生44','1',NULL,NULL,NULL,'1',151),('S2025045','测试学生45','0',NULL,NULL,NULL,'1',152),('S2025046','测试学生46','1',NULL,NULL,NULL,'1',153),('S2025047','测试学生47','0',NULL,NULL,NULL,'1',154),('S2025048','测试学生48','1',NULL,NULL,NULL,'1',155),('S2025049','测试学生49','0',NULL,NULL,NULL,'1',156),('S2025050','测试学生50','1',NULL,NULL,NULL,'1',157),('S2025051','测试学生51','0',NULL,NULL,NULL,'1',158),('S2025052','测试学生52','1',NULL,NULL,NULL,'1',159),('S2025053','测试学生53','0',NULL,NULL,NULL,'1',160),('S2025054','测试学生54','1',NULL,NULL,NULL,'1',161),('S2025055','测试学生55','0',NULL,NULL,NULL,'1',162),('S2025056','测试学生56','1',NULL,NULL,NULL,'1',163),('S2025057','测试学生57','0',NULL,NULL,NULL,'1',164),('S2025058','测试学生58','1',NULL,NULL,NULL,'1',165),('S2025059','测试学生59','0',NULL,NULL,NULL,'1',166),('S2025060','测试学生60','1',NULL,NULL,NULL,'1',167),('S2025061','测试学生61','0',NULL,NULL,NULL,'1',168),('S2025062','测试学生62','1',NULL,NULL,NULL,'1',169),('S2025063','测试学生63','0',NULL,NULL,NULL,'1',170),('S2025064','测试学生64','1',NULL,NULL,NULL,'1',171),('S2025065','测试学生65','0',NULL,NULL,NULL,'1',172),('S2025066','测试学生66','1',NULL,NULL,NULL,'1',173),('S2025067','测试学生67','0',NULL,NULL,NULL,'1',174),('S2025068','测试学生68','1',NULL,NULL,NULL,'1',175),('S2025069','测试学生69','0',NULL,NULL,NULL,'1',176),('S2025070','测试学生70','1',NULL,NULL,NULL,'1',177),('S2025071','测试学生71','0',NULL,NULL,NULL,'1',178),('S2025072','测试学生72','1',NULL,NULL,NULL,'1',179),('S2025073','测试学生73','0',NULL,NULL,NULL,'1',180),('S2025074','测试学生74','1',NULL,NULL,NULL,'1',181),('S2025075','测试学生75','0',NULL,NULL,NULL,'1',182),('S2025076','测试学生76','1',NULL,NULL,NULL,'1',183),('S2025077','测试学生77','0',NULL,NULL,NULL,'1',184),('S2025078','测试学生78','1',NULL,NULL,NULL,'1',185),('S2025079','测试学生79','0',NULL,NULL,NULL,'1',186),('S2025080','测试学生80','1',NULL,NULL,NULL,'1',187),('S2025081','测试学生81','0',NULL,NULL,NULL,'1',188),('S2025082','测试学生82','1',NULL,NULL,NULL,'1',189),('S2025083','测试学生83','0',NULL,NULL,NULL,'1',190),('S2025084','测试学生84','1',NULL,NULL,NULL,'1',191),('S2025085','测试学生85','0',NULL,NULL,NULL,'1',192),('S2025086','测试学生86','1',NULL,NULL,NULL,'1',193),('S2025087','测试学生87','0',NULL,NULL,NULL,'1',194),('S2025088','测试学生88','1',NULL,NULL,NULL,'1',195),('S2025089','测试学生89','0',NULL,NULL,NULL,'1',196),('S2025090','测试学生90','1',NULL,NULL,NULL,'1',197),('S2025091','测试学生91','0',NULL,NULL,NULL,'1',198),('S2025092','测试学生92','1',NULL,NULL,NULL,'1',199),('S2025093','测试学生93','0',NULL,NULL,NULL,'1',200),('S2025094','测试学生94','1',NULL,NULL,NULL,'1',201),('S2025095','测试学生95','0',NULL,NULL,NULL,'1',202),('S2025096','测试学生96','1',NULL,NULL,NULL,'1',203),('S2025097','测试学生97','0',NULL,NULL,NULL,'1',204),('S2025098','测试学生98','1',NULL,NULL,NULL,'1',205),('S2025099','测试学生99','0',NULL,NULL,NULL,'1',206),('S2025100','测试学生100','1',NULL,NULL,NULL,'1',207);
/*!40000 ALTER TABLE `stu_student` ENABLE KEYS */;

--
-- Table structure for table `stu_teacher`
--

DROP TABLE IF EXISTS `stu_teacher`;
/*!40101 SET @saved_cs_client     = @@character_set_client */;
/*!50503 SET character_set_client = utf8mb4 */;
CREATE TABLE `stu_teacher` (
  `staff_id` varchar(20) NOT NULL COMMENT '工号',
  `name` varchar(30) NOT NULL COMMENT '姓名',
  `sex` char(1) DEFAULT '0' COMMENT '性别（0男 1女 ）',
  `date_of_birth` date DEFAULT NULL COMMENT '出生日期',
  `professional_ranks` varchar(20) DEFAULT NULL COMMENT '职称',
  `salary` decimal(10,2) DEFAULT '0.00' COMMENT '基本工资',
  `dept_id` varchar(20) DEFAULT NULL COMMENT '院系号',
  `user_id` bigint DEFAULT NULL COMMENT '关联系统用户ID',
  PRIMARY KEY (`staff_id`)
) ENGINE=InnoDB DEFAULT CHARSET=utf8mb4 COLLATE=utf8mb4_0900_ai_ci COMMENT='教师表';
/*!40101 SET character_set_client = @saved_cs_client */;

--
-- Dumping data for table `stu_teacher`
--

/*!40000 ALTER TABLE `stu_teacher` DISABLE KEYS */;
INSERT INTO `stu_teacher` VALUES ('0101','宋波','0',NULL,'讲师',0.00,'01',103),('0102','沈俊','0',NULL,'讲师',0.00,'01',105),('0103','许庆国','0',NULL,'讲师',0.00,'01',106),('0104','李睿鸣','1',NULL,'教授',123456.00,'02',208);
/*!40000 ALTER TABLE `stu_teacher` ENABLE KEYS */;

--
-- Table structure for table `sys_config`
--

DROP TABLE IF EXISTS `sys_config`;
/*!40101 SET @saved_cs_client     = @@character_set_client */;
/*!50503 SET character_set_client = utf8mb4 */;
CREATE TABLE `sys_config` (
  `config_id` int NOT NULL AUTO_INCREMENT COMMENT '参数主键',
  `config_name` varchar(100) DEFAULT '' COMMENT '参数名称',
  `config_key` varchar(100) DEFAULT '' COMMENT '参数键名',
  `config_value` varchar(500) DEFAULT '' COMMENT '参数键值',
  `config_type` char(1) DEFAULT 'N' COMMENT '系统内置（Y是 N否）',
  `create_by` varchar(64) DEFAULT '' COMMENT '创建者',
  `create_time` datetime DEFAULT NULL COMMENT '创建时间',
  `update_by` varchar(64) DEFAULT '' COMMENT '更新者',
  `update_time` datetime DEFAULT NULL COMMENT '更新时间',
  `remark` varchar(500) DEFAULT NULL COMMENT '备注',
  PRIMARY KEY (`config_id`)
) ENGINE=InnoDB AUTO_INCREMENT=100 DEFAULT CHARSET=utf8mb4 COLLATE=utf8mb4_0900_ai_ci COMMENT='参数配置表';
/*!40101 SET character_set_client = @saved_cs_client */;

--
-- Dumping data for table `sys_config`
--

/*!40000 ALTER TABLE `sys_config` DISABLE KEYS */;
INSERT INTO `sys_config` VALUES (1,'主框架页-默认皮肤样式名称','sys.index.skinName','skin-blue','Y','admin','2025-12-24 22:41:26','',NULL,'蓝色 skin-blue、绿色 skin-green、紫色 skin-purple、红色 skin-red、黄色 skin-yellow'),(2,'用户管理-账号初始密码','sys.user.initPassword','123456','Y','admin','2025-12-24 22:41:26','',NULL,'初始化密码 123456'),(3,'主框架页-侧边栏主题','sys.index.sideTheme','theme-dark','Y','admin','2025-12-24 22:41:26','',NULL,'深色主题theme-dark，浅色主题theme-light'),(4,'账号自助-验证码开关','sys.account.captchaEnabled','true','Y','admin','2025-12-24 22:41:26','',NULL,'是否开启验证码功能（true开启，false关闭）'),(5,'账号自助-是否开启用户注册功能','sys.account.registerUser','false','Y','admin','2025-12-24 22:41:26','',NULL,'是否开启注册用户功能（true开启，false关闭）'),(6,'用户登录-黑名单列表','sys.login.blackIPList','','Y','admin','2025-12-24 22:41:26','',NULL,'设置登录IP黑名单限制，多个匹配项以;分隔，支持匹配（*通配、网段）'),(7,'用户管理-初始密码修改策略','sys.account.initPasswordModify','1','Y','admin','2025-12-24 22:41:26','',NULL,'0：初始密码修改策略关闭，没有任何提示，1：提醒用户，如果未修改初始密码，则在登录时就会提醒修改密码对话框'),(8,'用户管理-账号密码更新周期','sys.account.passwordValidateDays','0','Y','admin','2025-12-24 22:41:26','',NULL,'密码更新周期（填写数字，数据初始化值为0不限制，若修改必须为大于0小于365的正整数），如果超过这个周期登录系统时，则在登录时就会提醒修改密码对话框');
/*!40000 ALTER TABLE `sys_config` ENABLE KEYS */;

--
-- Table structure for table `sys_dept`
--

DROP TABLE IF EXISTS `sys_dept`;
/*!40101 SET @saved_cs_client     = @@character_set_client */;
/*!50503 SET character_set_client = utf8mb4 */;
CREATE TABLE `sys_dept` (
  `dept_id` bigint NOT NULL AUTO_INCREMENT COMMENT '部门id',
  `parent_id` bigint DEFAULT '0' COMMENT '父部门id',
  `ancestors` varchar(50) DEFAULT '' COMMENT '祖级列表',
  `dept_name` varchar(30) DEFAULT '' COMMENT '部门名称',
  `order_num` int DEFAULT '0' COMMENT '显示顺序',
  `leader` varchar(20) DEFAULT NULL COMMENT '负责人',
  `phone` varchar(11) DEFAULT NULL COMMENT '联系电话',
  `email` varchar(50) DEFAULT NULL COMMENT '邮箱',
  `status` char(1) DEFAULT '0' COMMENT '部门状态（0正常 1停用）',
  `del_flag` char(1) DEFAULT '0' COMMENT '删除标志（0代表存在 2代表删除）',
  `create_by` varchar(64) DEFAULT '' COMMENT '创建者',
  `create_time` datetime DEFAULT NULL COMMENT '创建时间',
  `update_by` varchar(64) DEFAULT '' COMMENT '更新者',
  `update_time` datetime DEFAULT NULL COMMENT '更新时间',
  PRIMARY KEY (`dept_id`)
) ENGINE=InnoDB AUTO_INCREMENT=200 DEFAULT CHARSET=utf8mb4 COLLATE=utf8mb4_0900_ai_ci COMMENT='部门表';
/*!40101 SET character_set_client = @saved_cs_client */;

--
-- Dumping data for table `sys_dept`
--

/*!40000 ALTER TABLE `sys_dept` DISABLE KEYS */;
INSERT INTO `sys_dept` VALUES (100,0,'0','若依科技',0,'若依','15888888888','ry@qq.com','0','0','admin','2025-12-24 22:41:25','',NULL),(101,100,'0,100','深圳总公司',1,'若依','15888888888','ry@qq.com','0','0','admin','2025-12-24 22:41:25','',NULL),(102,100,'0,100','长沙分公司',2,'若依','15888888888','ry@qq.com','0','0','admin','2025-12-24 22:41:25','',NULL),(103,101,'0,100,101','研发部门',1,'若依','15888888888','ry@qq.com','0','0','admin','2025-12-24 22:41:25','',NULL),(104,101,'0,100,101','市场部门',2,'若依','15888888888','ry@qq.com','0','0','admin','2025-12-24 22:41:25','',NULL),(105,101,'0,100,101','测试部门',3,'若依','15888888888','ry@qq.com','0','0','admin','2025-12-24 22:41:25','',NULL),(106,101,'0,100,101','财务部门',4,'若依','15888888888','ry@qq.com','0','0','admin','2025-12-24 22:41:25','',NULL),(107,101,'0,100,101','运维部门',5,'若依','15888888888','ry@qq.com','0','0','admin','2025-12-24 22:41:25','',NULL),(108,102,'0,100,102','市场部门',1,'若依','15888888888','ry@qq.com','0','0','admin','2025-12-24 22:41:25','',NULL),(109,102,'0,100,102','财务部门',2,'若依','15888888888','ry@qq.com','0','0','admin','2025-12-24 22:41:25','',NULL);
/*!40000 ALTER TABLE `sys_dept` ENABLE KEYS */;

--
-- Table structure for table `sys_dict_data`
--

DROP TABLE IF EXISTS `sys_dict_data`;
/*!40101 SET @saved_cs_client     = @@character_set_client */;
/*!50503 SET character_set_client = utf8mb4 */;
CREATE TABLE `sys_dict_data` (
  `dict_code` bigint NOT NULL AUTO_INCREMENT COMMENT '字典编码',
  `dict_sort` int DEFAULT '0' COMMENT '字典排序',
  `dict_label` varchar(100) DEFAULT '' COMMENT '字典标签',
  `dict_value` varchar(100) DEFAULT '' COMMENT '字典键值',
  `dict_type` varchar(100) DEFAULT '' COMMENT '字典类型',
  `css_class` varchar(100) DEFAULT NULL COMMENT '样式属性（其他样式扩展）',
  `list_class` varchar(100) DEFAULT NULL COMMENT '表格回显样式',
  `is_default` char(1) DEFAULT 'N' COMMENT '是否默认（Y是 N否）',
  `status` char(1) DEFAULT '0' COMMENT '状态（0正常 1停用）',
  `create_by` varchar(64) DEFAULT '' COMMENT '创建者',
  `create_time` datetime DEFAULT NULL COMMENT '创建时间',
  `update_by` varchar(64) DEFAULT '' COMMENT '更新者',
  `update_time` datetime DEFAULT NULL COMMENT '更新时间',
  `remark` varchar(500) DEFAULT NULL COMMENT '备注',
  PRIMARY KEY (`dict_code`)
) ENGINE=InnoDB AUTO_INCREMENT=1002 DEFAULT CHARSET=utf8mb4 COLLATE=utf8mb4_0900_ai_ci COMMENT='字典数据表';
/*!40101 SET character_set_client = @saved_cs_client */;

--
-- Dumping data for table `sys_dict_data`
--

/*!40000 ALTER TABLE `sys_dict_data` DISABLE KEYS */;
INSERT INTO `sys_dict_data` VALUES (1,1,'男','0','sys_user_sex','','','Y','0','admin','2025-12-24 22:41:26','',NULL,'性别男'),(2,2,'女','1','sys_user_sex','','','N','0','admin','2025-12-24 22:41:26','',NULL,'性别女'),(3,3,'未知','2','sys_user_sex','','','N','0','admin','2025-12-24 22:41:26','',NULL,'性别未知'),(4,1,'显示','0','sys_show_hide','','primary','Y','0','admin','2025-12-24 22:41:26','',NULL,'显示菜单'),(5,2,'隐藏','1','sys_show_hide','','danger','N','0','admin','2025-12-24 22:41:26','',NULL,'隐藏菜单'),(6,1,'正常','0','sys_normal_disable','','primary','Y','0','admin','2025-12-24 22:41:26','',NULL,'正常状态'),(7,2,'停用','1','sys_normal_disable','','danger','N','0','admin','2025-12-24 22:41:26','',NULL,'停用状态'),(8,1,'正常','0','sys_job_status','','primary','Y','0','admin','2025-12-24 22:41:26','',NULL,'正常状态'),(9,2,'暂停','1','sys_job_status','','danger','N','0','admin','2025-12-24 22:41:26','',NULL,'停用状态'),(10,1,'默认','DEFAULT','sys_job_group','','','Y','0','admin','2025-12-24 22:41:26','',NULL,'默认分组'),(11,2,'系统','SYSTEM','sys_job_group','','','N','0','admin','2025-12-24 22:41:26','',NULL,'系统分组'),(12,1,'是','Y','sys_yes_no','','primary','Y','0','admin','2025-12-24 22:41:26','',NULL,'系统默认是'),(13,2,'否','N','sys_yes_no','','danger','N','0','admin','2025-12-24 22:41:26','',NULL,'系统默认否'),(14,1,'通知','1','sys_notice_type','','warning','Y','0','admin','2025-12-24 22:41:26','',NULL,'通知'),(15,2,'公告','2','sys_notice_type','','success','N','0','admin','2025-12-24 22:41:26','',NULL,'公告'),(16,1,'正常','0','sys_notice_status','','primary','Y','0','admin','2025-12-24 22:41:26','',NULL,'正常状态'),(17,2,'关闭','1','sys_notice_status','','danger','N','0','admin','2025-12-24 22:41:26','',NULL,'关闭状态'),(18,99,'其他','0','sys_oper_type','','info','N','0','admin','2025-12-24 22:41:26','',NULL,'其他操作'),(19,1,'新增','1','sys_oper_type','','info','N','0','admin','2025-12-24 22:41:26','',NULL,'新增操作'),(20,2,'修改','2','sys_oper_type','','info','N','0','admin','2025-12-24 22:41:26','',NULL,'修改操作'),(21,3,'删除','3','sys_oper_type','','danger','N','0','admin','2025-12-24 22:41:26','',NULL,'删除操作'),(22,4,'授权','4','sys_oper_type','','primary','N','0','admin','2025-12-24 22:41:26','',NULL,'授权操作'),(23,5,'导出','5','sys_oper_type','','warning','N','0','admin','2025-12-24 22:41:26','',NULL,'导出操作'),(24,6,'导入','6','sys_oper_type','','warning','N','0','admin','2025-12-24 22:41:26','',NULL,'导入操作'),(25,7,'强退','7','sys_oper_type','','danger','N','0','admin','2025-12-24 22:41:26','',NULL,'强退操作'),(26,8,'生成代码','8','sys_oper_type','','warning','N','0','admin','2025-12-24 22:41:26','',NULL,'生成操作'),(27,9,'清空数据','9','sys_oper_type','','danger','N','0','admin','2025-12-24 22:41:26','',NULL,'清空操作'),(28,1,'成功','0','sys_common_status','','primary','N','0','admin','2025-12-24 22:41:26','',NULL,'正常状态'),(29,2,'失败','1','sys_common_status','','danger','N','0','admin','2025-12-24 22:41:26','',NULL,'停用状态'),(1000,1,'已退课','0','select_status',NULL,'default','N','0','admin','2026-01-02 22:12:16','admin','2026-01-02 22:12:16',NULL),(1001,2,'已选','1','select_status',NULL,'success','Y','0','admin','2026-01-02 22:12:16','admin','2026-01-02 22:12:16',NULL);
/*!40000 ALTER TABLE `sys_dict_data` ENABLE KEYS */;

--
-- Table structure for table `sys_dict_type`
--

DROP TABLE IF EXISTS `sys_dict_type`;
/*!40101 SET @saved_cs_client     = @@character_set_client */;
/*!50503 SET character_set_client = utf8mb4 */;
CREATE TABLE `sys_dict_type` (
  `dict_id` bigint NOT NULL AUTO_INCREMENT COMMENT '字典主键',
  `dict_name` varchar(100) DEFAULT '' COMMENT '字典名称',
  `dict_type` varchar(100) DEFAULT '' COMMENT '字典类型',
  `status` char(1) DEFAULT '0' COMMENT '状态（0正常 1停用）',
  `create_by` varchar(64) DEFAULT '' COMMENT '创建者',
  `create_time` datetime DEFAULT NULL COMMENT '创建时间',
  `update_by` varchar(64) DEFAULT '' COMMENT '更新者',
  `update_time` datetime DEFAULT NULL COMMENT '更新时间',
  `remark` varchar(500) DEFAULT NULL COMMENT '备注',
  PRIMARY KEY (`dict_id`),
  UNIQUE KEY `dict_type` (`dict_type`)
) ENGINE=InnoDB AUTO_INCREMENT=101 DEFAULT CHARSET=utf8mb4 COLLATE=utf8mb4_0900_ai_ci COMMENT='字典类型表';
/*!40101 SET character_set_client = @saved_cs_client */;

--
-- Dumping data for table `sys_dict_type`
--

/*!40000 ALTER TABLE `sys_dict_type` DISABLE KEYS */;
INSERT INTO `sys_dict_type` VALUES (1,'用户性别','sys_user_sex','0','admin','2025-12-24 22:41:26','',NULL,'用户性别列表'),(2,'菜单状态','sys_show_hide','0','admin','2025-12-24 22:41:26','',NULL,'菜单状态列表'),(3,'系统开关','sys_normal_disable','0','admin','2025-12-24 22:41:26','',NULL,'系统开关列表'),(4,'任务状态','sys_job_status','0','admin','2025-12-24 22:41:26','',NULL,'任务状态列表'),(5,'任务分组','sys_job_group','0','admin','2025-12-24 22:41:26','',NULL,'任务分组列表'),(6,'系统是否','sys_yes_no','0','admin','2025-12-24 22:41:26','',NULL,'系统是否列表'),(7,'通知类型','sys_notice_type','0','admin','2025-12-24 22:41:26','',NULL,'通知类型列表'),(8,'通知状态','sys_notice_status','0','admin','2025-12-24 22:41:26','',NULL,'通知状态列表'),(9,'操作类型','sys_oper_type','0','admin','2025-12-24 22:41:26','',NULL,'操作类型列表'),(10,'系统状态','sys_common_status','0','admin','2025-12-24 22:41:26','',NULL,'登录状态列表'),(100,'自主选课状态','select_status','0','admin','2026-01-02 22:12:16','admin','2026-01-02 22:12:16','0=已退课,1=已选');
/*!40000 ALTER TABLE `sys_dict_type` ENABLE KEYS */;

--
-- Table structure for table `sys_job`
--

DROP TABLE IF EXISTS `sys_job`;
/*!40101 SET @saved_cs_client     = @@character_set_client */;
/*!50503 SET character_set_client = utf8mb4 */;
CREATE TABLE `sys_job` (
  `job_id` bigint NOT NULL AUTO_INCREMENT COMMENT '任务ID',
  `job_name` varchar(64) NOT NULL DEFAULT '' COMMENT '任务名称',
  `job_group` varchar(64) NOT NULL DEFAULT 'DEFAULT' COMMENT '任务组名',
  `invoke_target` varchar(500) NOT NULL COMMENT '调用目标字符串',
  `cron_expression` varchar(255) DEFAULT '' COMMENT 'cron执行表达式',
  `misfire_policy` varchar(20) DEFAULT '3' COMMENT '计划执行错误策略（1立即执行 2执行一次 3放弃执行）',
  `concurrent` char(1) DEFAULT '1' COMMENT '是否并发执行（0允许 1禁止）',
  `status` char(1) DEFAULT '0' COMMENT '状态（0正常 1暂停）',
  `create_by` varchar(64) DEFAULT '' COMMENT '创建者',
  `create_time` datetime DEFAULT NULL COMMENT '创建时间',
  `update_by` varchar(64) DEFAULT '' COMMENT '更新者',
  `update_time` datetime DEFAULT NULL COMMENT '更新时间',
  `remark` varchar(500) DEFAULT '' COMMENT '备注信息',
  PRIMARY KEY (`job_id`,`job_name`,`job_group`)
) ENGINE=InnoDB AUTO_INCREMENT=100 DEFAULT CHARSET=utf8mb4 COLLATE=utf8mb4_0900_ai_ci COMMENT='定时任务调度表';
/*!40101 SET character_set_client = @saved_cs_client */;

--
-- Dumping data for table `sys_job`
--

/*!40000 ALTER TABLE `sys_job` DISABLE KEYS */;
INSERT INTO `sys_job` VALUES (1,'系统默认（无参）','DEFAULT','ryTask.ryNoParams','0/10 * * * * ?','3','1','1','admin','2025-12-24 22:41:26','',NULL,''),(2,'系统默认（有参）','DEFAULT','ryTask.ryParams(\'ry\')','0/15 * * * * ?','3','1','1','admin','2025-12-24 22:41:26','',NULL,''),(3,'系统默认（多参）','DEFAULT','ryTask.ryMultipleParams(\'ry\', true, 2000L, 316.50D, 100)','0/20 * * * * ?','3','1','1','admin','2025-12-24 22:41:26','',NULL,'');
/*!40000 ALTER TABLE `sys_job` ENABLE KEYS */;

--
-- Table structure for table `sys_job_log`
--

DROP TABLE IF EXISTS `sys_job_log`;
/*!40101 SET @saved_cs_client     = @@character_set_client */;
/*!50503 SET character_set_client = utf8mb4 */;
CREATE TABLE `sys_job_log` (
  `job_log_id` bigint NOT NULL AUTO_INCREMENT COMMENT '任务日志ID',
  `job_name` varchar(64) NOT NULL COMMENT '任务名称',
  `job_group` varchar(64) NOT NULL COMMENT '任务组名',
  `invoke_target` varchar(500) NOT NULL COMMENT '调用目标字符串',
  `job_message` varchar(500) DEFAULT NULL COMMENT '日志信息',
  `status` char(1) DEFAULT '0' COMMENT '执行状态（0正常 1失败）',
  `exception_info` varchar(2000) DEFAULT '' COMMENT '异常信息',
  `create_time` datetime DEFAULT NULL COMMENT '创建时间',
  PRIMARY KEY (`job_log_id`)
) ENGINE=InnoDB DEFAULT CHARSET=utf8mb4 COLLATE=utf8mb4_0900_ai_ci COMMENT='定时任务调度日志表';
/*!40101 SET character_set_client = @saved_cs_client */;

--
-- Dumping data for table `sys_job_log`
--

/*!40000 ALTER TABLE `sys_job_log` DISABLE KEYS */;
/*!40000 ALTER TABLE `sys_job_log` ENABLE KEYS */;

--
-- Table structure for table `sys_logininfor`
--

DROP TABLE IF EXISTS `sys_logininfor`;
/*!40101 SET @saved_cs_client     = @@character_set_client */;
/*!50503 SET character_set_client = utf8mb4 */;
CREATE TABLE `sys_logininfor` (
  `info_id` bigint NOT NULL AUTO_INCREMENT COMMENT '访问ID',
  `user_name` varchar(50) DEFAULT '' COMMENT '用户账号',
  `ipaddr` varchar(128) DEFAULT '' COMMENT '登录IP地址',
  `login_location` varchar(255) DEFAULT '' COMMENT '登录地点',
  `browser` varchar(50) DEFAULT '' COMMENT '浏览器类型',
  `os` varchar(50) DEFAULT '' COMMENT '操作系统',
  `status` char(1) DEFAULT '0' COMMENT '登录状态（0成功 1失败）',
  `msg` varchar(255) DEFAULT '' COMMENT '提示消息',
  `login_time` datetime DEFAULT NULL COMMENT '访问时间',
  PRIMARY KEY (`info_id`),
  KEY `idx_sys_logininfor_s` (`status`),
  KEY `idx_sys_logininfor_lt` (`login_time`)
) ENGINE=InnoDB AUTO_INCREMENT=409 DEFAULT CHARSET=utf8mb4 COLLATE=utf8mb4_0900_ai_ci COMMENT='系统访问记录';
/*!40101 SET character_set_client = @saved_cs_client */;

--
-- Dumping data for table `sys_logininfor`
--

/*!40000 ALTER TABLE `sys_logininfor` DISABLE KEYS */;
INSERT INTO `sys_logininfor` VALUES (100,'admin','127.0.0.1','内网IP','Chrome 143','Windows10','0','登录成功','2025-12-24 22:47:57'),(101,'admin','127.0.0.1','内网IP','Chrome 143','Windows10','0','登录成功','2025-12-24 22:59:47'),(102,'admin','127.0.0.1','内网IP','Chrome 143','Windows10','0','登录成功','2025-12-24 23:25:17'),(103,'admin','127.0.0.1','内网IP','Chrome 143','Windows10','0','登录成功','2025-12-25 00:10:47'),(104,'admin','127.0.0.1','内网IP','Chrome 143','Windows10','0','登录成功','2025-12-25 00:16:44'),(105,'admin','127.0.0.1','内网IP','Chrome 143','Windows10','0','登录成功','2025-12-25 00:27:37'),(106,'admin','127.0.0.1','内网IP','Chrome 143','Windows10','0','登录成功','2025-12-25 08:19:15'),(107,'admin','127.0.0.1','内网IP','Chrome 143','Windows10','1','验证码错误','2025-12-25 09:07:15'),(108,'admin','127.0.0.1','内网IP','Chrome 143','Windows10','0','登录成功','2025-12-25 09:07:18'),(109,'admin','127.0.0.1','内网IP','Chrome 143','Windows10','1','验证码错误','2025-12-25 09:11:01'),(110,'admin','127.0.0.1','内网IP','Chrome 143','Windows10','0','登录成功','2025-12-25 09:11:05'),(111,'admin','127.0.0.1','内网IP','Chrome 143','Windows10','0','登录成功','2025-12-25 09:34:06'),(112,'admin','127.0.0.1','内网IP','Chrome 143','Windows10','0','登录成功','2025-12-26 00:01:24'),(113,'admin','127.0.0.1','内网IP','Chrome 143','Windows10','0','登录成功','2025-12-26 00:04:40'),(114,'admin','127.0.0.1','内网IP','Chrome 143','Windows10','0','登录成功','2025-12-26 00:12:00'),(115,'admin','127.0.0.1','内网IP','Chrome 143','Windows10','0','登录成功','2025-12-26 00:30:48'),(116,'admin','127.0.0.1','内网IP','Chrome 143','Windows10','0','登录成功','2025-12-26 00:32:59'),(117,'admin','127.0.0.1','内网IP','Chrome 143','Windows10','0','登录成功','2025-12-28 20:28:48'),(118,'admin','127.0.0.1','内网IP','Chrome 143','Windows10','0','登录成功','2025-12-28 23:30:46'),(119,'admin','127.0.0.1','内网IP','Chrome 143','Windows10','0','登录成功','2025-12-28 23:39:24'),(120,'admin','127.0.0.1','内网IP','Chrome 143','Windows10','0','登录成功','2025-12-28 23:48:35'),(121,'admin','127.0.0.1','内网IP','Chrome 143','Windows10','0','登录成功','2025-12-28 23:52:02'),(122,'admin','127.0.0.1','内网IP','Chrome 143','Windows10','0','登录成功','2025-12-29 00:05:45'),(123,'admin','127.0.0.1','内网IP','Chrome 143','Windows10','0','登录成功','2025-12-29 11:25:46'),(124,'admin','127.0.0.1','内网IP','Chrome 143','Windows10','0','登录成功','2025-12-29 13:18:00'),(125,'admin','127.0.0.1','内网IP','Chrome 143','Windows10','0','登录成功','2025-12-29 13:21:48'),(126,'admin','127.0.0.1','内网IP','Chrome 143','Windows10','0','退出成功','2025-12-29 13:22:10'),(127,'0101','127.0.0.1','内网IP','Chrome 143','Windows10','1','用户不存在/密码错误','2025-12-29 13:22:26'),(128,'0101','127.0.0.1','内网IP','Chrome 143','Windows10','1','验证码错误','2025-12-29 13:22:27'),(129,'0101','127.0.0.1','内网IP','Chrome 143','Windows10','1','验证码已失效','2025-12-29 13:36:46'),(130,'0101','127.0.0.1','内网IP','Chrome 143','Windows10','1','用户不存在/密码错误','2025-12-29 13:36:50'),(131,'0101','127.0.0.1','内网IP','Chrome 143','Windows10','1','用户不存在/密码错误','2025-12-29 13:36:59'),(132,'0101','127.0.0.1','内网IP','Chrome 143','Windows10','1','验证码错误','2025-12-29 13:37:00'),(133,'0101','127.0.0.1','内网IP','Chrome 143','Windows10','1','验证码已失效','2025-12-29 14:39:40'),(134,'admin','127.0.0.1','内网IP','Chrome 143','Windows10','1','验证码已失效','2025-12-29 15:48:14'),(135,'admin','127.0.0.1','内网IP','Chrome 143','Windows10','0','登录成功','2025-12-29 15:48:18'),(136,'admin','127.0.0.1','内网IP','Chrome 143','Windows10','0','登录成功','2025-12-29 16:07:08'),(137,'admin','127.0.0.1','内网IP','Chrome 143','Windows10','0','登录成功','2025-12-29 16:25:01'),(138,'admin','127.0.0.1','内网IP','Chrome 143','Windows10','1','验证码已失效','2025-12-29 16:37:07'),(139,'admin','127.0.0.1','内网IP','Chrome 143','Windows10','0','登录成功','2025-12-29 16:37:10'),(140,'admin','127.0.0.1','内网IP','Chrome 143','Windows10','0','登录成功','2025-12-29 16:48:01'),(141,'0101','127.0.0.1','内网IP','Chrome 143','Windows10','0','登录成功','2025-12-29 16:50:46'),(142,'admin','127.0.0.1','内网IP','Chrome 143','Windows10','0','登录成功','2025-12-29 22:53:48'),(143,'admin','127.0.0.1','内网IP','Chrome 143','Windows10','0','登录成功','2025-12-29 23:15:50'),(144,'23121466','127.0.0.1','内网IP','Chrome 143','Windows10','0','登录成功','2025-12-29 23:16:25'),(145,'23121466','127.0.0.1','内网IP','Chrome 143','Windows10','1','用户不存在/密码错误','2025-12-29 23:23:36'),(146,'23121466','127.0.0.1','内网IP','Chrome 143','Windows10','0','登录成功','2025-12-29 23:23:49'),(147,'23121466','127.0.0.1','内网IP','Chrome 143','Windows10','0','登录成功','2025-12-29 23:56:34'),(148,'admin','127.0.0.1','内网IP','Chrome 143','Windows10','0','登录成功','2025-12-29 23:56:55'),(149,'admin','127.0.0.1','内网IP','Chrome 143','Windows10','0','登录成功','2025-12-30 00:06:39'),(150,'admin','127.0.0.1','内网IP','Chrome 143','Windows10','0','登录成功','2025-12-30 00:08:54'),(151,'0101','127.0.0.1','内网IP','Chrome 143','Windows10','0','登录成功','2025-12-30 00:25:13'),(152,'admin','127.0.0.1','内网IP','Chrome 130','Windows10','0','登录成功','2025-12-30 17:54:04'),(153,'admin','127.0.0.1','内网IP','Chrome 130','Windows10','0','登录成功','2025-12-30 20:55:43'),(154,'0101','127.0.0.1','内网IP','Chrome 130','Windows10','0','登录成功','2025-12-30 21:29:51'),(155,'admin','127.0.0.1','内网IP','Chrome 130','Windows10','0','登录成功','2025-12-30 22:32:00'),(156,'admin','127.0.0.1','内网IP','Chrome 130','Windows10','1','验证码错误','2025-12-30 22:32:00'),(157,'admin','127.0.0.1','内网IP','Chrome 143','Windows10','0','登录成功','2025-12-30 23:06:59'),(158,'admin','127.0.0.1','内网IP','Chrome 143','Windows10','0','登录成功','2025-12-30 23:07:37'),(159,'admin','127.0.0.1','内网IP','Chrome 143','Windows10','1','验证码已失效','2025-12-30 23:42:24'),(160,'admin','127.0.0.1','内网IP','Chrome 143','Windows10','0','登录成功','2025-12-30 23:42:27'),(161,'admin','127.0.0.1','内网IP','Chrome 143','Windows10','0','登录成功','2025-12-30 23:56:01'),(162,'admin','127.0.0.1','内网IP','Chrome 143','Windows10','0','登录成功','2025-12-31 00:02:04'),(163,'admin','127.0.0.1','内网IP','Chrome 143','Windows10','0','登录成功','2025-12-31 00:21:48'),(164,'admin','127.0.0.1','内网IP','Chrome 143','Windows10','0','登录成功','2025-12-31 01:06:09'),(165,'admin','127.0.0.1','内网IP','Chrome 143','Windows10','0','登录成功','2025-12-31 13:41:21'),(166,'admin','127.0.0.1','内网IP','Chrome 143','Windows10','0','登录成功','2025-12-31 15:04:16'),(167,'23121466','127.0.0.1','内网IP','Chrome 143','Windows10','0','登录成功','2025-12-31 18:07:09'),(168,'admin','127.0.0.1','内网IP','Chrome 143','Windows10','0','登录成功','2025-12-31 18:07:52'),(169,'admin','127.0.0.1','内网IP','Chrome 143','Windows10','0','登录成功','2025-12-31 20:26:14'),(170,'23121466','127.0.0.1','内网IP','Chrome 143','Windows10','0','登录成功','2025-12-31 20:26:40'),(171,'admin','127.0.0.1','内网IP','Chrome 143','Windows10','0','登录成功','2025-12-31 22:11:54'),(172,'23121466','127.0.0.1','内网IP','Chrome 143','Windows10','0','登录成功','2025-12-31 22:18:28'),(173,'admin','127.0.0.1','内网IP','Chrome 143','Windows10','1','验证码已失效','2026-01-01 13:25:45'),(174,'admin','127.0.0.1','内网IP','Chrome 143','Windows10','0','登录成功','2026-01-01 13:25:51'),(175,'admin','127.0.0.1','内网IP','Chrome 143','Windows10','0','登录成功','2026-01-01 14:23:42'),(176,'admin','127.0.0.1','内网IP','Chrome 143','Windows10','0','登录成功','2026-01-01 15:33:44'),(177,'23121466','127.0.0.1','内网IP','Chrome 143','Windows10','0','登录成功','2026-01-01 15:49:07'),(178,'admin','127.0.0.1','内网IP','Chrome 143','Windows10','0','登录成功','2026-01-01 16:30:15'),(179,'23121466','127.0.0.1','内网IP','Chrome 143','Windows10','1','验证码错误','2026-01-01 17:43:22'),(180,'23121466','127.0.0.1','内网IP','Chrome 143','Windows10','0','登录成功','2026-01-01 17:43:24'),(181,'admin','127.0.0.1','内网IP','Chrome 143','Windows10','0','登录成功','2026-01-01 17:43:44'),(182,'23121466','127.0.0.1','内网IP','Chrome 143','Windows10','0','退出成功','2026-01-01 17:44:43'),(183,'0101','127.0.0.1','内网IP','Chrome 143','Windows10','0','登录成功','2026-01-01 17:44:56'),(184,'admin','127.0.0.1','内网IP','Chrome 143','Windows10','0','登录成功','2026-01-01 20:17:14'),(185,'admin','127.0.0.1','内网IP','Chrome 143','Windows10','0','退出成功','2026-01-01 20:17:21'),(186,'0101','127.0.0.1','内网IP','Chrome 143','Windows10','0','登录成功','2026-01-01 20:17:32'),(187,'0101','127.0.0.1','内网IP','Chrome 143','Windows10','0','退出成功','2026-01-01 20:25:10'),(188,'admin','127.0.0.1','内网IP','Chrome 143','Windows10','0','登录成功','2026-01-01 20:25:16'),(189,'admin','127.0.0.1','内网IP','Chrome 143','Windows10','0','退出成功','2026-01-01 20:46:26'),(190,'0101','127.0.0.1','内网IP','Chrome 143','Windows10','0','登录成功','2026-01-01 20:46:34'),(191,'admin','127.0.0.1','内网IP','Chrome 143','Windows10','0','登录成功','2026-01-01 21:25:06'),(192,'admin','127.0.0.1','内网IP','Chrome 143','Windows10','0','退出成功','2026-01-01 21:38:11'),(193,'0101','127.0.0.1','内网IP','Chrome 143','Windows10','0','登录成功','2026-01-01 21:38:22'),(194,'0101','127.0.0.1','内网IP','Chrome 143','Windows10','0','退出成功','2026-01-01 22:16:01'),(195,'admin','127.0.0.1','内网IP','Chrome 143','Windows10','0','登录成功','2026-01-01 22:16:06'),(196,'0101','127.0.0.1','内网IP','Chrome 143','Windows10','0','登录成功','2026-01-01 22:16:31'),(197,'0101','127.0.0.1','内网IP','Chrome 143','Windows10','0','退出成功','2026-01-01 22:19:15'),(198,'admin','127.0.0.1','内网IP','Chrome 143','Windows10','0','登录成功','2026-01-01 22:19:19'),(199,'admin','127.0.0.1','内网IP','Chrome 143','Windows10','0','退出成功','2026-01-01 22:20:15'),(200,'0101','127.0.0.1','内网IP','Chrome 143','Windows10','0','登录成功','2026-01-01 22:20:28'),(201,'0101','127.0.0.1','内网IP','Chrome 143','Windows10','0','退出成功','2026-01-01 22:35:08'),(202,'admin','127.0.0.1','内网IP','Chrome 143','Windows10','0','登录成功','2026-01-01 22:35:11'),(203,'admin','127.0.0.1','内网IP','Chrome 130','Windows10','0','登录成功','2026-01-02 17:59:21'),(204,'admin','127.0.0.1','内网IP','Chrome 130','Windows10','0','登录成功','2026-01-02 21:22:33'),(205,'admin','127.0.0.1','内网IP','Chrome 130','Windows10','0','登录成功','2026-01-02 22:10:40'),(206,'admin','127.0.0.1','内网IP','Chrome 130','Windows10','0','退出成功','2026-01-02 23:16:32'),(207,'23121466','127.0.0.1','内网IP','Chrome 130','Windows10','0','登录成功','2026-01-02 23:16:40'),(208,'23121466','127.0.0.1','内网IP','Chrome 130','Windows10','0','退出成功','2026-01-02 23:17:59'),(209,'admin','127.0.0.1','内网IP','Chrome 130','Windows10','1','用户不存在/密码错误','2026-01-02 23:18:07'),(210,'admin','127.0.0.1','内网IP','Chrome 130','Windows10','1','用户不存在/密码错误','2026-01-02 23:18:16'),(211,'admin','127.0.0.1','内网IP','Chrome 130','Windows10','1','验证码错误','2026-01-02 23:18:36'),(212,'admin','127.0.0.1','内网IP','Chrome 130','Windows10','1','用户不存在/密码错误','2026-01-02 23:18:40'),(213,'admin','127.0.0.1','内网IP','Chrome 130','Windows10','1','用户不存在/密码错误','2026-01-02 23:19:20'),(214,'admin','127.0.0.1','内网IP','Chrome 130','Windows10','1','验证码错误','2026-01-02 23:23:08'),(215,'admin','127.0.0.1','内网IP','Chrome 130','Windows10','1','验证码错误','2026-01-02 23:23:12'),(216,'admin','127.0.0.1','内网IP','Chrome 130','Windows10','1','用户不存在/密码错误','2026-01-02 23:23:14'),(217,'admin','127.0.0.1','内网IP','Chrome 130','Windows10','1','密码输入错误5次，帐户锁定10分钟','2026-01-02 23:24:15'),(218,'admin','127.0.0.1','内网IP','Chrome 130','Windows10','1','验证码错误','2026-01-02 23:26:06'),(219,'admin','127.0.0.1','内网IP','Chrome 130','Windows10','1','用户不存在/密码错误','2026-01-02 23:26:10'),(220,'admin','127.0.0.1','内网IP','Chrome 130','Windows10','1','用户不存在/密码错误','2026-01-02 23:26:15'),(221,'admin','127.0.0.1','内网IP','Chrome 130','Windows10','1','用户不存在/密码错误','2026-01-02 23:33:24'),(222,'admin','127.0.0.1','内网IP','Chrome 130','Windows10','1','验证码错误','2026-01-02 23:33:29'),(223,'admin','127.0.0.1','内网IP','Chrome 130','Windows10','1','用户不存在/密码错误','2026-01-02 23:33:37'),(224,'admin','127.0.0.1','内网IP','Chrome 130','Windows10','1','验证码错误','2026-01-02 23:34:00'),(225,'admin','127.0.0.1','内网IP','Chrome 130','Windows10','1','用户不存在/密码错误','2026-01-02 23:34:19'),(226,'admin','127.0.0.1','内网IP','Chrome 130','Windows10','1','验证码已失效','2026-01-02 23:36:24'),(227,'admin','127.0.0.1','内网IP','Chrome 130','Windows10','1','用户不存在/密码错误','2026-01-02 23:36:29'),(228,'admin','127.0.0.1','内网IP','Chrome 130','Windows10','1','用户不存在/密码错误','2026-01-02 23:36:41'),(229,'admin','127.0.0.1','内网IP','Chrome 130','Windows10','1','密码输入错误5次，帐户锁定10分钟','2026-01-02 23:36:58'),(230,'admin','127.0.0.1','内网IP','Chrome 130','Windows10','1','密码输入错误5次，帐户锁定10分钟','2026-01-02 23:37:41'),(231,'admin','127.0.0.1','内网IP','Chrome 130','Windows10','1','密码输入错误5次，帐户锁定10分钟','2026-01-02 23:38:20'),(232,'admin','127.0.0.1','内网IP','Chrome 130','Windows10','1','密码输入错误5次，帐户锁定10分钟','2026-01-02 23:39:20'),(233,'admin','127.0.0.1','内网IP','Chrome 130','Windows10','1','密码输入错误5次，帐户锁定10分钟','2026-01-02 23:41:33'),(234,'admin','127.0.0.1','内网IP','Chrome 130','Windows10','1','用户不存在/密码错误','2026-01-02 23:52:40'),(235,'admin','127.0.0.1','内网IP','Chrome 130','Windows10','1','验证码错误','2026-01-02 23:52:50'),(236,'admin','127.0.0.1','内网IP','Chrome 130','Windows10','1','用户不存在/密码错误','2026-01-02 23:52:54'),(237,'admin','127.0.0.1','内网IP','Chrome 130','Windows10','1','用户不存在/密码错误','2026-01-02 23:57:38'),(238,'admin','127.0.0.1','内网IP','Chrome 130','Windows10','1','用户不存在/密码错误','2026-01-02 23:58:04'),(239,'admin','127.0.0.1','内网IP','Chrome 130','Windows10','1','用户不存在/密码错误','2026-01-02 23:58:19'),(240,'admin','127.0.0.1','内网IP','Chrome 130','Windows10','0','登录成功','2026-01-03 00:04:56'),(241,'admin','127.0.0.1','内网IP','Chrome 130','Windows10','0','退出成功','2026-01-03 00:06:40'),(242,'23121466','127.0.0.1','内网IP','Chrome 130','Windows10','0','登录成功','2026-01-03 00:06:51'),(243,'23121466','127.0.0.1','内网IP','Chrome 130','Windows10','0','退出成功','2026-01-03 00:12:56'),(244,'admin','127.0.0.1','内网IP','Chrome 130','Windows10','0','登录成功','2026-01-03 00:13:08'),(245,'admin','127.0.0.1','内网IP','Chrome 130','Windows10','0','退出成功','2026-01-03 00:19:45'),(246,'23121466','127.0.0.1','内网IP','Chrome 130','Windows10','0','登录成功','2026-01-03 00:19:53'),(247,'23121466','127.0.0.1','内网IP','Chrome 130','Windows10','0','退出成功','2026-01-03 00:25:21'),(248,'admin','127.0.0.1','内网IP','Chrome 130','Windows10','0','登录成功','2026-01-03 00:25:29'),(249,'admin','127.0.0.1','内网IP','Chrome 130','Windows10','0','退出成功','2026-01-03 01:34:30'),(250,'0101','127.0.0.1','内网IP','Chrome 130','Windows10','0','登录成功','2026-01-03 01:34:40'),(251,'0101','127.0.0.1','内网IP','Chrome 130','Windows10','0','退出成功','2026-01-03 01:35:41'),(252,'admin','127.0.0.1','内网IP','Chrome 130','Windows10','0','登录成功','2026-01-03 01:35:53'),(253,'admin','127.0.0.1','内网IP','Chrome 130','Windows10','0','登录成功','2026-01-03 02:47:52'),(254,'admin','127.0.0.1','内网IP','Chrome 143','Windows10','1','用户不存在/密码错误','2026-01-03 11:29:48'),(255,'admin','127.0.0.1','内网IP','Chrome 143','Windows10','0','登录成功','2026-01-03 11:29:55'),(256,'0101','127.0.0.1','内网IP','Firefox 146.0','Windows >=10','0','登录成功','2026-01-03 11:34:49'),(257,'admin','127.0.0.1','内网IP','Chrome 143','Windows10','0','登录成功','2026-01-03 12:02:39'),(258,'admin','127.0.0.1','内网IP','Chrome 143','Windows10','0','登录成功','2026-01-03 12:26:04'),(259,'admin','127.0.0.1','内网IP','Chrome 143','Windows10','0','登录成功','2026-01-03 12:56:47'),(260,'admin','127.0.0.1','内网IP','Chrome 143','Windows10','0','登录成功','2026-01-03 14:07:38'),(261,'0101','127.0.0.1','内网IP','Firefox 146.0','Windows >=10','0','登录成功','2026-01-03 14:12:17'),(262,'0101','127.0.0.1','内网IP','Firefox 146.0','Windows >=10','0','退出成功','2026-01-03 14:12:34'),(263,'23121466','127.0.0.1','内网IP','Firefox 146.0','Windows >=10','0','登录成功','2026-01-03 14:12:48'),(264,'admin','127.0.0.1','内网IP','Chrome 143','Windows10','1','用户不存在/密码错误','2026-01-03 15:14:41'),(265,'admin','127.0.0.1','内网IP','Chrome 143','Windows10','0','登录成功','2026-01-03 15:14:50'),(266,'admin','127.0.0.1','内网IP','Chrome 143','Windows10','0','登录成功','2026-01-03 15:48:15'),(267,'23121466','127.0.0.1','内网IP','Firefox 146.0','Windows >=10','0','登录成功','2026-01-03 15:57:46'),(268,'23121466','127.0.0.1','内网IP','Firefox 146.0','Windows >=10','0','退出成功','2026-01-03 16:52:38'),(269,'0101','127.0.0.1','内网IP','Firefox 146.0','Windows >=10','0','登录成功','2026-01-03 16:52:50'),(270,'0101','127.0.0.1','内网IP','Firefox 146.0','Windows >=10','0','退出成功','2026-01-03 16:59:17'),(271,'23121466','127.0.0.1','内网IP','Firefox 146.0','Windows >=10','0','登录成功','2026-01-03 16:59:25'),(272,'admin','127.0.0.1','内网IP','Chrome 130','Windows10','0','登录成功','2026-01-03 23:34:50'),(273,'admin','127.0.0.1','内网IP','Chrome 130','Windows10','0','登录成功','2026-01-05 00:08:10'),(274,'admin','127.0.0.1','内网IP','Chrome 130','Windows10','0','退出成功','2026-01-05 00:13:37'),(275,'23121466','127.0.0.1','内网IP','Chrome 130','Windows10','0','登录成功','2026-01-05 00:13:50'),(276,'23121466','127.0.0.1','内网IP','Chrome 130','Windows10','0','退出成功','2026-01-05 00:44:02'),(277,'admin','127.0.0.1','内网IP','Chrome 130','Windows10','0','登录成功','2026-01-05 00:44:09'),(278,'admin','127.0.0.1','内网IP','Chrome 130','Windows10','0','退出成功','2026-01-05 02:09:39'),(279,'23121466','127.0.0.1','内网IP','Chrome 130','Windows10','0','登录成功','2026-01-05 02:09:46'),(280,'23121466','127.0.0.1','内网IP','Chrome 130','Windows10','0','退出成功','2026-01-05 02:10:37'),(281,'0101','127.0.0.1','内网IP','Chrome 130','Windows10','1','验证码错误','2026-01-05 02:10:46'),(282,'0101','127.0.0.1','内网IP','Chrome 130','Windows10','0','登录成功','2026-01-05 02:10:50'),(283,'0101','127.0.0.1','内网IP','Chrome 130','Windows10','0','退出成功','2026-01-05 02:11:34'),(284,'23121466','127.0.0.1','内网IP','Chrome 130','Windows10','0','登录成功','2026-01-05 02:11:43'),(285,'23121466','127.0.0.1','内网IP','Chrome 130','Windows10','0','退出成功','2026-01-05 02:12:15'),(286,'admin','127.0.0.1','内网IP','Chrome 130','Windows10','1','用户不存在/密码错误','2026-01-05 02:12:22'),(287,'admin','127.0.0.1','内网IP','Chrome 130','Windows10','0','登录成功','2026-01-05 02:12:31'),(288,'admin','127.0.0.1','内网IP','Chrome 130','Windows10','0','退出成功','2026-01-05 02:13:16'),(289,'0102','127.0.0.1','内网IP','Chrome 130','Windows10','0','登录成功','2026-01-05 02:13:24'),(290,'0102','127.0.0.1','内网IP','Chrome 130','Windows10','0','退出成功','2026-01-05 02:14:19'),(291,'0103','127.0.0.1','内网IP','Chrome 130','Windows10','1','验证码错误','2026-01-05 02:14:26'),(292,'0103','127.0.0.1','内网IP','Chrome 130','Windows10','0','登录成功','2026-01-05 02:14:30'),(293,'0103','127.0.0.1','内网IP','Chrome 130','Windows10','0','退出成功','2026-01-05 02:15:04'),(294,'admin','127.0.0.1','内网IP','Chrome 130','Windows10','0','登录成功','2026-01-05 02:15:13'),(295,'admin','127.0.0.1','内网IP','Chrome 130','Windows10','0','退出成功','2026-01-05 02:17:11'),(296,'0104','127.0.0.1','内网IP','Chrome 130','Windows10','0','登录成功','2026-01-05 02:17:19'),(297,'0104','127.0.0.1','内网IP','Chrome 130','Windows10','0','退出成功','2026-01-05 02:17:34'),(298,'admin','127.0.0.1','内网IP','Chrome 130','Windows10','1','用户不存在/密码错误','2026-01-05 02:17:43'),(299,'admin','127.0.0.1','内网IP','Chrome 130','Windows10','0','登录成功','2026-01-05 02:17:49'),(300,'admin','127.0.0.1','内网IP','Chrome 130','Windows10','0','退出成功','2026-01-05 02:32:58'),(301,'0101','127.0.0.1','内网IP','Chrome 130','Windows10','0','登录成功','2026-01-05 02:33:03'),(302,'0101','127.0.0.1','内网IP','Chrome 130','Windows10','0','退出成功','2026-01-05 02:33:22'),(303,'0102','127.0.0.1','内网IP','Chrome 130','Windows10','0','登录成功','2026-01-05 02:33:29'),(304,'0102','127.0.0.1','内网IP','Chrome 130','Windows10','0','退出成功','2026-01-05 02:41:47'),(305,'0103','127.0.0.1','内网IP','Chrome 130','Windows10','0','登录成功','2026-01-05 02:41:49'),(306,'0103','127.0.0.1','内网IP','Chrome 130','Windows10','0','退出成功','2026-01-05 02:42:02'),(307,'0101','127.0.0.1','内网IP','Chrome 130','Windows10','0','登录成功','2026-01-05 02:42:08'),(308,'0101','127.0.0.1','内网IP','Chrome 130','Windows10','0','退出成功','2026-01-05 02:42:23'),(309,'admin','127.0.0.1','内网IP','Chrome 130','Windows10','0','登录成功','2026-01-05 02:42:32'),(310,'admin','127.0.0.1','内网IP','Chrome 143','Windows10','0','登录成功','2026-01-05 13:22:50'),(311,'23121466','127.0.0.1','内网IP','Firefox 146.0','Windows >=10','0','登录成功','2026-01-05 15:01:22'),(312,'admin','127.0.0.1','内网IP','Chrome 143','Windows10','0','登录成功','2026-01-05 15:01:54'),(313,'23121466','127.0.0.1','内网IP','Firefox 146.0','Windows >=10','0','退出成功','2026-01-05 15:10:19'),(314,'0101','127.0.0.1','内网IP','Firefox 146.0','Windows >=10','0','登录成功','2026-01-05 15:10:29'),(315,'0101','127.0.0.1','内网IP','Firefox 146.0','Windows >=10','0','退出成功','2026-01-05 15:17:17'),(316,'23121466','127.0.0.1','内网IP','Firefox 146.0','Windows >=10','0','登录成功','2026-01-05 15:17:31'),(317,'23121466','127.0.0.1','内网IP','Firefox 146.0','Windows >=10','0','退出成功','2026-01-05 15:17:50'),(318,'admin','127.0.0.1','内网IP','Firefox 146.0','Windows >=10','1','用户不存在/密码错误','2026-01-05 15:17:55'),(319,'admin','127.0.0.1','内网IP','Firefox 146.0','Windows >=10','1','用户不存在/密码错误','2026-01-05 15:18:06'),(320,'admin','127.0.0.1','内网IP','Firefox 146.0','Windows >=10','0','登录成功','2026-01-05 15:18:14'),(321,'admin','127.0.0.1','内网IP','Firefox 146.0','Windows >=10','0','退出成功','2026-01-05 15:34:54'),(322,'0101','127.0.0.1','内网IP','Firefox 146.0','Windows >=10','0','登录成功','2026-01-05 15:35:08'),(323,'admin','127.0.0.1','内网IP','Chrome 143','Windows10','0','登录成功','2026-01-05 16:14:07'),(324,'0101','127.0.0.1','内网IP','Firefox 146.0','Windows >=10','0','登录成功','2026-01-05 16:34:25'),(325,'admin','127.0.0.1','内网IP','Chrome 143','Windows10','0','登录成功','2026-01-05 18:20:07'),(326,'admin','127.0.0.1','内网IP','Chrome 143','Windows10','1','验证码已失效','2026-01-05 19:05:17'),(327,'admin','127.0.0.1','内网IP','Chrome 143','Windows10','0','登录成功','2026-01-05 19:05:21'),(328,'0101','127.0.0.1','内网IP','Firefox 146.0','Windows >=10','1','验证码已失效','2026-01-05 19:06:34'),(329,'0101','127.0.0.1','内网IP','Firefox 146.0','Windows >=10','0','登录成功','2026-01-05 19:06:38'),(330,'0101','127.0.0.1','内网IP','Firefox 146.0','Windows >=10','0','退出成功','2026-01-05 19:45:45'),(331,'23121466','127.0.0.1','内网IP','Firefox 146.0','Windows >=10','0','登录成功','2026-01-05 19:46:40'),(332,'23121466','127.0.0.1','内网IP','Firefox 146.0','Windows >=10','0','退出成功','2026-01-05 20:13:07'),(333,'0101','127.0.0.1','内网IP','Firefox 146.0','Windows >=10','0','登录成功','2026-01-05 20:13:22'),(334,'0101','127.0.0.1','内网IP','Firefox 146.0','Windows >=10','0','退出成功','2026-01-05 20:24:33'),(335,'0102','127.0.0.1','内网IP','Firefox 146.0','Windows >=10','0','登录成功','2026-01-05 20:24:51'),(336,'0102','127.0.0.1','内网IP','Firefox 146.0','Windows >=10','0','退出成功','2026-01-05 20:27:18'),(337,'23121466','127.0.0.1','内网IP','Firefox 146.0','Windows >=10','0','登录成功','2026-01-05 20:27:31'),(338,'23121466','127.0.0.1','内网IP','Firefox 146.0','Windows >=10','0','退出成功','2026-01-05 20:32:15'),(339,'0101','127.0.0.1','内网IP','Firefox 146.0','Windows >=10','0','登录成功','2026-01-05 20:32:28'),(340,'admin','127.0.0.1','内网IP','Chrome 143','Windows10','0','登录成功','2026-01-05 22:07:32'),(341,'0101','127.0.0.1','内网IP','Firefox 146.0','Windows >=10','0','登录成功','2026-01-05 22:07:50'),(342,'0101','127.0.0.1','内网IP','Firefox 146.0','Windows >=10','0','退出成功','2026-01-05 22:31:18'),(343,'23121466','127.0.0.1','内网IP','Firefox 146.0','Windows >=10','1','验证码错误','2026-01-05 22:31:30'),(344,'23121466','127.0.0.1','内网IP','Firefox 146.0','Windows >=10','1','用户不存在/密码错误','2026-01-05 22:31:36'),(345,'23121466','127.0.0.1','内网IP','Firefox 146.0','Windows >=10','0','登录成功','2026-01-05 22:31:47'),(346,'23121466','127.0.0.1','内网IP','Firefox 146.0','Windows >=10','0','退出成功','2026-01-05 22:33:01'),(347,'0101','127.0.0.1','内网IP','Firefox 146.0','Windows >=10','0','登录成功','2026-01-05 22:33:12'),(348,'0101','127.0.0.1','内网IP','Firefox 146.0','Windows >=10','0','退出成功','2026-01-05 22:41:37'),(349,'23121466','127.0.0.1','内网IP','Firefox 146.0','Windows >=10','0','登录成功','2026-01-05 22:41:50'),(350,'23121466','127.0.0.1','内网IP','Firefox 146.0','Windows >=10','1','用户不存在/密码错误','2026-01-05 23:15:49'),(351,'23121466','127.0.0.1','内网IP','Firefox 146.0','Windows >=10','0','登录成功','2026-01-05 23:15:57'),(352,'admin','127.0.0.1','内网IP','Chrome 143','Windows10','0','登录成功','2026-01-05 23:17:48'),(353,'23121466','127.0.0.1','内网IP','Firefox 146.0','Windows >=10','0','登录成功','2026-01-05 23:56:44'),(354,'23121466','127.0.0.1','内网IP','Firefox 146.0','Windows >=10','0','退出成功','2026-01-06 00:04:31'),(355,'0101','127.0.0.1','内网IP','Firefox 146.0','Windows >=10','0','登录成功','2026-01-06 00:04:43'),(356,'admin','127.0.0.1','内网IP','Chrome 143','Windows10','1','用户不存在/密码错误','2026-01-06 00:05:10'),(357,'admin','127.0.0.1','内网IP','Chrome 143','Windows10','1','用户不存在/密码错误','2026-01-06 00:05:18'),(358,'admin','127.0.0.1','内网IP','Chrome 143','Windows10','0','登录成功','2026-01-06 00:05:28'),(359,'0101','127.0.0.1','内网IP','Firefox 146.0','Windows >=10','0','退出成功','2026-01-06 00:06:14'),(360,'23121466','127.0.0.1','内网IP','Firefox 146.0','Windows >=10','0','登录成功','2026-01-06 00:06:26'),(361,'23121466','127.0.0.1','内网IP','Firefox 146.0','Windows >=10','0','退出成功','2026-01-06 00:19:37'),(362,'0101','127.0.0.1','内网IP','Firefox 146.0','Windows >=10','0','登录成功','2026-01-06 00:19:51'),(363,'0101','127.0.0.1','内网IP','Firefox 146.0','Windows >=10','0','退出成功','2026-01-06 00:22:11'),(364,'23121466','127.0.0.1','内网IP','Firefox 146.0','Windows >=10','0','登录成功','2026-01-06 00:22:28'),(365,'23121466','127.0.0.1','内网IP','Firefox 146.0','Windows >=10','0','退出成功','2026-01-06 00:22:42'),(366,'0101','127.0.0.1','内网IP','Firefox 146.0','Windows >=10','0','登录成功','2026-01-06 00:23:12'),(367,'0101','127.0.0.1','内网IP','Firefox 146.0','Windows >=10','0','退出成功','2026-01-06 00:25:24'),(368,'0101','127.0.0.1','内网IP','Firefox 146.0','Windows >=10','0','登录成功','2026-01-06 00:27:13'),(369,'admin','127.0.0.1','内网IP','Chrome 130','Windows10','0','登录成功','2026-01-06 01:13:59'),(370,'admin','127.0.0.1','内网IP','Chrome 130','Windows10','0','退出成功','2026-01-06 01:35:27'),(371,'23121466','127.0.0.1','内网IP','Chrome 130','Windows10','0','登录成功','2026-01-06 01:35:35'),(372,'23121466','127.0.0.1','内网IP','Chrome 130','Windows10','0','退出成功','2026-01-06 02:25:07'),(373,'0101','127.0.0.1','内网IP','Chrome 130','Windows10','0','登录成功','2026-01-06 02:25:14'),(374,'0101','127.0.0.1','内网IP','Chrome 130','Windows10','0','退出成功','2026-01-06 02:26:54'),(375,'admin','127.0.0.1','内网IP','Chrome 130','Windows10','0','登录成功','2026-01-06 02:27:04'),(376,'admin','127.0.0.1','内网IP','Chrome 130','Windows10','0','退出成功','2026-01-06 02:28:14'),(377,'admin','127.0.0.1','内网IP','Chrome 130','Windows10','0','登录成功','2026-01-06 02:29:43'),(378,'admin','127.0.0.1','内网IP','Chrome 130','Windows10','0','退出成功','2026-01-06 02:29:51'),(379,'23121466','127.0.0.1','内网IP','Chrome 130','Windows10','1','验证码错误','2026-01-06 02:30:04'),(380,'23121466','127.0.0.1','内网IP','Chrome 130','Windows10','0','登录成功','2026-01-06 02:30:07'),(381,'23121466','127.0.0.1','内网IP','Chrome 130','Windows10','0','退出成功','2026-01-06 02:32:47'),(382,'0102','127.0.0.1','内网IP','Chrome 130','Windows10','0','登录成功','2026-01-06 02:32:54'),(383,'0102','127.0.0.1','内网IP','Chrome 130','Windows10','0','退出成功','2026-01-06 02:33:39'),(384,'0101','127.0.0.1','内网IP','Chrome 130','Windows10','0','登录成功','2026-01-06 02:33:48'),(385,'0101','127.0.0.1','内网IP','Chrome 130','Windows10','0','退出成功','2026-01-06 02:34:40'),(386,'23121466','127.0.0.1','内网IP','Chrome 130','Windows10','0','登录成功','2026-01-06 02:34:49'),(387,'23121466','127.0.0.1','内网IP','Chrome 130','Windows10','0','退出成功','2026-01-06 02:34:57'),(388,'0101','127.0.0.1','内网IP','Chrome 130','Windows10','1','验证码错误','2026-01-06 02:35:04'),(389,'0101','127.0.0.1','内网IP','Chrome 130','Windows10','0','登录成功','2026-01-06 02:35:08'),(390,'0101','127.0.0.1','内网IP','Chrome 130','Windows10','0','退出成功','2026-01-06 02:53:08'),(391,'23121466','127.0.0.1','内网IP','Chrome 130','Windows10','1','验证码错误','2026-01-06 02:53:13'),(392,'23121466','127.0.0.1','内网IP','Chrome 130','Windows10','0','登录成功','2026-01-06 02:53:17'),(393,'23121466','127.0.0.1','内网IP','Chrome 130','Windows10','0','退出成功','2026-01-06 02:55:31'),(394,'0101','127.0.0.1','内网IP','Chrome 130','Windows10','0','登录成功','2026-01-06 02:55:38'),(395,'0101','127.0.0.1','内网IP','Chrome 130','Windows10','0','退出成功','2026-01-06 03:05:54'),(396,'0102','127.0.0.1','内网IP','Chrome 130','Windows10','0','登录成功','2026-01-06 03:05:59'),(397,'0102','127.0.0.1','内网IP','Chrome 130','Windows10','0','退出成功','2026-01-06 03:06:19'),(398,'admin','127.0.0.1','内网IP','Chrome 130','Windows10','0','登录成功','2026-01-06 03:06:35'),(399,'admin','127.0.0.1','内网IP','Chrome 130','Windows10','0','退出成功','2026-01-06 03:10:18'),(400,'0102','127.0.0.1','内网IP','Chrome 130','Windows10','0','登录成功','2026-01-06 03:10:28'),(401,'0102','127.0.0.1','内网IP','Chrome 130','Windows10','0','退出成功','2026-01-06 03:10:47'),(402,'23121466','127.0.0.1','内网IP','Chrome 130','Windows10','0','登录成功','2026-01-06 03:12:40'),(403,'23121466','127.0.0.1','内网IP','Chrome 130','Windows10','0','退出成功','2026-01-06 03:18:14'),(404,'0101','127.0.0.1','内网IP','Chrome 130','Windows10','0','登录成功','2026-01-06 03:18:20'),(405,'0101','127.0.0.1','内网IP','Chrome 130','Windows10','0','退出成功','2026-01-06 03:18:47'),(406,'0102','127.0.0.1','内网IP','Chrome 130','Windows10','0','登录成功','2026-01-06 03:18:56'),(407,'0102','127.0.0.1','内网IP','Chrome 130','Windows10','0','退出成功','2026-01-06 03:19:42'),(408,'admin','127.0.0.1','内网IP','Chrome 130','Windows10','0','登录成功','2026-01-06 03:19:55');
/*!40000 ALTER TABLE `sys_logininfor` ENABLE KEYS */;

--
-- Table structure for table `sys_menu`
--

DROP TABLE IF EXISTS `sys_menu`;
/*!40101 SET @saved_cs_client     = @@character_set_client */;
/*!50503 SET character_set_client = utf8mb4 */;
CREATE TABLE `sys_menu` (
  `menu_id` bigint NOT NULL AUTO_INCREMENT COMMENT '菜单ID',
  `menu_name` varchar(50) NOT NULL COMMENT '菜单名称',
  `parent_id` bigint DEFAULT '0' COMMENT '父菜单ID',
  `order_num` int DEFAULT '0' COMMENT '显示顺序',
  `path` varchar(200) DEFAULT '' COMMENT '路由地址',
  `component` varchar(255) DEFAULT NULL COMMENT '组件路径',
  `query` varchar(255) DEFAULT NULL COMMENT '路由参数',
  `route_name` varchar(50) DEFAULT '' COMMENT '路由名称',
  `is_frame` int DEFAULT '1' COMMENT '是否为外链（0是 1否）',
  `is_cache` int DEFAULT '0' COMMENT '是否缓存（0缓存 1不缓存）',
  `menu_type` char(1) DEFAULT '' COMMENT '菜单类型（M目录 C菜单 F按钮）',
  `visible` char(1) DEFAULT '0' COMMENT '菜单状态（0显示 1隐藏）',
  `status` char(1) DEFAULT '0' COMMENT '菜单状态（0正常 1停用）',
  `perms` varchar(100) DEFAULT NULL COMMENT '权限标识',
  `icon` varchar(100) DEFAULT '#' COMMENT '菜单图标',
  `create_by` varchar(64) DEFAULT '' COMMENT '创建者',
  `create_time` datetime DEFAULT NULL COMMENT '创建时间',
  `update_by` varchar(64) DEFAULT '' COMMENT '更新者',
  `update_time` datetime DEFAULT NULL COMMENT '更新时间',
  `remark` varchar(500) DEFAULT '' COMMENT '备注',
  PRIMARY KEY (`menu_id`)
) ENGINE=InnoDB AUTO_INCREMENT=2093 DEFAULT CHARSET=utf8mb4 COLLATE=utf8mb4_0900_ai_ci COMMENT='菜单权限表';
/*!40101 SET character_set_client = @saved_cs_client */;

--
-- Dumping data for table `sys_menu`
--

/*!40000 ALTER TABLE `sys_menu` DISABLE KEYS */;
INSERT INTO `sys_menu` VALUES (1,'系统管理',0,4,'system',NULL,'','',1,0,'M','0','0','','system','admin','2025-12-24 22:41:25','admin','2025-12-30 21:19:05','系统管理目录'),(2,'系统监控',0,5,'monitor',NULL,'','',1,0,'M','0','0','','monitor','admin','2025-12-24 22:41:25','admin','2025-12-30 21:43:13','系统监控目录'),(3,'系统工具',0,4,'tool',NULL,'','',1,0,'M','0','0','','tool','admin','2025-12-24 22:41:25','admin','2025-12-30 21:19:14','系统工具目录'),(4,'若依官网',0,4,'http://ruoyi.vip',NULL,'','',0,0,'M','1','0','','guide','admin','2025-12-24 22:41:25','admin','2025-12-29 00:35:20','若依官网地址'),(100,'用户管理',1,1,'user','system/user/index','','',1,0,'C','0','0','system:user:list','user','admin','2025-12-24 22:41:25','',NULL,'用户管理菜单'),(101,'角色管理',1,2,'role','system/role/index','','',1,0,'C','0','0','system:role:list','peoples','admin','2025-12-24 22:41:25','',NULL,'角色管理菜单'),(102,'菜单管理',1,3,'menu','system/menu/index','','',1,0,'C','0','0','system:menu:list','tree-table','admin','2025-12-24 22:41:25','',NULL,'菜单管理菜单'),(103,'部门管理',1,4,'dept','system/dept/index','','',1,0,'C','1','0','system:dept:list','tree','admin','2025-12-24 22:41:25','admin','2025-12-30 19:08:07','部门管理菜单'),(104,'岗位管理',1,5,'post','system/post/index','','',1,0,'C','1','0','system:post:list','post','admin','2025-12-24 22:41:25','admin','2025-12-30 19:08:12','岗位管理菜单'),(105,'字典管理',1,6,'dict','system/dict/index','','',1,0,'C','0','0','system:dict:list','dict','admin','2025-12-24 22:41:25','',NULL,'字典管理菜单'),(106,'参数设置',1,7,'config','system/config/index','','',1,0,'C','0','0','system:config:list','edit','admin','2025-12-24 22:41:25','',NULL,'参数设置菜单'),(107,'通知公告',1,8,'notice','system/notice/index','','',1,0,'C','0','0','system:notice:list','message','admin','2025-12-24 22:41:25','',NULL,'通知公告菜单'),(108,'日志管理',1,9,'log','','','',1,0,'M','0','0','','log','admin','2025-12-24 22:41:25','',NULL,'日志管理菜单'),(109,'在线用户',2,1,'online','monitor/online/index','','',1,0,'C','0','0','monitor:online:list','online','admin','2025-12-24 22:41:25','',NULL,'在线用户菜单'),(110,'定时任务',2,2,'job','monitor/job/index','','',1,0,'C','0','0','monitor:job:list','job','admin','2025-12-24 22:41:25','',NULL,'定时任务菜单'),(111,'数据监控',2,3,'druid','monitor/druid/index','','',1,0,'C','0','0','monitor:druid:list','druid','admin','2025-12-24 22:41:25','',NULL,'数据监控菜单'),(112,'服务监控',2,4,'server','monitor/server/index','','',1,0,'C','0','0','monitor:server:list','server','admin','2025-12-24 22:41:25','',NULL,'服务监控菜单'),(113,'缓存监控',2,5,'cache','monitor/cache/index','','',1,0,'C','0','0','monitor:cache:list','redis','admin','2025-12-24 22:41:25','',NULL,'缓存监控菜单'),(114,'缓存列表',2,6,'cacheList','monitor/cache/list','','',1,0,'C','0','0','monitor:cache:list','redis-list','admin','2025-12-24 22:41:25','',NULL,'缓存列表菜单'),(115,'表单构建',3,1,'build','tool/build/index','','',1,0,'C','0','0','tool:build:list','build','admin','2025-12-24 22:41:25','',NULL,'表单构建菜单'),(116,'代码生成',3,2,'gen','tool/gen/index','','',1,0,'C','0','0','tool:gen:list','code','admin','2025-12-24 22:41:25','',NULL,'代码生成菜单'),(117,'系统接口',3,3,'swagger','tool/swagger/index','','',1,0,'C','0','0','tool:swagger:list','swagger','admin','2025-12-24 22:41:25','',NULL,'系统接口菜单'),(500,'操作日志',108,1,'operlog','monitor/operlog/index','','',1,0,'C','0','0','monitor:operlog:list','form','admin','2025-12-24 22:41:25','',NULL,'操作日志菜单'),(501,'登录日志',108,2,'logininfor','monitor/logininfor/index','','',1,0,'C','0','0','monitor:logininfor:list','logininfor','admin','2025-12-24 22:41:25','',NULL,'登录日志菜单'),(1000,'用户查询',100,1,'','','','',1,0,'F','0','0','system:user:query','#','admin','2025-12-24 22:41:25','',NULL,''),(1001,'用户新增',100,2,'','','','',1,0,'F','0','0','system:user:add','#','admin','2025-12-24 22:41:25','',NULL,''),(1002,'用户修改',100,3,'','','','',1,0,'F','0','0','system:user:edit','#','admin','2025-12-24 22:41:25','',NULL,''),(1003,'用户删除',100,4,'','','','',1,0,'F','0','0','system:user:remove','#','admin','2025-12-24 22:41:25','',NULL,''),(1004,'用户导出',100,5,'','','','',1,0,'F','0','0','system:user:export','#','admin','2025-12-24 22:41:25','',NULL,''),(1005,'用户导入',100,6,'','','','',1,0,'F','0','0','system:user:import','#','admin','2025-12-24 22:41:25','',NULL,''),(1006,'重置密码',100,7,'','','','',1,0,'F','0','0','system:user:resetPwd','#','admin','2025-12-24 22:41:25','',NULL,''),(1007,'角色查询',101,1,'','','','',1,0,'F','0','0','system:role:query','#','admin','2025-12-24 22:41:25','',NULL,''),(1008,'角色新增',101,2,'','','','',1,0,'F','0','0','system:role:add','#','admin','2025-12-24 22:41:25','',NULL,''),(1009,'角色修改',101,3,'','','','',1,0,'F','0','0','system:role:edit','#','admin','2025-12-24 22:41:25','',NULL,''),(1010,'角色删除',101,4,'','','','',1,0,'F','0','0','system:role:remove','#','admin','2025-12-24 22:41:25','',NULL,''),(1011,'角色导出',101,5,'','','','',1,0,'F','0','0','system:role:export','#','admin','2025-12-24 22:41:25','',NULL,''),(1012,'菜单查询',102,1,'','','','',1,0,'F','0','0','system:menu:query','#','admin','2025-12-24 22:41:25','',NULL,''),(1013,'菜单新增',102,2,'','','','',1,0,'F','0','0','system:menu:add','#','admin','2025-12-24 22:41:25','',NULL,''),(1014,'菜单修改',102,3,'','','','',1,0,'F','0','0','system:menu:edit','#','admin','2025-12-24 22:41:25','',NULL,''),(1015,'菜单删除',102,4,'','','','',1,0,'F','0','0','system:menu:remove','#','admin','2025-12-24 22:41:25','',NULL,''),(1016,'部门查询',103,1,'','','','',1,0,'F','0','0','system:dept:query','#','admin','2025-12-24 22:41:25','',NULL,''),(1017,'部门新增',103,2,'','','','',1,0,'F','0','0','system:dept:add','#','admin','2025-12-24 22:41:25','',NULL,''),(1018,'部门修改',103,3,'','','','',1,0,'F','0','0','system:dept:edit','#','admin','2025-12-24 22:41:25','',NULL,''),(1019,'部门删除',103,4,'','','','',1,0,'F','0','0','system:dept:remove','#','admin','2025-12-24 22:41:25','',NULL,''),(1020,'岗位查询',104,1,'','','','',1,0,'F','0','0','system:post:query','#','admin','2025-12-24 22:41:25','',NULL,''),(1021,'岗位新增',104,2,'','','','',1,0,'F','0','0','system:post:add','#','admin','2025-12-24 22:41:25','',NULL,''),(1022,'岗位修改',104,3,'','','','',1,0,'F','0','0','system:post:edit','#','admin','2025-12-24 22:41:25','',NULL,''),(1023,'岗位删除',104,4,'','','','',1,0,'F','0','0','system:post:remove','#','admin','2025-12-24 22:41:25','',NULL,''),(1024,'岗位导出',104,5,'','','','',1,0,'F','0','0','system:post:export','#','admin','2025-12-24 22:41:25','',NULL,''),(1025,'字典查询',105,1,'#','','','',1,0,'F','0','0','system:dict:query','#','admin','2025-12-24 22:41:25','',NULL,''),(1026,'字典新增',105,2,'#','','','',1,0,'F','0','0','system:dict:add','#','admin','2025-12-24 22:41:25','',NULL,''),(1027,'字典修改',105,3,'#','','','',1,0,'F','0','0','system:dict:edit','#','admin','2025-12-24 22:41:25','',NULL,''),(1028,'字典删除',105,4,'#','','','',1,0,'F','0','0','system:dict:remove','#','admin','2025-12-24 22:41:25','',NULL,''),(1029,'字典导出',105,5,'#','','','',1,0,'F','0','0','system:dict:export','#','admin','2025-12-24 22:41:25','',NULL,''),(1030,'参数查询',106,1,'#','','','',1,0,'F','0','0','system:config:query','#','admin','2025-12-24 22:41:25','',NULL,''),(1031,'参数新增',106,2,'#','','','',1,0,'F','0','0','system:config:add','#','admin','2025-12-24 22:41:25','',NULL,''),(1032,'参数修改',106,3,'#','','','',1,0,'F','0','0','system:config:edit','#','admin','2025-12-24 22:41:25','',NULL,''),(1033,'参数删除',106,4,'#','','','',1,0,'F','0','0','system:config:remove','#','admin','2025-12-24 22:41:25','',NULL,''),(1034,'参数导出',106,5,'#','','','',1,0,'F','0','0','system:config:export','#','admin','2025-12-24 22:41:25','',NULL,''),(1035,'公告查询',107,1,'#','','','',1,0,'F','0','0','system:notice:query','#','admin','2025-12-24 22:41:25','',NULL,''),(1036,'公告新增',107,2,'#','','','',1,0,'F','0','0','system:notice:add','#','admin','2025-12-24 22:41:25','',NULL,''),(1037,'公告修改',107,3,'#','','','',1,0,'F','0','0','system:notice:edit','#','admin','2025-12-24 22:41:25','',NULL,''),(1038,'公告删除',107,4,'#','','','',1,0,'F','0','0','system:notice:remove','#','admin','2025-12-24 22:41:25','',NULL,''),(1039,'操作查询',500,1,'#','','','',1,0,'F','0','0','monitor:operlog:query','#','admin','2025-12-24 22:41:25','',NULL,''),(1040,'操作删除',500,2,'#','','','',1,0,'F','0','0','monitor:operlog:remove','#','admin','2025-12-24 22:41:25','',NULL,''),(1041,'日志导出',500,3,'#','','','',1,0,'F','0','0','monitor:operlog:export','#','admin','2025-12-24 22:41:25','',NULL,''),(1042,'登录查询',501,1,'#','','','',1,0,'F','0','0','monitor:logininfor:query','#','admin','2025-12-24 22:41:25','',NULL,''),(1043,'登录删除',501,2,'#','','','',1,0,'F','0','0','monitor:logininfor:remove','#','admin','2025-12-24 22:41:25','',NULL,''),(1044,'日志导出',501,3,'#','','','',1,0,'F','0','0','monitor:logininfor:export','#','admin','2025-12-24 22:41:25','',NULL,''),(1045,'账户解锁',501,4,'#','','','',1,0,'F','0','0','monitor:logininfor:unlock','#','admin','2025-12-24 22:41:25','',NULL,''),(1046,'在线查询',109,1,'#','','','',1,0,'F','0','0','monitor:online:query','#','admin','2025-12-24 22:41:25','',NULL,''),(1047,'批量强退',109,2,'#','','','',1,0,'F','0','0','monitor:online:batchLogout','#','admin','2025-12-24 22:41:25','',NULL,''),(1048,'单条强退',109,3,'#','','','',1,0,'F','0','0','monitor:online:forceLogout','#','admin','2025-12-24 22:41:25','',NULL,''),(1049,'任务查询',110,1,'#','','','',1,0,'F','0','0','monitor:job:query','#','admin','2025-12-24 22:41:25','',NULL,''),(1050,'任务新增',110,2,'#','','','',1,0,'F','0','0','monitor:job:add','#','admin','2025-12-24 22:41:25','',NULL,''),(1051,'任务修改',110,3,'#','','','',1,0,'F','0','0','monitor:job:edit','#','admin','2025-12-24 22:41:25','',NULL,''),(1052,'任务删除',110,4,'#','','','',1,0,'F','0','0','monitor:job:remove','#','admin','2025-12-24 22:41:25','',NULL,''),(1053,'状态修改',110,5,'#','','','',1,0,'F','0','0','monitor:job:changeStatus','#','admin','2025-12-24 22:41:25','',NULL,''),(1054,'任务导出',110,6,'#','','','',1,0,'F','0','0','monitor:job:export','#','admin','2025-12-24 22:41:25','',NULL,''),(1055,'生成查询',116,1,'#','','','',1,0,'F','0','0','tool:gen:query','#','admin','2025-12-24 22:41:25','',NULL,''),(1056,'生成修改',116,2,'#','','','',1,0,'F','0','0','tool:gen:edit','#','admin','2025-12-24 22:41:25','',NULL,''),(1057,'生成删除',116,3,'#','','','',1,0,'F','0','0','tool:gen:remove','#','admin','2025-12-24 22:41:25','',NULL,''),(1058,'导入代码',116,4,'#','','','',1,0,'F','0','0','tool:gen:import','#','admin','2025-12-24 22:41:25','',NULL,''),(1059,'预览代码',116,5,'#','','','',1,0,'F','0','0','tool:gen:preview','#','admin','2025-12-24 22:41:25','',NULL,''),(1060,'生成代码',116,6,'#','','','',1,0,'F','0','0','tool:gen:code','#','admin','2025-12-24 22:41:25','',NULL,''),(2036,'开课',2072,1,'class','school/class/index',NULL,'',1,0,'C','0','0','school:class:list','#','admin','2025-12-24 23:49:25','admin','2025-12-30 21:11:39','开课菜单'),(2037,'开课查询',2036,1,'#','',NULL,'',1,0,'F','0','0','school:class:query','#','admin','2025-12-24 23:49:25','',NULL,''),(2038,'开课新增',2036,2,'#','',NULL,'',1,0,'F','0','0','school:class:add','#','admin','2025-12-24 23:49:25','',NULL,''),(2039,'开课修改',2036,3,'#','',NULL,'',1,0,'F','0','0','school:class:edit','#','admin','2025-12-24 23:49:25','',NULL,''),(2040,'开课删除',2036,4,'#','',NULL,'',1,0,'F','0','0','school:class:remove','#','admin','2025-12-24 23:49:25','',NULL,''),(2041,'开课导出',2036,5,'#','',NULL,'',1,0,'F','0','0','school:class:export','#','admin','2025-12-24 23:49:25','',NULL,''),(2042,'课程库',2072,1,'course','school/course/index',NULL,'',1,0,'C','0','0','school:course:list','#','admin','2025-12-24 23:49:33','admin','2025-12-30 21:04:54','课程菜单'),(2043,'课程查询',2042,1,'#','',NULL,'',1,0,'F','0','0','school:course:query','#','admin','2025-12-24 23:49:33','',NULL,''),(2044,'课程新增',2042,2,'#','',NULL,'',1,0,'F','0','0','school:course:add','#','admin','2025-12-24 23:49:33','',NULL,''),(2045,'课程修改',2042,3,'#','',NULL,'',1,0,'F','0','0','school:course:edit','#','admin','2025-12-24 23:49:33','',NULL,''),(2046,'课程删除',2042,4,'#','',NULL,'',1,0,'F','0','0','school:course:remove','#','admin','2025-12-24 23:49:33','',NULL,''),(2047,'课程导出',2042,5,'#','',NULL,'',1,0,'F','0','0','school:course:export','#','admin','2025-12-24 23:49:33','',NULL,''),(2048,'院系管理',2072,1,'department','school/department/index',NULL,'',1,0,'C','0','0','school:department:list','#','admin','2025-12-24 23:49:41','admin','2025-12-30 21:02:43','院系菜单'),(2049,'院系查询',2048,1,'#','',NULL,'',1,0,'F','0','0','school:department:query','#','admin','2025-12-24 23:49:41','',NULL,''),(2050,'院系新增',2048,2,'#','',NULL,'',1,0,'F','0','0','school:department:add','#','admin','2025-12-24 23:49:41','',NULL,''),(2051,'院系修改',2048,3,'#','',NULL,'',1,0,'F','0','0','school:department:edit','#','admin','2025-12-24 23:49:41','',NULL,''),(2052,'院系删除',2048,4,'#','',NULL,'',1,0,'F','0','0','school:department:remove','#','admin','2025-12-24 23:49:41','',NULL,''),(2053,'院系导出',2048,5,'#','',NULL,'',1,0,'F','0','0','school:department:export','#','admin','2025-12-24 23:49:41','',NULL,''),(2054,'选课成绩',2072,1,'selection','school/selection/index',NULL,'',1,0,'C','0','0','school:selection:list','#','admin','2025-12-24 23:49:44','admin','2025-12-30 21:12:09','选课成绩菜单'),(2055,'选课成绩查询',2054,1,'#','',NULL,'',1,0,'F','0','0','school:selection:query','#','admin','2025-12-24 23:49:44','',NULL,''),(2056,'选课成绩新增',2054,2,'#','',NULL,'',1,0,'F','0','0','school:selection:add','#','admin','2025-12-24 23:49:44','',NULL,''),(2057,'选课成绩修改',2054,3,'#','',NULL,'',1,0,'F','0','0','school:selection:edit','#','admin','2025-12-24 23:49:44','',NULL,''),(2058,'选课成绩删除',2054,4,'#','',NULL,'',1,0,'F','0','0','school:selection:remove','#','admin','2025-12-24 23:49:44','',NULL,''),(2059,'选课成绩导出',2054,5,'#','',NULL,'',1,0,'F','0','0','school:selection:export','#','admin','2025-12-24 23:49:44','',NULL,''),(2060,'学生学籍',2072,1,'student','school/student/index',NULL,'',1,0,'C','0','0','school:student:list','#','admin','2025-12-24 23:49:48','admin','2025-12-30 21:05:48','学生菜单'),(2061,'学生查询',2060,1,'#','',NULL,'',1,0,'F','0','0','school:student:query','#','admin','2025-12-24 23:49:48','',NULL,''),(2062,'学生新增',2060,2,'#','',NULL,'',1,0,'F','0','0','school:student:add','#','admin','2025-12-24 23:49:48','',NULL,''),(2063,'学生修改',2060,3,'#','',NULL,'',1,0,'F','0','0','school:student:edit','#','admin','2025-12-24 23:49:48','',NULL,''),(2064,'学生删除',2060,4,'#','',NULL,'',1,0,'F','0','0','school:student:remove','#','admin','2025-12-24 23:49:48','',NULL,''),(2065,'学生导出',2060,5,'#','',NULL,'',1,0,'F','0','0','school:student:export','#','admin','2025-12-24 23:49:48','',NULL,''),(2066,'教师档案',2072,1,'teacher','school/teacher/index',NULL,'',1,0,'C','0','0','school:teacher:list','#','admin','2025-12-24 23:49:51','admin','2025-12-30 21:05:23','教师菜单'),(2067,'教师查询',2066,1,'#','',NULL,'',1,0,'F','0','0','school:teacher:query','#','admin','2025-12-24 23:49:51','',NULL,''),(2068,'教师新增',2066,2,'#','',NULL,'',1,0,'F','0','0','school:teacher:add','#','admin','2025-12-24 23:49:51','',NULL,''),(2069,'教师修改',2066,3,'#','',NULL,'',1,0,'F','0','0','school:teacher:edit','#','admin','2025-12-24 23:49:51','',NULL,''),(2070,'教师删除',2066,4,'#','',NULL,'',1,0,'F','0','0','school:teacher:remove','#','admin','2025-12-24 23:49:51','',NULL,''),(2071,'教师导出',2066,5,'#','',NULL,'',1,0,'F','0','0','school:teacher:export','#','admin','2025-12-24 23:49:51','',NULL,''),(2072,'教务管理 (目录) ',0,1,'academic',NULL,NULL,'',1,0,'M','0','0',NULL,'system','admin','2025-12-30 19:01:51','',NULL,''),(2073,'教学事务',0,2,'teaching',NULL,NULL,'',1,0,'M','0','0',NULL,'education','admin','2025-12-30 19:02:37','',NULL,''),(2074,'学生服务',0,3,'student',NULL,NULL,'',1,0,'M','0','0',NULL,'user','admin','2025-12-30 19:06:46','',NULL,''),(2075,'我的课程',2073,1,'my course','school/class/index',NULL,'',1,0,'C','0','0',NULL,'table','admin','2025-12-30 21:14:02','',NULL,''),(2076,'成绩录入',2073,2,'score','school/selection/index',NULL,'',1,0,'C','0','0','','user','admin','2025-12-30 21:17:24','admin','2025-12-30 21:18:12',''),(2077,'自主选课',2074,0,'studentSelection','system/selection/student',NULL,'studentSelection',1,0,'C','0','0','system:selection:list','user','admin','2025-12-30 21:20:21','admin','2026-01-03 00:18:59',''),(2078,'可选课程',2077,1,'optionalCourses','system/selection/optional',NULL,'',1,0,'C','0','0','system:selection:optional','list','admin','2026-01-02 17:57:39','admin','2026-01-02 17:57:39','学生可选课程列表'),(2079,'已选课程',2077,2,'selectedCourses','system/selection/selected',NULL,'',1,0,'C','0','0','system:selection:selected','user','admin','2026-01-02 17:57:39','admin','2026-01-02 17:57:39','学生已选课程列表'),(2080,'选课',2077,3,'#','',NULL,'',1,0,'F','0','0','system:selection:add','','admin','2026-01-02 17:57:46','admin','2026-01-03 16:03:01','学生选课按钮'),(2081,'退课',2077,4,'#','',NULL,'',1,0,'F','0','0','system:selection:remove','','admin','2026-01-02 17:57:46','admin','2026-01-03 16:03:10','学生退课按钮'),(2082,'自主选课-查询',2077,1,'#','',NULL,'',1,0,'F','0','0','system:selection:query','#','admin','2026-01-02 22:12:16','admin','2026-01-02 22:12:16',''),(2083,'自主选课-新增',2077,2,'#','',NULL,'',1,0,'F','0','0','system:selection:add','#','admin','2026-01-02 22:12:16','admin','2026-01-02 22:12:16',''),(2084,'自主选课-修改',2077,3,'#','',NULL,'',1,0,'F','0','0','system:selection:edit','#','admin','2026-01-02 22:12:16','admin','2026-01-02 22:12:16',''),(2085,'自主选课-删除',2077,4,'#','',NULL,'',1,0,'F','0','0','system:selection:remove','#','admin','2026-01-02 22:12:16','admin','2026-01-02 22:12:16',''),(2086,'自主选课-导出',2077,5,'#','',NULL,'',1,0,'F','0','0','system:selection:export','#','admin','2026-01-02 22:12:16','admin','2026-01-02 22:12:16',''),(2090,'学生课表',2074,1,'studentSchedule','system/schedule/student',NULL,'',1,0,'C','0','0','system:schedule:list','build','admin','2026-01-03 00:25:12','admin','2026-01-03 00:35:09','学生课表入口'),(2091,'学生课表-查询',2090,1,'#','',NULL,'',1,0,'F','0','0','system:schedule:query','#','admin','2026-01-03 00:25:12','admin','2026-01-03 00:25:12',''),(2092,'学生课表-导出',2090,2,'#','',NULL,'',1,0,'F','0','0','system:schedule:export','#','admin','2026-01-03 00:25:12','admin','2026-01-03 00:25:12','');
/*!40000 ALTER TABLE `sys_menu` ENABLE KEYS */;

--
-- Table structure for table `sys_notice`
--

DROP TABLE IF EXISTS `sys_notice`;
/*!40101 SET @saved_cs_client     = @@character_set_client */;
/*!50503 SET character_set_client = utf8mb4 */;
CREATE TABLE `sys_notice` (
  `notice_id` int NOT NULL AUTO_INCREMENT COMMENT '公告ID',
  `notice_title` varchar(50) NOT NULL COMMENT '公告标题',
  `notice_type` char(1) NOT NULL COMMENT '公告类型（1通知 2公告）',
  `notice_content` longblob COMMENT '公告内容',
  `status` char(1) DEFAULT '0' COMMENT '公告状态（0正常 1关闭）',
  `create_by` varchar(64) DEFAULT '' COMMENT '创建者',
  `create_time` datetime DEFAULT NULL COMMENT '创建时间',
  `update_by` varchar(64) DEFAULT '' COMMENT '更新者',
  `update_time` datetime DEFAULT NULL COMMENT '更新时间',
  `remark` varchar(255) DEFAULT NULL COMMENT '备注',
  PRIMARY KEY (`notice_id`)
) ENGINE=InnoDB AUTO_INCREMENT=10 DEFAULT CHARSET=utf8mb4 COLLATE=utf8mb4_0900_ai_ci COMMENT='通知公告表';
/*!40101 SET character_set_client = @saved_cs_client */;

--
-- Dumping data for table `sys_notice`
--

/*!40000 ALTER TABLE `sys_notice` DISABLE KEYS */;
INSERT INTO `sys_notice` VALUES (1,'温馨提醒：2018-07-01 若依新版本发布啦','2',_binary '新版本内容','0','admin','2025-12-24 22:41:26','',NULL,'管理员'),(2,'维护通知：2018-07-01 若依系统凌晨维护','1',_binary '维护内容','0','admin','2025-12-24 22:41:26','',NULL,'管理员');
/*!40000 ALTER TABLE `sys_notice` ENABLE KEYS */;

--
-- Table structure for table `sys_oper_log`
--

DROP TABLE IF EXISTS `sys_oper_log`;
/*!40101 SET @saved_cs_client     = @@character_set_client */;
/*!50503 SET character_set_client = utf8mb4 */;
CREATE TABLE `sys_oper_log` (
  `oper_id` bigint NOT NULL AUTO_INCREMENT COMMENT '日志主键',
  `title` varchar(50) DEFAULT '' COMMENT '模块标题',
  `business_type` int DEFAULT '0' COMMENT '业务类型（0其它 1新增 2修改 3删除）',
  `method` varchar(200) DEFAULT '' COMMENT '方法名称',
  `request_method` varchar(10) DEFAULT '' COMMENT '请求方式',
  `operator_type` int DEFAULT '0' COMMENT '操作类别（0其它 1后台用户 2手机端用户）',
  `oper_name` varchar(50) DEFAULT '' COMMENT '操作人员',
  `dept_name` varchar(50) DEFAULT '' COMMENT '部门名称',
  `oper_url` varchar(255) DEFAULT '' COMMENT '请求URL',
  `oper_ip` varchar(128) DEFAULT '' COMMENT '主机地址',
  `oper_location` varchar(255) DEFAULT '' COMMENT '操作地点',
  `oper_param` varchar(2000) DEFAULT '' COMMENT '请求参数',
  `json_result` varchar(2000) DEFAULT '' COMMENT '返回参数',
  `status` int DEFAULT '0' COMMENT '操作状态（0正常 1异常）',
  `error_msg` varchar(2000) DEFAULT '' COMMENT '错误消息',
  `oper_time` datetime DEFAULT NULL COMMENT '操作时间',
  `cost_time` bigint DEFAULT '0' COMMENT '消耗时间',
  PRIMARY KEY (`oper_id`),
  KEY `idx_sys_oper_log_bt` (`business_type`),
  KEY `idx_sys_oper_log_s` (`status`),
  KEY `idx_sys_oper_log_ot` (`oper_time`)
) ENGINE=InnoDB AUTO_INCREMENT=486 DEFAULT CHARSET=utf8mb4 COLLATE=utf8mb4_0900_ai_ci COMMENT='操作日志记录';
/*!40101 SET character_set_client = @saved_cs_client */;

--
-- Dumping data for table `sys_oper_log`
--

/*!40000 ALTER TABLE `sys_oper_log` DISABLE KEYS */;
INSERT INTO `sys_oper_log` VALUES (100,'代码生成',6,'com.ruoyi.generator.controller.GenController.importTableSave()','POST',1,'admin','研发部门','/tool/gen/importTable','127.0.0.1','内网IP','{\"tables\":\"stu_teacher,stu_student,stu_selection,stu_department,stu_course,stu_class\"}','{\"msg\":\"操作成功\",\"code\":200}',0,NULL,'2025-12-24 22:52:29',385),(101,'代码生成',2,'com.ruoyi.generator.controller.GenController.editSave()','PUT',1,'admin','研发部门','/tool/gen','127.0.0.1','内网IP','{\"businessName\":\"class\",\"className\":\"StuClass\",\"columns\":[{\"capJavaField\":\"ClassId\",\"columnComment\":\"开课标识\",\"columnId\":1,\"columnName\":\"class_id\",\"columnType\":\"int\",\"createBy\":\"admin\",\"createTime\":\"2025-12-24 22:52:29\",\"dictType\":\"\",\"edit\":false,\"htmlType\":\"input\",\"increment\":true,\"insert\":true,\"isIncrement\":\"1\",\"isInsert\":\"1\",\"isPk\":\"1\",\"isRequired\":\"0\",\"javaField\":\"classId\",\"javaType\":\"Long\",\"list\":false,\"params\":{},\"pk\":true,\"query\":false,\"queryType\":\"LIKE\",\"required\":false,\"sort\":1,\"superColumn\":false,\"tableId\":1,\"updateBy\":\"\",\"usableColumn\":false},{\"capJavaField\":\"Semester\",\"columnComment\":\"学期\",\"columnId\":2,\"columnName\":\"semester\",\"columnType\":\"varchar(30)\",\"createBy\":\"admin\",\"createTime\":\"2025-12-24 22:52:29\",\"dictType\":\"\",\"edit\":true,\"htmlType\":\"input\",\"increment\":false,\"insert\":true,\"isEdit\":\"1\",\"isIncrement\":\"0\",\"isInsert\":\"1\",\"isList\":\"1\",\"isPk\":\"0\",\"isQuery\":\"1\",\"isRequired\":\"1\",\"javaField\":\"semester\",\"javaType\":\"String\",\"list\":true,\"params\":{},\"pk\":false,\"query\":true,\"queryType\":\"EQ\",\"required\":true,\"sort\":2,\"superColumn\":false,\"tableId\":1,\"updateBy\":\"\",\"usableColumn\":false},{\"capJavaField\":\"CourseId\",\"columnComment\":\"课名\",\"columnId\":3,\"columnName\":\"course_id\",\"columnType\":\"varchar(20)\",\"createBy\":\"admin\",\"createTime\":\"2025-12-24 22:52:29\",\"dictType\":\"\",\"edit\":true,\"htmlType\":\"input\",\"increment\":false,\"insert\":true,\"isEdit\":\"1\",\"isIncrement\":\"0\",\"isInsert\":\"1\",\"isList\":\"1\",\"isPk\":\"0\",\"isQuery\":\"1\",\"isRequired\":\"1\",\"javaField\":\"courseId\",\"javaType\":\"String\",\"list\":true,\"params\":{},\"pk\":false,\"query\":true,\"queryType\":\"LIKE\",\"required\":true,\"sort\":3,\"superColumn\":false,\"tableId\":1,\"updateBy\":\"\",\"usableColumn\":false},{\"capJavaField\":\"StaffId\",\"columnComment\":\"工号\",\"columnId\":4,\"columnName\":\"staff_id\",\"columnType\":\"varchar(20)\",\"createBy\":\"admin\",\"createTime\":\"2025-12-24 22:52:29\",\"dictType\":\"\",\"edit\":true,\"htmlType\":\"input\",\"increment\":false,\"insert\":true,\"isEdit\":\"1\",\"isIncrement\":\"0\",\"isInsert\":\"1\",\"isList\":\"1\",\"isPk\":\"0\",\"isQuery\":\"1\",\"isRequired\":\"1\",\"javaFi','{\"msg\":\"操作成功\",\"code\":200}',0,NULL,'2025-12-24 22:54:46',67),(102,'代码生成',2,'com.ruoyi.generator.controller.GenController.editSave()','PUT',1,'admin','研发部门','/tool/gen','127.0.0.1','内网IP','{\"businessName\":\"course\",\"className\":\"StuCourse\",\"columns\":[{\"capJavaField\":\"CourseId\",\"columnComment\":\"课号\",\"columnId\":6,\"columnName\":\"course_id\",\"columnType\":\"varchar(20)\",\"createBy\":\"admin\",\"createTime\":\"2025-12-24 22:52:29\",\"dictType\":\"\",\"edit\":false,\"htmlType\":\"input\",\"increment\":false,\"insert\":true,\"isIncrement\":\"0\",\"isInsert\":\"1\",\"isPk\":\"1\",\"isRequired\":\"0\",\"javaField\":\"courseId\",\"javaType\":\"String\",\"list\":false,\"params\":{},\"pk\":true,\"query\":false,\"queryType\":\"EQ\",\"required\":false,\"sort\":1,\"superColumn\":false,\"tableId\":2,\"updateBy\":\"\",\"usableColumn\":false},{\"capJavaField\":\"CourseName\",\"columnComment\":\"课名\",\"columnId\":7,\"columnName\":\"course_name\",\"columnType\":\"varchar(50)\",\"createBy\":\"admin\",\"createTime\":\"2025-12-24 22:52:29\",\"dictType\":\"\",\"edit\":true,\"htmlType\":\"input\",\"increment\":false,\"insert\":true,\"isEdit\":\"1\",\"isIncrement\":\"0\",\"isInsert\":\"1\",\"isList\":\"1\",\"isPk\":\"0\",\"isQuery\":\"1\",\"isRequired\":\"1\",\"javaField\":\"courseName\",\"javaType\":\"String\",\"list\":true,\"params\":{},\"pk\":false,\"query\":true,\"queryType\":\"LIKE\",\"required\":true,\"sort\":2,\"superColumn\":false,\"tableId\":2,\"updateBy\":\"\",\"usableColumn\":false},{\"capJavaField\":\"Credit\",\"columnComment\":\"学分\",\"columnId\":8,\"columnName\":\"credit\",\"columnType\":\"int\",\"createBy\":\"admin\",\"createTime\":\"2025-12-24 22:52:29\",\"dictType\":\"\",\"edit\":true,\"htmlType\":\"input\",\"increment\":false,\"insert\":true,\"isEdit\":\"1\",\"isIncrement\":\"0\",\"isInsert\":\"1\",\"isList\":\"1\",\"isPk\":\"0\",\"isQuery\":\"1\",\"isRequired\":\"0\",\"javaField\":\"credit\",\"javaType\":\"Long\",\"list\":true,\"params\":{},\"pk\":false,\"query\":true,\"queryType\":\"EQ\",\"required\":false,\"sort\":3,\"superColumn\":false,\"tableId\":2,\"updateBy\":\"\",\"usableColumn\":false},{\"capJavaField\":\"CreditHours\",\"columnComment\":\"学时\",\"columnId\":9,\"columnName\":\"credit_hours\",\"columnType\":\"int\",\"createBy\":\"admin\",\"createTime\":\"2025-12-24 22:52:29\",\"dictType\":\"\",\"edit\":true,\"htmlType\":\"input\",\"increment\":false,\"insert\":true,\"isEdit\":\"1\",\"isIncrement\":\"0\",\"isInsert\":\"1\",\"isList\":\"1\",\"isPk\":\"0\",\"isQuery\":\"1\",\"isRequired\":\"0\",\"jav','{\"msg\":\"操作成功\",\"code\":200}',0,NULL,'2025-12-24 22:54:57',61),(103,'代码生成',2,'com.ruoyi.generator.controller.GenController.editSave()','PUT',1,'admin','研发部门','/tool/gen','127.0.0.1','内网IP','{\"businessName\":\"department\",\"className\":\"StuDepartment\",\"columns\":[{\"capJavaField\":\"DeptId\",\"columnComment\":\"院系号\",\"columnId\":11,\"columnName\":\"dept_id\",\"columnType\":\"varchar(20)\",\"createBy\":\"admin\",\"createTime\":\"2025-12-24 22:52:29\",\"dictType\":\"\",\"edit\":false,\"htmlType\":\"input\",\"increment\":false,\"insert\":true,\"isIncrement\":\"0\",\"isInsert\":\"1\",\"isPk\":\"1\",\"isRequired\":\"0\",\"javaField\":\"deptId\",\"javaType\":\"String\",\"list\":false,\"params\":{},\"pk\":true,\"query\":false,\"queryType\":\"EQ\",\"required\":false,\"sort\":1,\"superColumn\":false,\"tableId\":3,\"updateBy\":\"\",\"usableColumn\":false},{\"capJavaField\":\"DeptName\",\"columnComment\":\"名称\",\"columnId\":12,\"columnName\":\"dept_name\",\"columnType\":\"varchar(50)\",\"createBy\":\"admin\",\"createTime\":\"2025-12-24 22:52:29\",\"dictType\":\"\",\"edit\":true,\"htmlType\":\"input\",\"increment\":false,\"insert\":true,\"isEdit\":\"1\",\"isIncrement\":\"0\",\"isInsert\":\"1\",\"isList\":\"1\",\"isPk\":\"0\",\"isQuery\":\"1\",\"isRequired\":\"1\",\"javaField\":\"deptName\",\"javaType\":\"String\",\"list\":true,\"params\":{},\"pk\":false,\"query\":true,\"queryType\":\"LIKE\",\"required\":true,\"sort\":2,\"superColumn\":false,\"tableId\":3,\"updateBy\":\"\",\"usableColumn\":false},{\"capJavaField\":\"Address\",\"columnComment\":\"地址\",\"columnId\":13,\"columnName\":\"address\",\"columnType\":\"varchar(100)\",\"createBy\":\"admin\",\"createTime\":\"2025-12-24 22:52:29\",\"dictType\":\"\",\"edit\":true,\"htmlType\":\"input\",\"increment\":false,\"insert\":true,\"isEdit\":\"1\",\"isIncrement\":\"0\",\"isInsert\":\"1\",\"isList\":\"1\",\"isPk\":\"0\",\"isQuery\":\"1\",\"isRequired\":\"0\",\"javaField\":\"address\",\"javaType\":\"String\",\"list\":true,\"params\":{},\"pk\":false,\"query\":true,\"queryType\":\"EQ\",\"required\":false,\"sort\":3,\"superColumn\":false,\"tableId\":3,\"updateBy\":\"\",\"usableColumn\":false},{\"capJavaField\":\"PhoneCode\",\"columnComment\":\"联系电话\",\"columnId\":14,\"columnName\":\"phone_code\",\"columnType\":\"varchar(20)\",\"createBy\":\"admin\",\"createTime\":\"2025-12-24 22:52:29\",\"dictType\":\"\",\"edit\":true,\"htmlType\":\"input\",\"increment\":false,\"insert\":true,\"isEdit\":\"1\",\"isIncrement\":\"0\",\"isInsert\":\"1\",\"isList\":\"1\",\"isPk\":\"0\",\"isQuery\":\"1\",','{\"msg\":\"操作成功\",\"code\":200}',0,NULL,'2025-12-24 22:55:06',103),(104,'代码生成',2,'com.ruoyi.generator.controller.GenController.editSave()','PUT',1,'admin','研发部门','/tool/gen','127.0.0.1','内网IP','{\"businessName\":\"selection\",\"className\":\"StuSelection\",\"columns\":[{\"capJavaField\":\"SelectionId\",\"columnComment\":\"选课记录ID\",\"columnId\":15,\"columnName\":\"selection_id\",\"columnType\":\"int\",\"createBy\":\"admin\",\"createTime\":\"2025-12-24 22:52:29\",\"dictType\":\"\",\"edit\":false,\"htmlType\":\"input\",\"increment\":true,\"insert\":true,\"isIncrement\":\"1\",\"isInsert\":\"1\",\"isPk\":\"1\",\"isRequired\":\"0\",\"javaField\":\"selectionId\",\"javaType\":\"Long\",\"list\":false,\"params\":{},\"pk\":true,\"query\":false,\"queryType\":\"EQ\",\"required\":false,\"sort\":1,\"superColumn\":false,\"tableId\":4,\"updateBy\":\"\",\"usableColumn\":false},{\"capJavaField\":\"StudentId\",\"columnComment\":\"学号\",\"columnId\":16,\"columnName\":\"student_id\",\"columnType\":\"varchar(20)\",\"createBy\":\"admin\",\"createTime\":\"2025-12-24 22:52:29\",\"dictType\":\"\",\"edit\":true,\"htmlType\":\"input\",\"increment\":false,\"insert\":true,\"isEdit\":\"1\",\"isIncrement\":\"0\",\"isInsert\":\"1\",\"isList\":\"1\",\"isPk\":\"0\",\"isQuery\":\"1\",\"isRequired\":\"1\",\"javaField\":\"studentId\",\"javaType\":\"String\",\"list\":true,\"params\":{},\"pk\":false,\"query\":true,\"queryType\":\"EQ\",\"required\":true,\"sort\":2,\"superColumn\":false,\"tableId\":4,\"updateBy\":\"\",\"usableColumn\":false},{\"capJavaField\":\"ClassId\",\"columnComment\":\"开课ID\",\"columnId\":17,\"columnName\":\"class_id\",\"columnType\":\"int\",\"createBy\":\"admin\",\"createTime\":\"2025-12-24 22:52:29\",\"dictType\":\"\",\"edit\":true,\"htmlType\":\"input\",\"increment\":false,\"insert\":true,\"isEdit\":\"1\",\"isIncrement\":\"0\",\"isInsert\":\"1\",\"isList\":\"1\",\"isPk\":\"0\",\"isQuery\":\"1\",\"isRequired\":\"1\",\"javaField\":\"classId\",\"javaType\":\"Long\",\"list\":true,\"params\":{},\"pk\":false,\"query\":true,\"queryType\":\"EQ\",\"required\":true,\"sort\":3,\"superColumn\":false,\"tableId\":4,\"updateBy\":\"\",\"usableColumn\":false},{\"capJavaField\":\"NormalScore\",\"columnComment\":\"平时成绩\",\"columnId\":18,\"columnName\":\"normal_score\",\"columnType\":\"decimal(5,2)\",\"createBy\":\"admin\",\"createTime\":\"2025-12-24 22:52:29\",\"dictType\":\"\",\"edit\":true,\"htmlType\":\"input\",\"increment\":false,\"insert\":true,\"isEdit\":\"1\",\"isIncrement\":\"0\",\"isInsert\":\"1\",\"isList\":\"1\",\"isPk\":\"0\",\"isQuery\":\"1','{\"msg\":\"操作成功\",\"code\":200}',0,NULL,'2025-12-24 22:55:12',32),(105,'代码生成',2,'com.ruoyi.generator.controller.GenController.editSave()','PUT',1,'admin','研发部门','/tool/gen','127.0.0.1','内网IP','{\"businessName\":\"student\",\"className\":\"StuStudent\",\"columns\":[{\"capJavaField\":\"StudentId\",\"columnComment\":\"学号\",\"columnId\":21,\"columnName\":\"student_id\",\"columnType\":\"varchar(20)\",\"createBy\":\"admin\",\"createTime\":\"2025-12-24 22:52:29\",\"dictType\":\"\",\"edit\":false,\"htmlType\":\"input\",\"increment\":false,\"insert\":true,\"isIncrement\":\"0\",\"isInsert\":\"1\",\"isPk\":\"1\",\"isRequired\":\"0\",\"javaField\":\"studentId\",\"javaType\":\"String\",\"list\":false,\"params\":{},\"pk\":true,\"query\":false,\"queryType\":\"EQ\",\"required\":false,\"sort\":1,\"superColumn\":false,\"tableId\":5,\"updateBy\":\"\",\"usableColumn\":false},{\"capJavaField\":\"Name\",\"columnComment\":\"姓名\",\"columnId\":22,\"columnName\":\"name\",\"columnType\":\"varchar(30)\",\"createBy\":\"admin\",\"createTime\":\"2025-12-24 22:52:29\",\"dictType\":\"\",\"edit\":true,\"htmlType\":\"input\",\"increment\":false,\"insert\":true,\"isEdit\":\"1\",\"isIncrement\":\"0\",\"isInsert\":\"1\",\"isList\":\"1\",\"isPk\":\"0\",\"isQuery\":\"1\",\"isRequired\":\"1\",\"javaField\":\"name\",\"javaType\":\"String\",\"list\":true,\"params\":{},\"pk\":false,\"query\":true,\"queryType\":\"LIKE\",\"required\":true,\"sort\":2,\"superColumn\":false,\"tableId\":5,\"updateBy\":\"\",\"usableColumn\":false},{\"capJavaField\":\"Sex\",\"columnComment\":\"性别\",\"columnId\":23,\"columnName\":\"sex\",\"columnType\":\"char(1)\",\"createBy\":\"admin\",\"createTime\":\"2025-12-24 22:52:29\",\"dictType\":\"\",\"edit\":true,\"htmlType\":\"select\",\"increment\":false,\"insert\":true,\"isEdit\":\"1\",\"isIncrement\":\"0\",\"isInsert\":\"1\",\"isList\":\"1\",\"isPk\":\"0\",\"isQuery\":\"1\",\"isRequired\":\"0\",\"javaField\":\"sex\",\"javaType\":\"String\",\"list\":true,\"params\":{},\"pk\":false,\"query\":true,\"queryType\":\"EQ\",\"required\":false,\"sort\":3,\"superColumn\":false,\"tableId\":5,\"updateBy\":\"\",\"usableColumn\":false},{\"capJavaField\":\"DateOfBirth\",\"columnComment\":\"出生日期\",\"columnId\":24,\"columnName\":\"date_of_birth\",\"columnType\":\"date\",\"createBy\":\"admin\",\"createTime\":\"2025-12-24 22:52:29\",\"dictType\":\"\",\"edit\":true,\"htmlType\":\"datetime\",\"increment\":false,\"insert\":true,\"isEdit\":\"1\",\"isIncrement\":\"0\",\"isInsert\":\"1\",\"isList\":\"1\",\"isPk\":\"0\",\"isQuery\":\"1\",\"isRequired\":\"0\",\"javaFiel','{\"msg\":\"操作成功\",\"code\":200}',0,NULL,'2025-12-24 22:55:24',38),(106,'代码生成',2,'com.ruoyi.generator.controller.GenController.editSave()','PUT',1,'admin','研发部门','/tool/gen','127.0.0.1','内网IP','{\"businessName\":\"teacher\",\"className\":\"StuTeacher\",\"columns\":[{\"capJavaField\":\"StaffId\",\"columnComment\":\"工号\",\"columnId\":28,\"columnName\":\"staff_id\",\"columnType\":\"varchar(20)\",\"createBy\":\"admin\",\"createTime\":\"2025-12-24 22:52:29\",\"dictType\":\"\",\"edit\":false,\"htmlType\":\"input\",\"increment\":false,\"insert\":true,\"isIncrement\":\"0\",\"isInsert\":\"1\",\"isPk\":\"1\",\"isRequired\":\"0\",\"javaField\":\"staffId\",\"javaType\":\"String\",\"list\":false,\"params\":{},\"pk\":true,\"query\":false,\"queryType\":\"EQ\",\"required\":false,\"sort\":1,\"superColumn\":false,\"tableId\":6,\"updateBy\":\"\",\"usableColumn\":false},{\"capJavaField\":\"Name\",\"columnComment\":\"姓名\",\"columnId\":29,\"columnName\":\"name\",\"columnType\":\"varchar(30)\",\"createBy\":\"admin\",\"createTime\":\"2025-12-24 22:52:29\",\"dictType\":\"\",\"edit\":true,\"htmlType\":\"input\",\"increment\":false,\"insert\":true,\"isEdit\":\"1\",\"isIncrement\":\"0\",\"isInsert\":\"1\",\"isList\":\"1\",\"isPk\":\"0\",\"isQuery\":\"1\",\"isRequired\":\"1\",\"javaField\":\"name\",\"javaType\":\"String\",\"list\":true,\"params\":{},\"pk\":false,\"query\":true,\"queryType\":\"LIKE\",\"required\":true,\"sort\":2,\"superColumn\":false,\"tableId\":6,\"updateBy\":\"\",\"usableColumn\":false},{\"capJavaField\":\"Sex\",\"columnComment\":\"性别（0男 1女 ）\",\"columnId\":30,\"columnName\":\"sex\",\"columnType\":\"char(1)\",\"createBy\":\"admin\",\"createTime\":\"2025-12-24 22:52:29\",\"dictType\":\"\",\"edit\":true,\"htmlType\":\"select\",\"increment\":false,\"insert\":true,\"isEdit\":\"1\",\"isIncrement\":\"0\",\"isInsert\":\"1\",\"isList\":\"1\",\"isPk\":\"0\",\"isQuery\":\"1\",\"isRequired\":\"0\",\"javaField\":\"sex\",\"javaType\":\"String\",\"list\":true,\"params\":{},\"pk\":false,\"query\":true,\"queryType\":\"EQ\",\"required\":false,\"sort\":3,\"superColumn\":false,\"tableId\":6,\"updateBy\":\"\",\"usableColumn\":false},{\"capJavaField\":\"DateOfBirth\",\"columnComment\":\"出生日期\",\"columnId\":31,\"columnName\":\"date_of_birth\",\"columnType\":\"date\",\"createBy\":\"admin\",\"createTime\":\"2025-12-24 22:52:29\",\"dictType\":\"\",\"edit\":true,\"htmlType\":\"datetime\",\"increment\":false,\"insert\":true,\"isEdit\":\"1\",\"isIncrement\":\"0\",\"isInsert\":\"1\",\"isList\":\"1\",\"isPk\":\"0\",\"isQuery\":\"1\",\"isRequired\":\"0\",\"javaFi','{\"msg\":\"操作成功\",\"code\":200}',0,NULL,'2025-12-24 22:55:33',34),(107,'代码生成',8,'com.ruoyi.generator.controller.GenController.batchGenCode()','GET',1,'admin','研发部门','/tool/gen/batchGenCode','127.0.0.1','内网IP','{\"tables\":\"stu_class,stu_course,stu_department,stu_selection,stu_student,stu_teacher\"}',NULL,0,NULL,'2025-12-24 22:55:38',352),(108,'学生',1,'com.ruoyi.school.controller.StuStudentController.add()','POST',1,'admin','研发部门','/school/student','127.0.0.1','内网IP','{\"dateOfBirth\":\"2005-01-10\",\"deptId\":\"01\",\"mobilePhone\":\"1234567\",\"name\":\"纪恒煜\",\"nativePlace\":\"黑龙江\",\"params\":{}} ',NULL,1,'\r\n### Error updating database.  Cause: java.sql.SQLException: Field \'student_id\' doesn\'t have a default value\r\n### The error may exist in file [G:\\外置文档\\数据库应用作业\\系统\\RuoYi-Vue-master\\ruoyi-admin\\target\\classes\\mapper\\school\\StuStudentMapper.xml]\r\n### The error may involve com.ruoyi.school.mapper.StuStudentMapper.insertStuStudent-Inline\r\n### The error occurred while setting parameters\r\n### SQL: insert into stu_student          ( name,                          date_of_birth,             native_place,             mobile_phone,             dept_id )           values ( ?,                          ?,             ?,             ?,             ? )\r\n### Cause: java.sql.SQLException: Field \'student_id\' doesn\'t have a default value\n; Field \'student_id\' doesn\'t have a default value; nested exception is java.sql.SQLException: Field \'student_id\' doesn\'t have a default value','2025-12-24 23:29:53',53),(109,'院系',1,'com.ruoyi.school.controller.StuDepartmentController.add()','POST',1,'admin','研发部门','/school/department','127.0.0.1','内网IP','{\"address\":\"东区\",\"deptName\":\"计算机学院\",\"params\":{},\"phoneCode\":\"15899100375\"} ',NULL,1,'\r\n### Error updating database.  Cause: java.sql.SQLException: Field \'dept_id\' doesn\'t have a default value\r\n### The error may exist in file [G:\\外置文档\\数据库应用作业\\系统\\RuoYi-Vue-master\\ruoyi-admin\\target\\classes\\mapper\\school\\StuDepartmentMapper.xml]\r\n### The error may involve com.ruoyi.school.mapper.StuDepartmentMapper.insertStuDepartment-Inline\r\n### The error occurred while setting parameters\r\n### SQL: insert into stu_department          ( dept_name,             address,             phone_code )           values ( ?,             ?,             ? )\r\n### Cause: java.sql.SQLException: Field \'dept_id\' doesn\'t have a default value\n; Field \'dept_id\' doesn\'t have a default value; nested exception is java.sql.SQLException: Field \'dept_id\' doesn\'t have a default value','2025-12-24 23:30:25',8),(110,'院系',1,'com.ruoyi.school.controller.StuDepartmentController.add()','POST',1,'admin','研发部门','/school/department','127.0.0.1','内网IP','{\"address\":\"东区\",\"deptName\":\"计算机学院\",\"params\":{},\"phoneCode\":\"123456\"} ',NULL,1,'\r\n### Error updating database.  Cause: java.sql.SQLException: Field \'dept_id\' doesn\'t have a default value\r\n### The error may exist in file [G:\\外置文档\\数据库应用作业\\系统\\RuoYi-Vue-master\\ruoyi-admin\\target\\classes\\mapper\\school\\StuDepartmentMapper.xml]\r\n### The error may involve com.ruoyi.school.mapper.StuDepartmentMapper.insertStuDepartment-Inline\r\n### The error occurred while setting parameters\r\n### SQL: insert into stu_department          ( dept_name,             address,             phone_code )           values ( ?,             ?,             ? )\r\n### Cause: java.sql.SQLException: Field \'dept_id\' doesn\'t have a default value\n; Field \'dept_id\' doesn\'t have a default value; nested exception is java.sql.SQLException: Field \'dept_id\' doesn\'t have a default value','2025-12-24 23:40:48',5),(111,'代码生成',2,'com.ruoyi.generator.controller.GenController.editSave()','PUT',1,'admin','研发部门','/tool/gen','127.0.0.1','内网IP','{\"businessName\":\"department\",\"className\":\"StuDepartment\",\"columns\":[{\"capJavaField\":\"DeptId\",\"columnComment\":\"院系号\",\"columnId\":11,\"columnName\":\"dept_id\",\"columnType\":\"varchar(20)\",\"createBy\":\"admin\",\"createTime\":\"2025-12-24 22:52:29\",\"dictType\":\"\",\"edit\":true,\"htmlType\":\"input\",\"increment\":false,\"insert\":true,\"isEdit\":\"1\",\"isIncrement\":\"0\",\"isInsert\":\"1\",\"isList\":\"1\",\"isPk\":\"1\",\"isQuery\":\"1\",\"isRequired\":\"0\",\"javaField\":\"deptId\",\"javaType\":\"String\",\"list\":true,\"params\":{},\"pk\":true,\"query\":true,\"queryType\":\"EQ\",\"required\":false,\"sort\":1,\"superColumn\":false,\"tableId\":3,\"updateBy\":\"\",\"updateTime\":\"2025-12-24 22:55:06\",\"usableColumn\":false},{\"capJavaField\":\"DeptName\",\"columnComment\":\"名称\",\"columnId\":12,\"columnName\":\"dept_name\",\"columnType\":\"varchar(50)\",\"createBy\":\"admin\",\"createTime\":\"2025-12-24 22:52:29\",\"dictType\":\"\",\"edit\":true,\"htmlType\":\"input\",\"increment\":false,\"insert\":true,\"isEdit\":\"1\",\"isIncrement\":\"0\",\"isInsert\":\"1\",\"isList\":\"1\",\"isPk\":\"0\",\"isQuery\":\"1\",\"isRequired\":\"1\",\"javaField\":\"deptName\",\"javaType\":\"String\",\"list\":true,\"params\":{},\"pk\":false,\"query\":true,\"queryType\":\"LIKE\",\"required\":true,\"sort\":2,\"superColumn\":false,\"tableId\":3,\"updateBy\":\"\",\"updateTime\":\"2025-12-24 22:55:06\",\"usableColumn\":false},{\"capJavaField\":\"Address\",\"columnComment\":\"地址\",\"columnId\":13,\"columnName\":\"address\",\"columnType\":\"varchar(100)\",\"createBy\":\"admin\",\"createTime\":\"2025-12-24 22:52:29\",\"dictType\":\"\",\"edit\":true,\"htmlType\":\"input\",\"increment\":false,\"insert\":true,\"isEdit\":\"1\",\"isIncrement\":\"0\",\"isInsert\":\"1\",\"isList\":\"1\",\"isPk\":\"0\",\"isQuery\":\"1\",\"isRequired\":\"0\",\"javaField\":\"address\",\"javaType\":\"String\",\"list\":true,\"params\":{},\"pk\":false,\"query\":true,\"queryType\":\"EQ\",\"required\":false,\"sort\":3,\"superColumn\":false,\"tableId\":3,\"updateBy\":\"\",\"updateTime\":\"2025-12-24 22:55:06\",\"usableColumn\":false},{\"capJavaField\":\"PhoneCode\",\"columnComment\":\"联系电话\",\"columnId\":14,\"columnName\":\"phone_code\",\"columnType\":\"varchar(20)\",\"createBy\":\"admin\",\"createTime\":\"2025-12-24 22:52:29\",\"dictType\":\"\",\"edit','{\"msg\":\"操作成功\",\"code\":200}',0,NULL,'2025-12-24 23:42:26',49),(112,'代码生成',2,'com.ruoyi.generator.controller.GenController.editSave()','PUT',1,'admin','研发部门','/tool/gen','127.0.0.1','内网IP','{\"businessName\":\"student\",\"className\":\"StuStudent\",\"columns\":[{\"capJavaField\":\"StudentId\",\"columnComment\":\"学号\",\"columnId\":21,\"columnName\":\"student_id\",\"columnType\":\"varchar(20)\",\"createBy\":\"admin\",\"createTime\":\"2025-12-24 22:52:29\",\"dictType\":\"\",\"edit\":true,\"htmlType\":\"input\",\"increment\":false,\"insert\":true,\"isEdit\":\"1\",\"isIncrement\":\"0\",\"isInsert\":\"1\",\"isList\":\"1\",\"isPk\":\"1\",\"isQuery\":\"1\",\"isRequired\":\"0\",\"javaField\":\"studentId\",\"javaType\":\"String\",\"list\":true,\"params\":{},\"pk\":true,\"query\":true,\"queryType\":\"EQ\",\"required\":false,\"sort\":1,\"superColumn\":false,\"tableId\":5,\"updateBy\":\"\",\"updateTime\":\"2025-12-24 22:55:24\",\"usableColumn\":false},{\"capJavaField\":\"Name\",\"columnComment\":\"姓名\",\"columnId\":22,\"columnName\":\"name\",\"columnType\":\"varchar(30)\",\"createBy\":\"admin\",\"createTime\":\"2025-12-24 22:52:29\",\"dictType\":\"\",\"edit\":true,\"htmlType\":\"input\",\"increment\":false,\"insert\":true,\"isEdit\":\"1\",\"isIncrement\":\"0\",\"isInsert\":\"1\",\"isList\":\"1\",\"isPk\":\"0\",\"isQuery\":\"1\",\"isRequired\":\"1\",\"javaField\":\"name\",\"javaType\":\"String\",\"list\":true,\"params\":{},\"pk\":false,\"query\":true,\"queryType\":\"LIKE\",\"required\":true,\"sort\":2,\"superColumn\":false,\"tableId\":5,\"updateBy\":\"\",\"updateTime\":\"2025-12-24 22:55:24\",\"usableColumn\":false},{\"capJavaField\":\"Sex\",\"columnComment\":\"性别\",\"columnId\":23,\"columnName\":\"sex\",\"columnType\":\"char(1)\",\"createBy\":\"admin\",\"createTime\":\"2025-12-24 22:52:29\",\"dictType\":\"\",\"edit\":true,\"htmlType\":\"select\",\"increment\":false,\"insert\":true,\"isEdit\":\"1\",\"isIncrement\":\"0\",\"isInsert\":\"1\",\"isList\":\"1\",\"isPk\":\"0\",\"isQuery\":\"1\",\"isRequired\":\"0\",\"javaField\":\"sex\",\"javaType\":\"String\",\"list\":true,\"params\":{},\"pk\":false,\"query\":true,\"queryType\":\"EQ\",\"required\":false,\"sort\":3,\"superColumn\":false,\"tableId\":5,\"updateBy\":\"\",\"updateTime\":\"2025-12-24 22:55:24\",\"usableColumn\":false},{\"capJavaField\":\"DateOfBirth\",\"columnComment\":\"出生日期\",\"columnId\":24,\"columnName\":\"date_of_birth\",\"columnType\":\"date\",\"createBy\":\"admin\",\"createTime\":\"2025-12-24 22:52:29\",\"dictType\":\"\",\"edit\":true,\"htmlType\":\"datetime\",','{\"msg\":\"操作成功\",\"code\":200}',0,NULL,'2025-12-24 23:42:53',37),(113,'代码生成',2,'com.ruoyi.generator.controller.GenController.editSave()','PUT',1,'admin','研发部门','/tool/gen','127.0.0.1','内网IP','{\"businessName\":\"class\",\"className\":\"StuClass\",\"columns\":[{\"capJavaField\":\"ClassId\",\"columnComment\":\"开课标识\",\"columnId\":1,\"columnName\":\"class_id\",\"columnType\":\"int\",\"createBy\":\"admin\",\"createTime\":\"2025-12-24 22:52:29\",\"dictType\":\"\",\"edit\":true,\"htmlType\":\"input\",\"increment\":true,\"insert\":true,\"isEdit\":\"1\",\"isIncrement\":\"1\",\"isInsert\":\"1\",\"isList\":\"1\",\"isPk\":\"1\",\"isQuery\":\"1\",\"isRequired\":\"0\",\"javaField\":\"classId\",\"javaType\":\"Long\",\"list\":true,\"params\":{},\"pk\":true,\"query\":true,\"queryType\":\"LIKE\",\"required\":false,\"sort\":1,\"superColumn\":false,\"tableId\":1,\"updateBy\":\"\",\"updateTime\":\"2025-12-24 22:54:46\",\"usableColumn\":false},{\"capJavaField\":\"Semester\",\"columnComment\":\"学期\",\"columnId\":2,\"columnName\":\"semester\",\"columnType\":\"varchar(30)\",\"createBy\":\"admin\",\"createTime\":\"2025-12-24 22:52:29\",\"dictType\":\"\",\"edit\":true,\"htmlType\":\"input\",\"increment\":false,\"insert\":true,\"isEdit\":\"1\",\"isIncrement\":\"0\",\"isInsert\":\"1\",\"isList\":\"1\",\"isPk\":\"0\",\"isQuery\":\"1\",\"isRequired\":\"1\",\"javaField\":\"semester\",\"javaType\":\"String\",\"list\":true,\"params\":{},\"pk\":false,\"query\":true,\"queryType\":\"EQ\",\"required\":true,\"sort\":2,\"superColumn\":false,\"tableId\":1,\"updateBy\":\"\",\"updateTime\":\"2025-12-24 22:54:46\",\"usableColumn\":false},{\"capJavaField\":\"CourseId\",\"columnComment\":\"课名\",\"columnId\":3,\"columnName\":\"course_id\",\"columnType\":\"varchar(20)\",\"createBy\":\"admin\",\"createTime\":\"2025-12-24 22:52:29\",\"dictType\":\"\",\"edit\":true,\"htmlType\":\"input\",\"increment\":false,\"insert\":true,\"isEdit\":\"1\",\"isIncrement\":\"0\",\"isInsert\":\"1\",\"isList\":\"1\",\"isPk\":\"0\",\"isQuery\":\"1\",\"isRequired\":\"1\",\"javaField\":\"courseId\",\"javaType\":\"String\",\"list\":true,\"params\":{},\"pk\":false,\"query\":true,\"queryType\":\"LIKE\",\"required\":true,\"sort\":3,\"superColumn\":false,\"tableId\":1,\"updateBy\":\"\",\"updateTime\":\"2025-12-24 22:54:46\",\"usableColumn\":false},{\"capJavaField\":\"StaffId\",\"columnComment\":\"工号\",\"columnId\":4,\"columnName\":\"staff_id\",\"columnType\":\"varchar(20)\",\"createBy\":\"admin\",\"createTime\":\"2025-12-24 22:52:29\",\"dictType\":\"\",\"edit\":true,\"htmlType\":\"input','{\"msg\":\"操作成功\",\"code\":200}',0,NULL,'2025-12-24 23:42:58',26),(114,'代码生成',2,'com.ruoyi.generator.controller.GenController.editSave()','PUT',1,'admin','研发部门','/tool/gen','127.0.0.1','内网IP','{\"businessName\":\"course\",\"className\":\"StuCourse\",\"columns\":[{\"capJavaField\":\"CourseId\",\"columnComment\":\"课号\",\"columnId\":6,\"columnName\":\"course_id\",\"columnType\":\"varchar(20)\",\"createBy\":\"admin\",\"createTime\":\"2025-12-24 22:52:29\",\"dictType\":\"\",\"edit\":true,\"htmlType\":\"input\",\"increment\":false,\"insert\":true,\"isEdit\":\"1\",\"isIncrement\":\"0\",\"isInsert\":\"1\",\"isList\":\"1\",\"isPk\":\"1\",\"isQuery\":\"1\",\"isRequired\":\"0\",\"javaField\":\"courseId\",\"javaType\":\"String\",\"list\":true,\"params\":{},\"pk\":true,\"query\":true,\"queryType\":\"EQ\",\"required\":false,\"sort\":1,\"superColumn\":false,\"tableId\":2,\"updateBy\":\"\",\"updateTime\":\"2025-12-24 22:54:57\",\"usableColumn\":false},{\"capJavaField\":\"CourseName\",\"columnComment\":\"课名\",\"columnId\":7,\"columnName\":\"course_name\",\"columnType\":\"varchar(50)\",\"createBy\":\"admin\",\"createTime\":\"2025-12-24 22:52:29\",\"dictType\":\"\",\"edit\":true,\"htmlType\":\"input\",\"increment\":false,\"insert\":true,\"isEdit\":\"1\",\"isIncrement\":\"0\",\"isInsert\":\"1\",\"isList\":\"1\",\"isPk\":\"0\",\"isQuery\":\"1\",\"isRequired\":\"1\",\"javaField\":\"courseName\",\"javaType\":\"String\",\"list\":true,\"params\":{},\"pk\":false,\"query\":true,\"queryType\":\"LIKE\",\"required\":true,\"sort\":2,\"superColumn\":false,\"tableId\":2,\"updateBy\":\"\",\"updateTime\":\"2025-12-24 22:54:57\",\"usableColumn\":false},{\"capJavaField\":\"Credit\",\"columnComment\":\"学分\",\"columnId\":8,\"columnName\":\"credit\",\"columnType\":\"int\",\"createBy\":\"admin\",\"createTime\":\"2025-12-24 22:52:29\",\"dictType\":\"\",\"edit\":true,\"htmlType\":\"input\",\"increment\":false,\"insert\":true,\"isEdit\":\"1\",\"isIncrement\":\"0\",\"isInsert\":\"1\",\"isList\":\"1\",\"isPk\":\"0\",\"isQuery\":\"1\",\"isRequired\":\"0\",\"javaField\":\"credit\",\"javaType\":\"Long\",\"list\":true,\"params\":{},\"pk\":false,\"query\":true,\"queryType\":\"EQ\",\"required\":false,\"sort\":3,\"superColumn\":false,\"tableId\":2,\"updateBy\":\"\",\"updateTime\":\"2025-12-24 22:54:57\",\"usableColumn\":false},{\"capJavaField\":\"CreditHours\",\"columnComment\":\"学时\",\"columnId\":9,\"columnName\":\"credit_hours\",\"columnType\":\"int\",\"createBy\":\"admin\",\"createTime\":\"2025-12-24 22:52:29\",\"dictType\":\"\",\"edit\":true,\"htmlType\":\"in','{\"msg\":\"操作成功\",\"code\":200}',0,NULL,'2025-12-24 23:43:03',37),(115,'代码生成',2,'com.ruoyi.generator.controller.GenController.editSave()','PUT',1,'admin','研发部门','/tool/gen','127.0.0.1','内网IP','{\"businessName\":\"department\",\"className\":\"StuDepartment\",\"columns\":[{\"capJavaField\":\"DeptId\",\"columnComment\":\"院系号\",\"columnId\":11,\"columnName\":\"dept_id\",\"columnType\":\"varchar(20)\",\"createBy\":\"admin\",\"createTime\":\"2025-12-24 22:52:29\",\"dictType\":\"\",\"edit\":true,\"htmlType\":\"input\",\"increment\":false,\"insert\":true,\"isEdit\":\"1\",\"isIncrement\":\"0\",\"isInsert\":\"1\",\"isList\":\"1\",\"isPk\":\"1\",\"isQuery\":\"1\",\"isRequired\":\"0\",\"javaField\":\"deptId\",\"javaType\":\"String\",\"list\":true,\"params\":{},\"pk\":true,\"query\":true,\"queryType\":\"EQ\",\"required\":false,\"sort\":1,\"superColumn\":false,\"tableId\":3,\"updateBy\":\"\",\"updateTime\":\"2025-12-24 23:42:26\",\"usableColumn\":false},{\"capJavaField\":\"DeptName\",\"columnComment\":\"名称\",\"columnId\":12,\"columnName\":\"dept_name\",\"columnType\":\"varchar(50)\",\"createBy\":\"admin\",\"createTime\":\"2025-12-24 22:52:29\",\"dictType\":\"\",\"edit\":true,\"htmlType\":\"input\",\"increment\":false,\"insert\":true,\"isEdit\":\"1\",\"isIncrement\":\"0\",\"isInsert\":\"1\",\"isList\":\"1\",\"isPk\":\"0\",\"isQuery\":\"1\",\"isRequired\":\"1\",\"javaField\":\"deptName\",\"javaType\":\"String\",\"list\":true,\"params\":{},\"pk\":false,\"query\":true,\"queryType\":\"LIKE\",\"required\":true,\"sort\":2,\"superColumn\":false,\"tableId\":3,\"updateBy\":\"\",\"updateTime\":\"2025-12-24 23:42:26\",\"usableColumn\":false},{\"capJavaField\":\"Address\",\"columnComment\":\"地址\",\"columnId\":13,\"columnName\":\"address\",\"columnType\":\"varchar(100)\",\"createBy\":\"admin\",\"createTime\":\"2025-12-24 22:52:29\",\"dictType\":\"\",\"edit\":true,\"htmlType\":\"input\",\"increment\":false,\"insert\":true,\"isEdit\":\"1\",\"isIncrement\":\"0\",\"isInsert\":\"1\",\"isList\":\"1\",\"isPk\":\"0\",\"isQuery\":\"1\",\"isRequired\":\"0\",\"javaField\":\"address\",\"javaType\":\"String\",\"list\":true,\"params\":{},\"pk\":false,\"query\":true,\"queryType\":\"EQ\",\"required\":false,\"sort\":3,\"superColumn\":false,\"tableId\":3,\"updateBy\":\"\",\"updateTime\":\"2025-12-24 23:42:26\",\"usableColumn\":false},{\"capJavaField\":\"PhoneCode\",\"columnComment\":\"联系电话\",\"columnId\":14,\"columnName\":\"phone_code\",\"columnType\":\"varchar(20)\",\"createBy\":\"admin\",\"createTime\":\"2025-12-24 22:52:29\",\"dictType\":\"\",\"edit','{\"msg\":\"操作成功\",\"code\":200}',0,NULL,'2025-12-24 23:43:07',58),(116,'代码生成',2,'com.ruoyi.generator.controller.GenController.editSave()','PUT',1,'admin','研发部门','/tool/gen','127.0.0.1','内网IP','{\"businessName\":\"selection\",\"className\":\"StuSelection\",\"columns\":[{\"capJavaField\":\"SelectionId\",\"columnComment\":\"选课记录ID\",\"columnId\":15,\"columnName\":\"selection_id\",\"columnType\":\"int\",\"createBy\":\"admin\",\"createTime\":\"2025-12-24 22:52:29\",\"dictType\":\"\",\"edit\":true,\"htmlType\":\"input\",\"increment\":true,\"insert\":true,\"isEdit\":\"1\",\"isIncrement\":\"1\",\"isInsert\":\"1\",\"isList\":\"1\",\"isPk\":\"1\",\"isQuery\":\"1\",\"isRequired\":\"0\",\"javaField\":\"selectionId\",\"javaType\":\"Long\",\"list\":true,\"params\":{},\"pk\":true,\"query\":true,\"queryType\":\"EQ\",\"required\":false,\"sort\":1,\"superColumn\":false,\"tableId\":4,\"updateBy\":\"\",\"updateTime\":\"2025-12-24 22:55:12\",\"usableColumn\":false},{\"capJavaField\":\"StudentId\",\"columnComment\":\"学号\",\"columnId\":16,\"columnName\":\"student_id\",\"columnType\":\"varchar(20)\",\"createBy\":\"admin\",\"createTime\":\"2025-12-24 22:52:29\",\"dictType\":\"\",\"edit\":true,\"htmlType\":\"input\",\"increment\":false,\"insert\":true,\"isEdit\":\"1\",\"isIncrement\":\"0\",\"isInsert\":\"1\",\"isList\":\"1\",\"isPk\":\"0\",\"isQuery\":\"1\",\"isRequired\":\"1\",\"javaField\":\"studentId\",\"javaType\":\"String\",\"list\":true,\"params\":{},\"pk\":false,\"query\":true,\"queryType\":\"EQ\",\"required\":true,\"sort\":2,\"superColumn\":false,\"tableId\":4,\"updateBy\":\"\",\"updateTime\":\"2025-12-24 22:55:12\",\"usableColumn\":false},{\"capJavaField\":\"ClassId\",\"columnComment\":\"开课ID\",\"columnId\":17,\"columnName\":\"class_id\",\"columnType\":\"int\",\"createBy\":\"admin\",\"createTime\":\"2025-12-24 22:52:29\",\"dictType\":\"\",\"edit\":true,\"htmlType\":\"input\",\"increment\":false,\"insert\":true,\"isEdit\":\"1\",\"isIncrement\":\"0\",\"isInsert\":\"1\",\"isList\":\"1\",\"isPk\":\"0\",\"isQuery\":\"1\",\"isRequired\":\"1\",\"javaField\":\"classId\",\"javaType\":\"Long\",\"list\":true,\"params\":{},\"pk\":false,\"query\":true,\"queryType\":\"EQ\",\"required\":true,\"sort\":3,\"superColumn\":false,\"tableId\":4,\"updateBy\":\"\",\"updateTime\":\"2025-12-24 22:55:12\",\"usableColumn\":false},{\"capJavaField\":\"NormalScore\",\"columnComment\":\"平时成绩\",\"columnId\":18,\"columnName\":\"normal_score\",\"columnType\":\"decimal(5,2)\",\"createBy\":\"admin\",\"createTime\":\"2025-12-24 22:52:29\",\"dictType\":\"\",\"ed','{\"msg\":\"操作成功\",\"code\":200}',0,NULL,'2025-12-24 23:43:12',37),(117,'代码生成',2,'com.ruoyi.generator.controller.GenController.editSave()','PUT',1,'admin','研发部门','/tool/gen','127.0.0.1','内网IP','{\"businessName\":\"student\",\"className\":\"StuStudent\",\"columns\":[{\"capJavaField\":\"StudentId\",\"columnComment\":\"学号\",\"columnId\":21,\"columnName\":\"student_id\",\"columnType\":\"varchar(20)\",\"createBy\":\"admin\",\"createTime\":\"2025-12-24 22:52:29\",\"dictType\":\"\",\"edit\":true,\"htmlType\":\"input\",\"increment\":false,\"insert\":true,\"isEdit\":\"1\",\"isIncrement\":\"0\",\"isInsert\":\"1\",\"isList\":\"1\",\"isPk\":\"1\",\"isQuery\":\"1\",\"isRequired\":\"0\",\"javaField\":\"studentId\",\"javaType\":\"String\",\"list\":true,\"params\":{},\"pk\":true,\"query\":true,\"queryType\":\"EQ\",\"required\":false,\"sort\":1,\"superColumn\":false,\"tableId\":5,\"updateBy\":\"\",\"updateTime\":\"2025-12-24 23:42:53\",\"usableColumn\":false},{\"capJavaField\":\"Name\",\"columnComment\":\"姓名\",\"columnId\":22,\"columnName\":\"name\",\"columnType\":\"varchar(30)\",\"createBy\":\"admin\",\"createTime\":\"2025-12-24 22:52:29\",\"dictType\":\"\",\"edit\":true,\"htmlType\":\"input\",\"increment\":false,\"insert\":true,\"isEdit\":\"1\",\"isIncrement\":\"0\",\"isInsert\":\"1\",\"isList\":\"1\",\"isPk\":\"0\",\"isQuery\":\"1\",\"isRequired\":\"1\",\"javaField\":\"name\",\"javaType\":\"String\",\"list\":true,\"params\":{},\"pk\":false,\"query\":true,\"queryType\":\"LIKE\",\"required\":true,\"sort\":2,\"superColumn\":false,\"tableId\":5,\"updateBy\":\"\",\"updateTime\":\"2025-12-24 23:42:53\",\"usableColumn\":false},{\"capJavaField\":\"Sex\",\"columnComment\":\"性别\",\"columnId\":23,\"columnName\":\"sex\",\"columnType\":\"char(1)\",\"createBy\":\"admin\",\"createTime\":\"2025-12-24 22:52:29\",\"dictType\":\"\",\"edit\":true,\"htmlType\":\"select\",\"increment\":false,\"insert\":true,\"isEdit\":\"1\",\"isIncrement\":\"0\",\"isInsert\":\"1\",\"isList\":\"1\",\"isPk\":\"0\",\"isQuery\":\"1\",\"isRequired\":\"0\",\"javaField\":\"sex\",\"javaType\":\"String\",\"list\":true,\"params\":{},\"pk\":false,\"query\":true,\"queryType\":\"EQ\",\"required\":false,\"sort\":3,\"superColumn\":false,\"tableId\":5,\"updateBy\":\"\",\"updateTime\":\"2025-12-24 23:42:53\",\"usableColumn\":false},{\"capJavaField\":\"DateOfBirth\",\"columnComment\":\"出生日期\",\"columnId\":24,\"columnName\":\"date_of_birth\",\"columnType\":\"date\",\"createBy\":\"admin\",\"createTime\":\"2025-12-24 22:52:29\",\"dictType\":\"\",\"edit\":true,\"htmlType\":\"datetime\",','{\"msg\":\"操作成功\",\"code\":200}',0,NULL,'2025-12-24 23:43:16',16),(118,'代码生成',2,'com.ruoyi.generator.controller.GenController.editSave()','PUT',1,'admin','研发部门','/tool/gen','127.0.0.1','内网IP','{\"businessName\":\"teacher\",\"className\":\"StuTeacher\",\"columns\":[{\"capJavaField\":\"StaffId\",\"columnComment\":\"工号\",\"columnId\":28,\"columnName\":\"staff_id\",\"columnType\":\"varchar(20)\",\"createBy\":\"admin\",\"createTime\":\"2025-12-24 22:52:29\",\"dictType\":\"\",\"edit\":true,\"htmlType\":\"input\",\"increment\":false,\"insert\":true,\"isEdit\":\"1\",\"isIncrement\":\"0\",\"isInsert\":\"1\",\"isList\":\"1\",\"isPk\":\"1\",\"isQuery\":\"1\",\"isRequired\":\"0\",\"javaField\":\"staffId\",\"javaType\":\"String\",\"list\":true,\"params\":{},\"pk\":true,\"query\":true,\"queryType\":\"EQ\",\"required\":false,\"sort\":1,\"superColumn\":false,\"tableId\":6,\"updateBy\":\"\",\"updateTime\":\"2025-12-24 22:55:33\",\"usableColumn\":false},{\"capJavaField\":\"Name\",\"columnComment\":\"姓名\",\"columnId\":29,\"columnName\":\"name\",\"columnType\":\"varchar(30)\",\"createBy\":\"admin\",\"createTime\":\"2025-12-24 22:52:29\",\"dictType\":\"\",\"edit\":true,\"htmlType\":\"input\",\"increment\":false,\"insert\":true,\"isEdit\":\"1\",\"isIncrement\":\"0\",\"isInsert\":\"1\",\"isList\":\"1\",\"isPk\":\"0\",\"isQuery\":\"1\",\"isRequired\":\"1\",\"javaField\":\"name\",\"javaType\":\"String\",\"list\":true,\"params\":{},\"pk\":false,\"query\":true,\"queryType\":\"LIKE\",\"required\":true,\"sort\":2,\"superColumn\":false,\"tableId\":6,\"updateBy\":\"\",\"updateTime\":\"2025-12-24 22:55:33\",\"usableColumn\":false},{\"capJavaField\":\"Sex\",\"columnComment\":\"性别（0男 1女 ）\",\"columnId\":30,\"columnName\":\"sex\",\"columnType\":\"char(1)\",\"createBy\":\"admin\",\"createTime\":\"2025-12-24 22:52:29\",\"dictType\":\"\",\"edit\":true,\"htmlType\":\"select\",\"increment\":false,\"insert\":true,\"isEdit\":\"1\",\"isIncrement\":\"0\",\"isInsert\":\"1\",\"isList\":\"1\",\"isPk\":\"0\",\"isQuery\":\"1\",\"isRequired\":\"0\",\"javaField\":\"sex\",\"javaType\":\"String\",\"list\":true,\"params\":{},\"pk\":false,\"query\":true,\"queryType\":\"EQ\",\"required\":false,\"sort\":3,\"superColumn\":false,\"tableId\":6,\"updateBy\":\"\",\"updateTime\":\"2025-12-24 22:55:33\",\"usableColumn\":false},{\"capJavaField\":\"DateOfBirth\",\"columnComment\":\"出生日期\",\"columnId\":31,\"columnName\":\"date_of_birth\",\"columnType\":\"date\",\"createBy\":\"admin\",\"createTime\":\"2025-12-24 22:52:29\",\"dictType\":\"\",\"edit\":true,\"htmlType\":\"datetime','{\"msg\":\"操作成功\",\"code\":200}',0,NULL,'2025-12-24 23:43:21',25),(119,'代码生成',8,'com.ruoyi.generator.controller.GenController.batchGenCode()','GET',1,'admin','研发部门','/tool/gen/batchGenCode','127.0.0.1','内网IP','{\"tables\":\"stu_class,stu_course,stu_department,stu_selection,stu_student,stu_teacher\"}',NULL,0,NULL,'2025-12-24 23:43:24',254),(120,'院系',1,'com.ruoyi.school.controller.StuDepartmentController.add()','POST',1,'admin','研发部门','/school/department','127.0.0.1','内网IP','{\"deptName\":\"计算机学院\",\"params\":{}} ',NULL,1,'\r\n### Error updating database.  Cause: java.sql.SQLException: Field \'dept_id\' doesn\'t have a default value\r\n### The error may exist in file [G:\\外置文档\\数据库应用作业\\系统\\RuoYi-Vue-master\\ruoyi-admin\\target\\classes\\mapper\\school\\StuDepartmentMapper.xml]\r\n### The error may involve com.ruoyi.school.mapper.StuDepartmentMapper.insertStuDepartment-Inline\r\n### The error occurred while setting parameters\r\n### SQL: insert into stu_department          ( dept_name )           values ( ? )\r\n### Cause: java.sql.SQLException: Field \'dept_id\' doesn\'t have a default value\n; Field \'dept_id\' doesn\'t have a default value; nested exception is java.sql.SQLException: Field \'dept_id\' doesn\'t have a default value','2025-12-25 00:10:58',49),(121,'院系',1,'com.ruoyi.school.controller.StuDepartmentController.add()','POST',1,'admin','研发部门','/school/department','127.0.0.1','内网IP','{\"address\":\"东区\",\"deptName\":\"计算机学院\",\"params\":{},\"phoneCode\":\"123456\"} ',NULL,1,'\r\n### Error updating database.  Cause: java.sql.SQLException: Field \'dept_id\' doesn\'t have a default value\r\n### The error may exist in file [G:\\外置文档\\数据库应用作业\\系统\\RuoYi-Vue-master\\ruoyi-admin\\target\\classes\\mapper\\school\\StuDepartmentMapper.xml]\r\n### The error may involve com.ruoyi.school.mapper.StuDepartmentMapper.insertStuDepartment-Inline\r\n### The error occurred while setting parameters\r\n### SQL: insert into stu_department          ( dept_name,             address,             phone_code )           values ( ?,             ?,             ? )\r\n### Cause: java.sql.SQLException: Field \'dept_id\' doesn\'t have a default value\n; Field \'dept_id\' doesn\'t have a default value; nested exception is java.sql.SQLException: Field \'dept_id\' doesn\'t have a default value','2025-12-25 00:11:13',5),(122,'院系',2,'com.ruoyi.school.controller.StuDepartmentController.edit()','PUT',1,'admin','研发部门','/school/department','127.0.0.1','内网IP','{\"address\":\"东区\",\"deptId\":\"01\",\"deptName\":\"计算机学院\",\"params\":{},\"phoneCode\":\"123456\"} ','{\"msg\":\"操作失败\",\"code\":500}',0,NULL,'2025-12-25 00:17:12',13),(123,'院系',2,'com.ruoyi.school.controller.StuDepartmentController.edit()','PUT',1,'admin','研发部门','/school/department','127.0.0.1','内网IP','{\"address\":\"东区\",\"deptId\":\"01\",\"deptName\":\"计算机学院\",\"params\":{},\"phoneCode\":\"123456\"} ','{\"msg\":\"操作失败\",\"code\":500}',0,NULL,'2025-12-25 00:17:13',6),(124,'院系',2,'com.ruoyi.school.controller.StuDepartmentController.edit()','PUT',1,'admin','研发部门','/school/department','127.0.0.1','内网IP','{\"address\":\"东区\",\"deptId\":\"01\",\"deptName\":\"计算机学院\",\"params\":{},\"phoneCode\":\"123456\"} ','{\"msg\":\"操作失败\",\"code\":500}',0,NULL,'2025-12-25 00:17:33',10),(125,'院系',2,'com.ruoyi.school.controller.StuDepartmentController.edit()','PUT',1,'admin','研发部门','/school/department','127.0.0.1','内网IP','{\"deptId\":\"01\",\"deptName\":\"计算机学院\",\"params\":{}} ','{\"msg\":\"操作失败\",\"code\":500}',0,NULL,'2025-12-25 00:22:24',6),(126,'院系',1,'com.ruoyi.school.controller.StuDepartmentController.add()','POST',1,'admin','研发部门','/school/department','127.0.0.1','内网IP','{\"deptId\":\"01\",\"deptName\":\"李睿鸣\",\"params\":{}} ','{\"msg\":\"操作成功\",\"code\":200}',0,NULL,'2025-12-25 00:27:49',12),(127,'院系',3,'com.ruoyi.school.controller.StuDepartmentController.remove()','DELETE',1,'admin','研发部门','/school/department/01','127.0.0.1','内网IP','[\"01\"] ','{\"msg\":\"操作成功\",\"code\":200}',0,NULL,'2025-12-25 00:27:54',43),(128,'学生',1,'com.ruoyi.school.controller.StuStudentController.add()','POST',1,'admin','研发部门','/school/student','127.0.0.1','内网IP','{\"name\":\"李睿鸣\",\"params\":{}} ',NULL,1,'\r\n### Error updating database.  Cause: java.sql.SQLException: Field \'student_id\' doesn\'t have a default value\r\n### The error may exist in file [G:\\外置文档\\数据库应用作业\\系统\\RuoYi-Vue-master\\ruoyi-admin\\target\\classes\\mapper\\school\\StuStudentMapper.xml]\r\n### The error may involve com.ruoyi.school.mapper.StuStudentMapper.insertStuStudent-Inline\r\n### The error occurred while setting parameters\r\n### SQL: insert into stu_student          ( name )           values ( ? )\r\n### Cause: java.sql.SQLException: Field \'student_id\' doesn\'t have a default value\n; Field \'student_id\' doesn\'t have a default value; nested exception is java.sql.SQLException: Field \'student_id\' doesn\'t have a default value','2025-12-25 09:07:38',57),(129,'课程',1,'com.ruoyi.school.controller.StuCourseController.add()','POST',1,'admin','研发部门','/school/course','127.0.0.1','内网IP','{\"courseName\":\"离散数学\",\"credit\":4,\"creditHours\":40,\"deptId\":\"01\",\"params\":{}} ',NULL,1,'\r\n### Error updating database.  Cause: java.sql.SQLException: Field \'course_id\' doesn\'t have a default value\r\n### The error may exist in file [G:\\外置文档\\数据库应用作业\\系统\\RuoYi-Vue-master\\ruoyi-admin\\target\\classes\\mapper\\school\\StuCourseMapper.xml]\r\n### The error may involve com.ruoyi.school.mapper.StuCourseMapper.insertStuCourse-Inline\r\n### The error occurred while setting parameters\r\n### SQL: insert into stu_course          ( course_name,             credit,             credit_hours,             dept_id )           values ( ?,             ?,             ?,             ? )\r\n### Cause: java.sql.SQLException: Field \'course_id\' doesn\'t have a default value\n; Field \'course_id\' doesn\'t have a default value; nested exception is java.sql.SQLException: Field \'course_id\' doesn\'t have a default value','2025-12-25 09:13:26',48),(130,'开课',1,'com.ruoyi.school.controller.StuClassController.add()','POST',1,'admin','研发部门','/school/class','127.0.0.1','内网IP','{\"courseId\":\"离散数学\",\"params\":{},\"semester\":\"2025秋\",\"staffId\":\"0101\"} ',NULL,1,'nested exception is org.apache.ibatis.reflection.ReflectionException: There is no getter for property named \'studentId\' in \'class com.ruoyi.school.domain.StuClass\'','2025-12-26 00:01:50',13),(131,'教师',1,'com.ruoyi.school.controller.StuTeacherController.add()','POST',1,'admin','研发部门','/school/teacher','127.0.0.1','内网IP','{\"name\":\"宋波\",\"params\":{}} ',NULL,1,'\r\n### Error updating database.  Cause: java.sql.SQLException: Field \'staff_id\' doesn\'t have a default value\r\n### The error may exist in file [G:\\外置文档\\数据库应用作业\\系统\\RuoYi-Vue-master\\ruoyi-admin\\target\\classes\\mapper\\school\\StuTeacherMapper.xml]\r\n### The error may involve com.ruoyi.school.mapper.StuTeacherMapper.insertStuTeacher-Inline\r\n### The error occurred while setting parameters\r\n### SQL: insert into stu_teacher          ( name )           values ( ? )\r\n### Cause: java.sql.SQLException: Field \'staff_id\' doesn\'t have a default value\n; Field \'staff_id\' doesn\'t have a default value; nested exception is java.sql.SQLException: Field \'staff_id\' doesn\'t have a default value','2025-12-26 00:22:14',52),(132,'教师',1,'com.ruoyi.school.controller.StuTeacherController.add()','POST',1,'admin','研发部门','/school/teacher','127.0.0.1','内网IP','{\"name\":\"宋波\",\"params\":{},\"staffId\":\"0101\"} ','{\"msg\":\"操作成功\",\"code\":200}',0,NULL,'2025-12-26 00:22:19',31),(133,'课程',1,'com.ruoyi.school.controller.StuCourseController.add()','POST',1,'admin','研发部门','/school/course','127.0.0.1','内网IP','{\"courseName\":\"数据库\",\"params\":{}} ',NULL,1,'\r\n### Error updating database.  Cause: java.sql.SQLException: Field \'course_id\' doesn\'t have a default value\r\n### The error may exist in file [G:\\外置文档\\数据库应用作业\\系统\\RuoYi-Vue-master\\ruoyi-admin\\target\\classes\\mapper\\school\\StuCourseMapper.xml]\r\n### The error may involve com.ruoyi.school.mapper.StuCourseMapper.insertStuCourse-Inline\r\n### The error occurred while setting parameters\r\n### SQL: insert into stu_course          ( course_name )           values ( ? )\r\n### Cause: java.sql.SQLException: Field \'course_id\' doesn\'t have a default value\n; Field \'course_id\' doesn\'t have a default value; nested exception is java.sql.SQLException: Field \'course_id\' doesn\'t have a default value','2025-12-28 23:39:40',66),(134,'课程',1,'com.ruoyi.school.controller.StuCourseController.add()','POST',1,'admin','研发部门','/school/course','127.0.0.1','内网IP','{\"courseId\":\"01\",\"courseName\":\"数据库\",\"credit\":4,\"creditHours\":48,\"deptId\":\"计算机学院\",\"params\":{}} ','{\"msg\":\"操作成功\",\"code\":200}',0,NULL,'2025-12-29 00:00:53',39),(135,'开课',1,'com.ruoyi.school.controller.StuClassController.add()','POST',1,'admin','研发部门','/school/class','127.0.0.1','内网IP','{\"classTime\":\"周一34\",\"courseId\":\"数据库\",\"params\":{},\"semester\":\"2025秋\",\"staffId\":\"0101\"} ',NULL,1,'nested exception is org.apache.ibatis.reflection.ReflectionException: There is no getter for property named \'studentId\' in \'class com.ruoyi.school.domain.StuClass\'','2025-12-29 00:01:27',30),(136,'院系',1,'com.ruoyi.school.controller.StuDepartmentController.add()','POST',1,'admin','研发部门','/school/department','127.0.0.1','内网IP','{\"deptId\":\"01\",\"deptName\":\"计算机学院\",\"params\":{}} ','{\"msg\":\"操作成功\",\"code\":200}',0,NULL,'2025-12-29 00:01:45',31),(137,'开课',1,'com.ruoyi.school.controller.StuClassController.add()','POST',1,'admin','研发部门','/school/class','127.0.0.1','内网IP','{\"courseId\":\"数据库\",\"params\":{},\"semester\":\"25\",\"staffId\":\"0101\"} ',NULL,1,'nested exception is org.apache.ibatis.reflection.ReflectionException: There is no getter for property named \'studentId\' in \'class com.ruoyi.school.domain.StuClass\'','2025-12-29 00:03:42',1),(138,'学生',1,'com.ruoyi.school.controller.StuStudentController.add()','POST',1,'admin','研发部门','/school/student','127.0.0.1','内网IP','{\"name\":\"张浩然\",\"params\":{},\"studentId\":\"23121466\"} ','{\"msg\":\"操作成功\",\"code\":200}',0,NULL,'2025-12-29 00:06:02',20),(139,'开课',1,'com.ruoyi.school.controller.StuClassController.add()','POST',1,'admin','研发部门','/school/class','127.0.0.1','内网IP','{\"classId\":1,\"courseId\":\"数据库\",\"params\":{},\"semester\":\"2025秋\",\"staffId\":\"0101\"} ','{\"msg\":\"操作成功\",\"code\":200}',0,NULL,'2025-12-29 00:13:45',32),(140,'选课成绩',1,'com.ruoyi.school.controller.StuSelectionController.add()','POST',1,'admin','研发部门','/school/selection','127.0.0.1','内网IP','{\"classId\":1,\"normalScore\":100,\"params\":{},\"selectionId\":1,\"studentId\":\"23121466\",\"testScore\":100,\"totalScore\":100} ','{\"msg\":\"操作成功\",\"code\":200}',0,NULL,'2025-12-29 00:14:27',13),(141,'菜单管理',3,'com.ruoyi.web.controller.system.SysMenuController.remove()','DELETE',1,'admin','研发部门','/system/menu/4','127.0.0.1','内网IP','4 ','{\"msg\":\"菜单已分配,不允许删除\",\"code\":601}',0,NULL,'2025-12-29 00:35:08',17),(142,'菜单管理',2,'com.ruoyi.web.controller.system.SysMenuController.edit()','PUT',1,'admin','研发部门','/system/menu','127.0.0.1','内网IP','{\"children\":[],\"createTime\":\"2025-12-24 22:41:25\",\"icon\":\"guide\",\"isCache\":\"0\",\"isFrame\":\"0\",\"menuId\":4,\"menuName\":\"若依官网\",\"menuType\":\"M\",\"orderNum\":4,\"params\":{},\"parentId\":0,\"path\":\"http://ruoyi.vip\",\"perms\":\"\",\"query\":\"\",\"routeName\":\"\",\"status\":\"0\",\"updateBy\":\"admin\",\"visible\":\"1\"} ','{\"msg\":\"操作成功\",\"code\":200}',0,NULL,'2025-12-29 00:35:20',26),(143,'课程',1,'com.ruoyi.school.controller.StuCourseController.add()','POST',1,'admin','研发部门','/school/course','127.0.0.1','内网IP','{\"courseId\":\"1002\",\"courseName\":\"数字图像处理\",\"credit\":4,\"creditHours\":48,\"deptId\":\"计算机学院\",\"params\":{}} ','{\"msg\":\"操作成功\",\"code\":200}',0,NULL,'2025-12-29 11:26:25',11),(144,'角色管理',1,'com.ruoyi.web.controller.system.SysRoleController.add()','POST',1,'admin','研发部门','/system/role','127.0.0.1','内网IP','{\"admin\":false,\"createBy\":\"admin\",\"deptCheckStrictly\":true,\"deptIds\":[],\"flag\":false,\"menuCheckStrictly\":true,\"menuIds\":[2042,2048,2066,2036,2037,2038,2039,2040,2041,2043,2049,2054,2055,2056,2057,2058,2059,2067],\"params\":{},\"roleId\":100,\"roleKey\":\"teacher\",\"roleName\":\"教师\",\"roleSort\":3,\"status\":\"0\"} ','{\"msg\":\"操作成功\",\"code\":200}',0,NULL,'2025-12-29 13:20:48',29),(145,'角色管理',2,'com.ruoyi.web.controller.system.SysRoleController.edit()','PUT',1,'admin','研发部门','/system/role','127.0.0.1','内网IP','{\"admin\":false,\"createTime\":\"2025-12-29 13:20:48\",\"dataScope\":\"1\",\"delFlag\":\"0\",\"deptCheckStrictly\":true,\"flag\":false,\"menuCheckStrictly\":true,\"menuIds\":[2042,2048,2066,2036,2037,2038,2039,2040,2041,2043,2049,2054,2055,2056,2057,2058,2059,2067],\"params\":{},\"roleId\":100,\"roleKey\":\"teacher\",\"roleName\":\"0101\",\"roleSort\":3,\"status\":\"0\",\"updateBy\":\"admin\"} ','{\"msg\":\"操作成功\",\"code\":200}',0,NULL,'2025-12-29 13:36:31',28),(146,'角色管理',3,'com.ruoyi.web.controller.system.SysRoleController.remove()','DELETE',1,'admin','研发部门','/system/role/100','127.0.0.1','内网IP','[100] ','{\"msg\":\"操作成功\",\"code\":200}',0,NULL,'2025-12-29 16:07:19',39),(147,'教师',3,'com.ruoyi.school.controller.StuTeacherController.remove()','DELETE',1,'admin','研发部门','/school/teacher/0101','127.0.0.1','内网IP','[\"0101\"] ','{\"msg\":\"操作成功\",\"code\":200}',0,NULL,'2025-12-29 16:07:30',16),(148,'教师',1,'com.ruoyi.school.controller.StuTeacherController.add()','POST',1,'admin','研发部门','/school/teacher','127.0.0.1','内网IP','{\"deptId\":\"01\",\"name\":\"宋波\",\"params\":{},\"professionalRanks\":\"讲师\",\"staffId\":\"0101\",\"userId\":100} ','{\"msg\":\"操作成功\",\"code\":200}',0,NULL,'2025-12-29 16:07:52',154),(149,'教师',1,'com.ruoyi.school.controller.StuTeacherController.add()','POST',1,'admin','研发部门','/school/teacher','127.0.0.1','内网IP','{\"deptId\":\"01\",\"name\":\"许庆国\",\"params\":{},\"professionalRanks\":\"副教授\",\"staffId\":\"0102\",\"userId\":101} ','{\"msg\":\"操作成功\",\"code\":200}',0,NULL,'2025-12-29 16:26:15',81),(150,'教师',1,'com.ruoyi.school.controller.StuTeacherController.add()','POST',1,'admin','研发部门','/school/teacher','127.0.0.1','内网IP','{\"deptId\":\"01\",\"name\":\"陈圣波\",\"params\":{},\"professionalRanks\":\"副教授\",\"staffId\":\"0103\",\"userId\":102} ','{\"msg\":\"操作成功\",\"code\":200}',0,NULL,'2025-12-29 16:37:54',88),(151,'角色管理',1,'com.ruoyi.web.controller.system.SysRoleController.add()','POST',1,'admin','研发部门','/system/role','127.0.0.1','内网IP','{\"admin\":false,\"createBy\":\"admin\",\"deptCheckStrictly\":true,\"deptIds\":[],\"flag\":false,\"menuCheckStrictly\":true,\"menuIds\":[2042,2048,2054,2066,2036,2037,2038,2039,2040,2041,2043,2047,2049,2053,2055,2056,2057,2059,2067],\"params\":{},\"roleId\":101,\"roleKey\":\"teacher\",\"roleName\":\"教师\",\"roleSort\":3,\"status\":\"0\"} ','{\"msg\":\"操作成功\",\"code\":200}',0,NULL,'2025-12-29 16:46:45',22),(152,'教师',3,'com.ruoyi.school.controller.StuTeacherController.remove()','DELETE',1,'admin','研发部门','/school/teacher/0103','127.0.0.1','内网IP','[\"0103\"] ','{\"msg\":\"操作成功\",\"code\":200}',0,NULL,'2025-12-29 16:48:17',29),(153,'教师',3,'com.ruoyi.school.controller.StuTeacherController.remove()','DELETE',1,'admin','研发部门','/school/teacher/0102','127.0.0.1','内网IP','[\"0102\"] ','{\"msg\":\"操作成功\",\"code\":200}',0,NULL,'2025-12-29 16:48:19',18),(154,'教师',3,'com.ruoyi.school.controller.StuTeacherController.remove()','DELETE',1,'admin','研发部门','/school/teacher/0101','127.0.0.1','内网IP','[\"0101\"] ','{\"msg\":\"操作成功\",\"code\":200}',0,NULL,'2025-12-29 16:48:20',21),(155,'教师',1,'com.ruoyi.school.controller.StuTeacherController.add()','POST',1,'admin','研发部门','/school/teacher','127.0.0.1','内网IP','{\"deptId\":\"01\",\"name\":\"宋波\",\"params\":{},\"professionalRanks\":\"讲师\",\"staffId\":\"0101\",\"userId\":103} ','{\"msg\":\"操作成功\",\"code\":200}',0,NULL,'2025-12-29 16:48:35',69),(156,'开课',1,'com.ruoyi.school.controller.StuClassController.add()','POST',1,'0101','若依科技','/school/class','127.0.0.1','内网IP','{\"classId\":2,\"courseId\":\"面向对象\",\"params\":{},\"semester\":\"25秋\",\"staffId\":\"0101\"} ','{\"msg\":\"操作成功\",\"code\":200}',0,NULL,'2025-12-29 16:51:15',11),(157,'角色管理',1,'com.ruoyi.web.controller.system.SysRoleController.add()','POST',1,'admin','研发部门','/system/role','127.0.0.1','内网IP','{\"admin\":false,\"createBy\":\"admin\",\"deptCheckStrictly\":true,\"deptIds\":[],\"flag\":false,\"menuCheckStrictly\":true,\"menuIds\":[2036,2042,2048,2054,2037,2043,2049,2055,2056,2058,2059],\"params\":{},\"roleId\":102,\"roleKey\":\"student\",\"roleName\":\"学生\",\"roleSort\":4,\"status\":\"0\"} ','{\"msg\":\"操作成功\",\"code\":200}',0,NULL,'2025-12-29 22:55:07',59),(158,'角色管理',2,'com.ruoyi.web.controller.system.SysRoleController.edit()','PUT',1,'admin','研发部门','/system/role','127.0.0.1','内网IP','{\"admin\":false,\"createTime\":\"2025-12-29 22:55:07\",\"dataScope\":\"1\",\"delFlag\":\"0\",\"deptCheckStrictly\":true,\"flag\":false,\"menuCheckStrictly\":true,\"menuIds\":[2036,2042,2048,2054,2066,2037,2043,2049,2055,2056,2058,2059,2067],\"params\":{},\"roleId\":102,\"roleKey\":\"student\",\"roleName\":\"学生\",\"roleSort\":4,\"status\":\"0\",\"updateBy\":\"admin\"} ','{\"msg\":\"操作成功\",\"code\":200}',0,NULL,'2025-12-29 22:56:00',31),(159,'学生',3,'com.ruoyi.school.controller.StuStudentController.remove()','DELETE',1,'admin','研发部门','/school/student/23121466','127.0.0.1','内网IP','[\"23121466\"] ','{\"msg\":\"操作成功\",\"code\":200}',0,NULL,'2025-12-29 23:14:00',41),(160,'学生',1,'com.ruoyi.school.controller.StuStudentController.add()','POST',1,'admin','研发部门','/school/student','127.0.0.1','内网IP','{\"name\":\"张浩然\",\"params\":{},\"studentId\":\"23121466\",\"userId\":104} ','{\"msg\":\"操作成功\",\"code\":200}',0,NULL,'2025-12-29 23:14:13',105),(161,'选课成绩',1,'com.ruoyi.school.controller.StuSelectionController.add()','POST',1,'23121466','若依科技','/school/selection','127.0.0.1','内网IP','{\"classId\":1001,\"params\":{},\"selectionId\":2,\"studentId\":\"23121466\"} ','{\"msg\":\"操作成功\",\"code\":200}',0,NULL,'2025-12-29 23:24:18',64),(162,'教师',1,'com.ruoyi.school.controller.StuTeacherController.add()','POST',1,'admin','研发部门','/school/teacher','127.0.0.1','内网IP','{\"name\":\"沈俊\",\"params\":{},\"staffId\":\"0102\",\"userId\":105} ','{\"msg\":\"操作成功\",\"code\":200}',0,NULL,'2025-12-30 00:07:06',123),(163,'教师',1,'com.ruoyi.school.controller.StuTeacherController.add()','POST',1,'admin','研发部门','/school/teacher','127.0.0.1','内网IP','{\"name\":\"许庆国\",\"params\":{},\"staffId\":\"0103\",\"userId\":106} ','{\"msg\":\"操作成功\",\"code\":200}',0,NULL,'2025-12-30 00:09:22',111),(164,'菜单管理',2,'com.ruoyi.web.controller.system.SysMenuController.edit()','PUT',1,'admin','研发部门','/system/menu','127.0.0.1','内网IP','{\"children\":[],\"createTime\":\"2025-12-24 22:41:25\",\"icon\":\"system\",\"isCache\":\"0\",\"isFrame\":\"1\",\"menuId\":1,\"menuName\":\"系统管理\",\"menuType\":\"M\",\"orderNum\":2,\"params\":{},\"parentId\":0,\"path\":\"system\",\"perms\":\"\",\"query\":\"\",\"routeName\":\"\",\"status\":\"0\",\"updateBy\":\"admin\",\"visible\":\"0\"} ','{\"msg\":\"操作成功\",\"code\":200}',0,NULL,'2025-12-30 15:50:28',97),(165,'菜单管理',3,'com.ruoyi.web.controller.system.SysMenuController.remove()','DELETE',1,'admin','研发部门','/system/menu/2024','127.0.0.1','内网IP','2024 ','{\"msg\":\"存在子菜单,不允许删除\",\"code\":601}',0,NULL,'2025-12-30 15:53:27',22),(166,'菜单管理',3,'com.ruoyi.web.controller.system.SysMenuController.remove()','DELETE',1,'admin','研发部门','/system/menu/2035','127.0.0.1','内网IP','2035 ','{\"msg\":\"操作成功\",\"code\":200}',0,NULL,'2025-12-30 15:53:48',58),(167,'菜单管理',3,'com.ruoyi.web.controller.system.SysMenuController.remove()','DELETE',1,'admin','研发部门','/system/menu/2034','127.0.0.1','内网IP','2034 ','{\"msg\":\"操作成功\",\"code\":200}',0,NULL,'2025-12-30 15:53:50',68),(168,'菜单管理',3,'com.ruoyi.web.controller.system.SysMenuController.remove()','DELETE',1,'admin','研发部门','/system/menu/2033','127.0.0.1','内网IP','2033 ','{\"msg\":\"操作成功\",\"code\":200}',0,NULL,'2025-12-30 15:53:52',41),(169,'菜单管理',3,'com.ruoyi.web.controller.system.SysMenuController.remove()','DELETE',1,'admin','研发部门','/system/menu/2032','127.0.0.1','内网IP','2032 ','{\"msg\":\"操作成功\",\"code\":200}',0,NULL,'2025-12-30 15:53:54',69),(170,'菜单管理',3,'com.ruoyi.web.controller.system.SysMenuController.remove()','DELETE',1,'admin','研发部门','/system/menu/2031','127.0.0.1','内网IP','2031 ','{\"msg\":\"操作成功\",\"code\":200}',0,NULL,'2025-12-30 15:53:55',64),(171,'菜单管理',3,'com.ruoyi.web.controller.system.SysMenuController.remove()','DELETE',1,'admin','研发部门','/system/menu/2030','127.0.0.1','内网IP','2030 ','{\"msg\":\"操作成功\",\"code\":200}',0,NULL,'2025-12-30 15:53:57',39),(172,'菜单管理',3,'com.ruoyi.web.controller.system.SysMenuController.remove()','DELETE',1,'admin','研发部门','/system/menu/2029','127.0.0.1','内网IP','2029 ','{\"msg\":\"操作成功\",\"code\":200}',0,NULL,'2025-12-30 15:53:59',64),(173,'菜单管理',3,'com.ruoyi.web.controller.system.SysMenuController.remove()','DELETE',1,'admin','研发部门','/system/menu/2028','127.0.0.1','内网IP','2028 ','{\"msg\":\"操作成功\",\"code\":200}',0,NULL,'2025-12-30 15:54:00',46),(174,'菜单管理',3,'com.ruoyi.web.controller.system.SysMenuController.remove()','DELETE',1,'admin','研发部门','/system/menu/2027','127.0.0.1','内网IP','2027 ','{\"msg\":\"操作成功\",\"code\":200}',0,NULL,'2025-12-30 15:54:02',51),(175,'菜单管理',3,'com.ruoyi.web.controller.system.SysMenuController.remove()','DELETE',1,'admin','研发部门','/system/menu/2026','127.0.0.1','内网IP','2026 ','{\"msg\":\"操作成功\",\"code\":200}',0,NULL,'2025-12-30 15:54:03',67),(176,'菜单管理',3,'com.ruoyi.web.controller.system.SysMenuController.remove()','DELETE',1,'admin','研发部门','/system/menu/2025','127.0.0.1','内网IP','2025 ','{\"msg\":\"操作成功\",\"code\":200}',0,NULL,'2025-12-30 15:54:05',69),(177,'菜单管理',3,'com.ruoyi.web.controller.system.SysMenuController.remove()','DELETE',1,'admin','研发部门','/system/menu/2024','127.0.0.1','内网IP','2024 ','{\"msg\":\"操作成功\",\"code\":200}',0,NULL,'2025-12-30 15:54:07',76),(178,'菜单管理',3,'com.ruoyi.web.controller.system.SysMenuController.remove()','DELETE',1,'admin','研发部门','/system/menu/2001','127.0.0.1','内网IP','2001 ','{\"msg\":\"操作成功\",\"code\":200}',0,NULL,'2025-12-30 15:56:55',30),(179,'菜单管理',3,'com.ruoyi.web.controller.system.SysMenuController.remove()','DELETE',1,'admin','研发部门','/system/menu/2002','127.0.0.1','内网IP','2002 ','{\"msg\":\"操作成功\",\"code\":200}',0,NULL,'2025-12-30 15:56:57',63),(180,'菜单管理',3,'com.ruoyi.web.controller.system.SysMenuController.remove()','DELETE',1,'admin','研发部门','/system/menu/2003','127.0.0.1','内网IP','2003 ','{\"msg\":\"操作成功\",\"code\":200}',0,NULL,'2025-12-30 15:57:00',53),(181,'菜单管理',3,'com.ruoyi.web.controller.system.SysMenuController.remove()','DELETE',1,'admin','研发部门','/system/menu/2004','127.0.0.1','内网IP','2004 ','{\"msg\":\"操作成功\",\"code\":200}',0,NULL,'2025-12-30 15:57:02',71),(182,'菜单管理',3,'com.ruoyi.web.controller.system.SysMenuController.remove()','DELETE',1,'admin','研发部门','/system/menu/2005','127.0.0.1','内网IP','2005 ','{\"msg\":\"操作成功\",\"code\":200}',0,NULL,'2025-12-30 15:57:04',36),(183,'菜单管理',3,'com.ruoyi.web.controller.system.SysMenuController.remove()','DELETE',1,'admin','研发部门','/system/menu/2000','127.0.0.1','内网IP','2000 ','{\"msg\":\"操作成功\",\"code\":200}',0,NULL,'2025-12-30 15:57:06',49),(184,'菜单管理',3,'com.ruoyi.web.controller.system.SysMenuController.remove()','DELETE',1,'admin','研发部门','/system/menu/2011','127.0.0.1','内网IP','2011 ','{\"msg\":\"操作成功\",\"code\":200}',0,NULL,'2025-12-30 15:57:10',60),(185,'菜单管理',3,'com.ruoyi.web.controller.system.SysMenuController.remove()','DELETE',1,'admin','研发部门','/system/menu/2010','127.0.0.1','内网IP','2010 ','{\"msg\":\"操作成功\",\"code\":200}',0,NULL,'2025-12-30 15:57:12',37),(186,'菜单管理',3,'com.ruoyi.web.controller.system.SysMenuController.remove()','DELETE',1,'admin','研发部门','/system/menu/2009','127.0.0.1','内网IP','2009 ','{\"msg\":\"操作成功\",\"code\":200}',0,NULL,'2025-12-30 15:57:14',57),(187,'菜单管理',3,'com.ruoyi.web.controller.system.SysMenuController.remove()','DELETE',1,'admin','研发部门','/system/menu/2008','127.0.0.1','内网IP','2008 ','{\"msg\":\"操作成功\",\"code\":200}',0,NULL,'2025-12-30 15:57:16',61),(188,'菜单管理',3,'com.ruoyi.web.controller.system.SysMenuController.remove()','DELETE',1,'admin','研发部门','/system/menu/2007','127.0.0.1','内网IP','2007 ','{\"msg\":\"操作成功\",\"code\":200}',0,NULL,'2025-12-30 15:57:18',85),(189,'菜单管理',3,'com.ruoyi.web.controller.system.SysMenuController.remove()','DELETE',1,'admin','研发部门','/system/menu/2006','127.0.0.1','内网IP','2006 ','{\"msg\":\"操作成功\",\"code\":200}',0,NULL,'2025-12-30 15:57:20',57),(190,'菜单管理',3,'com.ruoyi.web.controller.system.SysMenuController.remove()','DELETE',1,'admin','研发部门','/system/menu/2017','127.0.0.1','内网IP','2017 ','{\"msg\":\"操作成功\",\"code\":200}',0,NULL,'2025-12-30 15:57:23',58),(191,'菜单管理',3,'com.ruoyi.web.controller.system.SysMenuController.remove()','DELETE',1,'admin','研发部门','/system/menu/2016','127.0.0.1','内网IP','2016 ','{\"msg\":\"操作成功\",\"code\":200}',0,NULL,'2025-12-30 15:57:25',65),(192,'菜单管理',3,'com.ruoyi.web.controller.system.SysMenuController.remove()','DELETE',1,'admin','研发部门','/system/menu/2015','127.0.0.1','内网IP','2015 ','{\"msg\":\"操作成功\",\"code\":200}',0,NULL,'2025-12-30 15:57:26',74),(193,'菜单管理',3,'com.ruoyi.web.controller.system.SysMenuController.remove()','DELETE',1,'admin','研发部门','/system/menu/2014','127.0.0.1','内网IP','2014 ','{\"msg\":\"操作成功\",\"code\":200}',0,NULL,'2025-12-30 15:57:28',32),(194,'菜单管理',3,'com.ruoyi.web.controller.system.SysMenuController.remove()','DELETE',1,'admin','研发部门','/system/menu/2013','127.0.0.1','内网IP','2013 ','{\"msg\":\"操作成功\",\"code\":200}',0,NULL,'2025-12-30 15:57:30',66),(195,'菜单管理',3,'com.ruoyi.web.controller.system.SysMenuController.remove()','DELETE',1,'admin','研发部门','/system/menu/2012','127.0.0.1','内网IP','2012 ','{\"msg\":\"操作成功\",\"code\":200}',0,NULL,'2025-12-30 15:57:33',63),(196,'菜单管理',3,'com.ruoyi.web.controller.system.SysMenuController.remove()','DELETE',1,'admin','研发部门','/system/menu/2023','127.0.0.1','内网IP','2023 ','{\"msg\":\"操作成功\",\"code\":200}',0,NULL,'2025-12-30 15:57:38',61),(197,'菜单管理',3,'com.ruoyi.web.controller.system.SysMenuController.remove()','DELETE',1,'admin','研发部门','/system/menu/2022','127.0.0.1','内网IP','2022 ','{\"msg\":\"操作成功\",\"code\":200}',0,NULL,'2025-12-30 15:57:41',46),(198,'菜单管理',3,'com.ruoyi.web.controller.system.SysMenuController.remove()','DELETE',1,'admin','研发部门','/system/menu/2021','127.0.0.1','内网IP','2021 ','{\"msg\":\"操作成功\",\"code\":200}',0,NULL,'2025-12-30 15:57:45',81),(199,'菜单管理',3,'com.ruoyi.web.controller.system.SysMenuController.remove()','DELETE',1,'admin','研发部门','/system/menu/2020','127.0.0.1','内网IP','2020 ','{\"msg\":\"操作成功\",\"code\":200}',0,NULL,'2025-12-30 15:57:47',64),(200,'菜单管理',3,'com.ruoyi.web.controller.system.SysMenuController.remove()','DELETE',1,'admin','研发部门','/system/menu/2019','127.0.0.1','内网IP','2019 ','{\"msg\":\"操作成功\",\"code\":200}',0,NULL,'2025-12-30 15:57:49',61),(201,'菜单管理',3,'com.ruoyi.web.controller.system.SysMenuController.remove()','DELETE',1,'admin','研发部门','/system/menu/2018','127.0.0.1','内网IP','2018 ','{\"msg\":\"操作成功\",\"code\":200}',0,NULL,'2025-12-30 15:57:52',64),(202,'角色管理',3,'com.ruoyi.web.controller.system.SysRoleController.remove()','DELETE',1,'admin','研发部门','/system/role/2','127.0.0.1','内网IP','[2] ',NULL,1,'普通角色已分配,不能删除','2025-12-30 16:15:45',140),(203,'角色管理',1,'com.ruoyi.web.controller.system.SysRoleController.add()','POST',1,'admin','研发部门','/system/role','127.0.0.1','内网IP','{\"admin\":false,\"deptCheckStrictly\":true,\"deptIds\":[],\"flag\":false,\"menuCheckStrictly\":true,\"menuIds\":[2036,2037,2038,2039,2040,2041,2042,2043,2044,2045,2046,2047,2048,2049,2050,2051,2052,2053,2054,2055,2056,2057,2058,2059,2060,2061,2062,2063,2064,2065,2066,2067,2068,2069,2070,2071,1,100,1000,1001,1002,1003,1004,1005,1006,101,1007,1008,1009,1010,1011,102,1012,1013,1014,1015,103,1016,1017,1018,1019,104,1020,1021,1022,1023,1024,105,1025,1026,1027,1028,1029,106,1030,1031,1032,1033,1034,107,1035,1036,1037,1038,108,500,1039,1040,1041,501,1042,1043,1044,1045,2,109,1046,1047,1048,110,1049,1050,1051,1052,1053,1054,111,112,113,114,3,115,116,1055,1056,1057,1058,1059,1060,117,4],\"params\":{},\"remark\":\"管理大大\",\"roleKey\":\"admin\",\"roleName\":\"管理员\",\"roleSort\":0,\"status\":\"0\"} ','{\"msg\":\"新增角色\'管理员\'失败，角色权限已存在\",\"code\":500}',0,NULL,'2025-12-30 16:17:08',25),(204,'代码生成',2,'com.ruoyi.generator.controller.GenController.synchDb()','GET',1,'admin','研发部门','/tool/gen/synchDb/stu_class','127.0.0.1','内网IP','{}','{\"msg\":\"操作成功\",\"code\":200}',0,NULL,'2025-12-30 18:12:43',232),(205,'代码生成',2,'com.ruoyi.generator.controller.GenController.editSave()','PUT',1,'admin','研发部门','/tool/gen','127.0.0.1','内网IP','{\"businessName\":\"class\",\"className\":\"StuClass\",\"columns\":[{\"capJavaField\":\"ClassId\",\"columnComment\":\"开课标识\",\"columnId\":1,\"columnName\":\"class_id\",\"columnType\":\"int\",\"createBy\":\"admin\",\"createTime\":\"2025-12-24 22:52:29\",\"dictType\":\"\",\"edit\":true,\"htmlType\":\"input\",\"increment\":true,\"insert\":true,\"isEdit\":\"1\",\"isIncrement\":\"1\",\"isInsert\":\"1\",\"isList\":\"1\",\"isPk\":\"1\",\"isQuery\":\"1\",\"isRequired\":\"0\",\"javaField\":\"classId\",\"javaType\":\"Long\",\"list\":true,\"params\":{},\"pk\":true,\"query\":true,\"queryType\":\"EQ\",\"required\":false,\"sort\":1,\"superColumn\":false,\"tableId\":1,\"updateBy\":\"\",\"updateTime\":\"2025-12-30 18:12:43\",\"usableColumn\":false},{\"capJavaField\":\"Semester\",\"columnComment\":\"学期\",\"columnId\":2,\"columnName\":\"semester\",\"columnType\":\"varchar(30)\",\"createBy\":\"admin\",\"createTime\":\"2025-12-24 22:52:29\",\"dictType\":\"\",\"edit\":true,\"htmlType\":\"input\",\"increment\":false,\"insert\":true,\"isEdit\":\"1\",\"isIncrement\":\"0\",\"isInsert\":\"1\",\"isList\":\"1\",\"isPk\":\"0\",\"isQuery\":\"1\",\"isRequired\":\"1\",\"javaField\":\"semester\",\"javaType\":\"String\",\"list\":true,\"params\":{},\"pk\":false,\"query\":true,\"queryType\":\"EQ\",\"required\":true,\"sort\":2,\"superColumn\":false,\"tableId\":1,\"updateBy\":\"\",\"updateTime\":\"2025-12-30 18:12:43\",\"usableColumn\":false},{\"capJavaField\":\"CourseId\",\"columnComment\":\"课号\",\"columnId\":3,\"columnName\":\"course_id\",\"columnType\":\"varchar(20)\",\"createBy\":\"admin\",\"createTime\":\"2025-12-24 22:52:29\",\"dictType\":\"\",\"edit\":true,\"htmlType\":\"input\",\"increment\":false,\"insert\":true,\"isEdit\":\"1\",\"isIncrement\":\"0\",\"isInsert\":\"1\",\"isList\":\"1\",\"isPk\":\"0\",\"isQuery\":\"1\",\"isRequired\":\"1\",\"javaField\":\"courseId\",\"javaType\":\"String\",\"list\":true,\"params\":{},\"pk\":false,\"query\":true,\"queryType\":\"LIKE\",\"required\":true,\"sort\":3,\"superColumn\":false,\"tableId\":1,\"updateBy\":\"\",\"updateTime\":\"2025-12-30 18:12:43\",\"usableColumn\":false},{\"capJavaField\":\"StaffId\",\"columnComment\":\"工号\",\"columnId\":4,\"columnName\":\"staff_id\",\"columnType\":\"varchar(20)\",\"createBy\":\"admin\",\"createTime\":\"2025-12-24 22:52:29\",\"dictType\":\"\",\"edit\":true,\"htmlType\":\"input\",','{\"msg\":\"操作成功\",\"code\":200}',0,NULL,'2025-12-30 18:20:11',147),(206,'代码生成',8,'com.ruoyi.generator.controller.GenController.batchGenCode()','GET',1,'admin','研发部门','/tool/gen/batchGenCode','127.0.0.1','内网IP','{\"tables\":\"stu_class\"}',NULL,0,NULL,'2025-12-30 18:20:15',567),(207,'菜单管理',1,'com.ruoyi.web.controller.system.SysMenuController.add()','POST',1,'admin','研发部门','/system/menu','127.0.0.1','内网IP','{\"children\":[],\"createBy\":\"admin\",\"icon\":\"system\",\"isCache\":\"0\",\"isFrame\":\"1\",\"menuName\":\"教务管理 (目录) \",\"menuType\":\"M\",\"orderNum\":1,\"params\":{},\"parentId\":0,\"path\":\"academic\",\"status\":\"0\",\"visible\":\"0\"} ','{\"msg\":\"操作成功\",\"code\":200}',0,NULL,'2025-12-30 19:01:51',350),(208,'菜单管理',1,'com.ruoyi.web.controller.system.SysMenuController.add()','POST',1,'admin','研发部门','/system/menu','127.0.0.1','内网IP','{\"children\":[],\"createBy\":\"admin\",\"icon\":\"education\",\"isCache\":\"0\",\"isFrame\":\"1\",\"menuName\":\"教学事务\",\"menuType\":\"M\",\"orderNum\":2,\"params\":{},\"parentId\":0,\"path\":\"teaching\",\"status\":\"0\",\"visible\":\"0\"} ','{\"msg\":\"操作成功\",\"code\":200}',0,NULL,'2025-12-30 19:02:37',63),(209,'菜单管理',1,'com.ruoyi.web.controller.system.SysMenuController.add()','POST',1,'admin','研发部门','/system/menu','127.0.0.1','内网IP','{\"children\":[],\"createBy\":\"admin\",\"icon\":\"user\",\"isCache\":\"0\",\"isFrame\":\"1\",\"menuName\":\"学生服务\",\"menuType\":\"M\",\"orderNum\":3,\"params\":{},\"parentId\":0,\"path\":\"student\",\"status\":\"0\",\"visible\":\"0\"} ','{\"msg\":\"操作成功\",\"code\":200}',0,NULL,'2025-12-30 19:06:46',54),(210,'菜单管理',2,'com.ruoyi.web.controller.system.SysMenuController.edit()','PUT',1,'admin','研发部门','/system/menu','127.0.0.1','内网IP','{\"children\":[],\"component\":\"system/dept/index\",\"createTime\":\"2025-12-24 22:41:25\",\"icon\":\"tree\",\"isCache\":\"0\",\"isFrame\":\"1\",\"menuId\":103,\"menuName\":\"部门管理\",\"menuType\":\"C\",\"orderNum\":4,\"params\":{},\"parentId\":1,\"path\":\"dept\",\"perms\":\"system:dept:list\",\"query\":\"\",\"routeName\":\"\",\"status\":\"0\",\"updateBy\":\"admin\",\"visible\":\"1\"} ','{\"msg\":\"操作成功\",\"code\":200}',0,NULL,'2025-12-30 19:08:07',116),(211,'菜单管理',2,'com.ruoyi.web.controller.system.SysMenuController.edit()','PUT',1,'admin','研发部门','/system/menu','127.0.0.1','内网IP','{\"children\":[],\"component\":\"system/post/index\",\"createTime\":\"2025-12-24 22:41:25\",\"icon\":\"post\",\"isCache\":\"0\",\"isFrame\":\"1\",\"menuId\":104,\"menuName\":\"岗位管理\",\"menuType\":\"C\",\"orderNum\":5,\"params\":{},\"parentId\":1,\"path\":\"post\",\"perms\":\"system:post:list\",\"query\":\"\",\"routeName\":\"\",\"status\":\"0\",\"updateBy\":\"admin\",\"visible\":\"1\"} ','{\"msg\":\"操作成功\",\"code\":200}',0,NULL,'2025-12-30 19:08:12',65),(212,'菜单管理',2,'com.ruoyi.web.controller.system.SysMenuController.edit()','PUT',1,'admin','研发部门','/system/menu','127.0.0.1','内网IP','{\"children\":[],\"component\":\"school/department/index\",\"createTime\":\"2025-12-24 23:49:41\",\"icon\":\"#\",\"isCache\":\"0\",\"isFrame\":\"1\",\"menuId\":2048,\"menuName\":\"院系管理\",\"menuType\":\"C\",\"orderNum\":1,\"params\":{},\"parentId\":2072,\"path\":\"department\",\"perms\":\"school:department:list\",\"routeName\":\"\",\"status\":\"0\",\"updateBy\":\"admin\",\"visible\":\"0\"} ','{\"msg\":\"操作成功\",\"code\":200}',0,NULL,'2025-12-30 21:02:43',29),(213,'菜单管理',2,'com.ruoyi.web.controller.system.SysMenuController.edit()','PUT',1,'admin','研发部门','/system/menu','127.0.0.1','内网IP','{\"children\":[],\"component\":\"school/course/index\",\"createTime\":\"2025-12-24 23:49:33\",\"icon\":\"#\",\"isCache\":\"0\",\"isFrame\":\"1\",\"menuId\":2042,\"menuName\":\"课程库\",\"menuType\":\"C\",\"orderNum\":1,\"params\":{},\"parentId\":2072,\"path\":\"course\",\"perms\":\"school:course:list\",\"routeName\":\"\",\"status\":\"0\",\"updateBy\":\"admin\",\"visible\":\"0\"} ','{\"msg\":\"操作成功\",\"code\":200}',0,NULL,'2025-12-30 21:04:54',63),(214,'菜单管理',2,'com.ruoyi.web.controller.system.SysMenuController.edit()','PUT',1,'admin','研发部门','/system/menu','127.0.0.1','内网IP','{\"children\":[],\"component\":\"school/teacher/index\",\"createTime\":\"2025-12-24 23:49:51\",\"icon\":\"#\",\"isCache\":\"0\",\"isFrame\":\"1\",\"menuId\":2066,\"menuName\":\"教师档案\",\"menuType\":\"C\",\"orderNum\":1,\"params\":{},\"parentId\":2072,\"path\":\"teacher\",\"perms\":\"school:teacher:list\",\"routeName\":\"\",\"status\":\"0\",\"updateBy\":\"admin\",\"visible\":\"0\"} ','{\"msg\":\"操作成功\",\"code\":200}',0,NULL,'2025-12-30 21:05:23',30),(215,'菜单管理',2,'com.ruoyi.web.controller.system.SysMenuController.edit()','PUT',1,'admin','研发部门','/system/menu','127.0.0.1','内网IP','{\"children\":[],\"component\":\"school/student/index\",\"createTime\":\"2025-12-24 23:49:48\",\"icon\":\"#\",\"isCache\":\"0\",\"isFrame\":\"1\",\"menuId\":2060,\"menuName\":\"学生学籍\",\"menuType\":\"C\",\"orderNum\":1,\"params\":{},\"parentId\":2072,\"path\":\"student\",\"perms\":\"school:student:list\",\"routeName\":\"\",\"status\":\"0\",\"updateBy\":\"admin\",\"visible\":\"0\"} ','{\"msg\":\"操作成功\",\"code\":200}',0,NULL,'2025-12-30 21:05:48',31),(216,'菜单管理',2,'com.ruoyi.web.controller.system.SysMenuController.edit()','PUT',1,'admin','研发部门','/system/menu','127.0.0.1','内网IP','{\"children\":[],\"createTime\":\"2025-12-24 22:41:25\",\"icon\":\"system\",\"isCache\":\"0\",\"isFrame\":\"1\",\"menuId\":1,\"menuName\":\"系统管理\",\"menuType\":\"M\",\"orderNum\":3,\"params\":{},\"parentId\":0,\"path\":\"system\",\"perms\":\"\",\"query\":\"\",\"routeName\":\"\",\"status\":\"0\",\"updateBy\":\"admin\",\"visible\":\"0\"} ','{\"msg\":\"操作成功\",\"code\":200}',0,NULL,'2025-12-30 21:08:16',31),(217,'菜单管理',2,'com.ruoyi.web.controller.system.SysMenuController.edit()','PUT',1,'admin','研发部门','/system/menu','127.0.0.1','内网IP','{\"children\":[],\"createTime\":\"2025-12-24 22:41:25\",\"icon\":\"monitor\",\"isCache\":\"0\",\"isFrame\":\"1\",\"menuId\":2,\"menuName\":\"系统监控\",\"menuType\":\"M\",\"orderNum\":3,\"params\":{},\"parentId\":0,\"path\":\"monitor\",\"perms\":\"\",\"query\":\"\",\"routeName\":\"\",\"status\":\"0\",\"updateBy\":\"admin\",\"visible\":\"0\"} ','{\"msg\":\"操作成功\",\"code\":200}',0,NULL,'2025-12-30 21:08:20',27),(218,'菜单管理',2,'com.ruoyi.web.controller.system.SysMenuController.edit()','PUT',1,'admin','研发部门','/system/menu','127.0.0.1','内网IP','{\"children\":[],\"component\":\"school/class/index\",\"createTime\":\"2025-12-24 23:49:25\",\"icon\":\"#\",\"isCache\":\"0\",\"isFrame\":\"1\",\"menuId\":2036,\"menuName\":\"开课\",\"menuType\":\"C\",\"orderNum\":1,\"params\":{},\"parentId\":2072,\"path\":\"class\",\"perms\":\"school:class:list\",\"routeName\":\"\",\"status\":\"0\",\"updateBy\":\"admin\",\"visible\":\"0\"} ','{\"msg\":\"操作成功\",\"code\":200}',0,NULL,'2025-12-30 21:11:39',37),(219,'菜单管理',2,'com.ruoyi.web.controller.system.SysMenuController.edit()','PUT',1,'admin','研发部门','/system/menu','127.0.0.1','内网IP','{\"children\":[],\"component\":\"school/selection/index\",\"createTime\":\"2025-12-24 23:49:44\",\"icon\":\"#\",\"isCache\":\"0\",\"isFrame\":\"1\",\"menuId\":2054,\"menuName\":\"选课成绩\",\"menuType\":\"C\",\"orderNum\":1,\"params\":{},\"parentId\":2072,\"path\":\"selection\",\"perms\":\"school:selection:list\",\"routeName\":\"\",\"status\":\"0\",\"updateBy\":\"admin\",\"visible\":\"0\"} ','{\"msg\":\"操作成功\",\"code\":200}',0,NULL,'2025-12-30 21:12:09',38),(220,'菜单管理',1,'com.ruoyi.web.controller.system.SysMenuController.add()','POST',1,'admin','研发部门','/system/menu','127.0.0.1','内网IP','{\"children\":[],\"component\":\"school/class/index\",\"createBy\":\"admin\",\"icon\":\"table\",\"isCache\":\"0\",\"isFrame\":\"1\",\"menuName\":\"我的课程\",\"menuType\":\"C\",\"orderNum\":1,\"params\":{},\"parentId\":2073,\"path\":\"my course\",\"status\":\"0\",\"visible\":\"0\"} ','{\"msg\":\"操作成功\",\"code\":200}',0,NULL,'2025-12-30 21:14:02',34),(221,'菜单管理',1,'com.ruoyi.web.controller.system.SysMenuController.add()','POST',1,'admin','研发部门','/system/menu','127.0.0.1','内网IP','{\"children\":[],\"createBy\":\"admin\",\"icon\":\"user\",\"isCache\":\"0\",\"isFrame\":\"1\",\"menuName\":\"成绩录入\",\"menuType\":\"C\",\"orderNum\":2,\"params\":{},\"parentId\":2073,\"path\":\"score\",\"status\":\"0\",\"visible\":\"0\"} ','{\"msg\":\"操作成功\",\"code\":200}',0,NULL,'2025-12-30 21:17:24',25),(222,'菜单管理',2,'com.ruoyi.web.controller.system.SysMenuController.edit()','PUT',1,'admin','研发部门','/system/menu','127.0.0.1','内网IP','{\"children\":[],\"component\":\"school/selection/index\",\"createTime\":\"2025-12-30 21:17:24\",\"icon\":\"user\",\"isCache\":\"0\",\"isFrame\":\"1\",\"menuId\":2076,\"menuName\":\"成绩录入\",\"menuType\":\"C\",\"orderNum\":2,\"params\":{},\"parentId\":2073,\"path\":\"score\",\"perms\":\"\",\"routeName\":\"\",\"status\":\"0\",\"updateBy\":\"admin\",\"visible\":\"0\"} ','{\"msg\":\"操作成功\",\"code\":200}',0,NULL,'2025-12-30 21:18:12',34),(223,'菜单管理',2,'com.ruoyi.web.controller.system.SysMenuController.edit()','PUT',1,'admin','研发部门','/system/menu','127.0.0.1','内网IP','{\"children\":[],\"createTime\":\"2025-12-24 22:41:25\",\"icon\":\"system\",\"isCache\":\"0\",\"isFrame\":\"1\",\"menuId\":1,\"menuName\":\"系统管理\",\"menuType\":\"M\",\"orderNum\":4,\"params\":{},\"parentId\":0,\"path\":\"system\",\"perms\":\"\",\"query\":\"\",\"routeName\":\"\",\"status\":\"0\",\"updateBy\":\"admin\",\"visible\":\"0\"} ','{\"msg\":\"操作成功\",\"code\":200}',0,NULL,'2025-12-30 21:19:05',23),(224,'菜单管理',2,'com.ruoyi.web.controller.system.SysMenuController.edit()','PUT',1,'admin','研发部门','/system/menu','127.0.0.1','内网IP','{\"children\":[],\"createTime\":\"2025-12-24 22:41:25\",\"icon\":\"monitor\",\"isCache\":\"0\",\"isFrame\":\"1\",\"menuId\":2,\"menuName\":\"系统监控\",\"menuType\":\"M\",\"orderNum\":4,\"params\":{},\"parentId\":0,\"path\":\"monitor\",\"perms\":\"\",\"query\":\"\",\"routeName\":\"\",\"status\":\"0\",\"updateBy\":\"admin\",\"visible\":\"0\"} ','{\"msg\":\"操作成功\",\"code\":200}',0,NULL,'2025-12-30 21:19:10',29),(225,'菜单管理',2,'com.ruoyi.web.controller.system.SysMenuController.edit()','PUT',1,'admin','研发部门','/system/menu','127.0.0.1','内网IP','{\"children\":[],\"createTime\":\"2025-12-24 22:41:25\",\"icon\":\"tool\",\"isCache\":\"0\",\"isFrame\":\"1\",\"menuId\":3,\"menuName\":\"系统工具\",\"menuType\":\"M\",\"orderNum\":4,\"params\":{},\"parentId\":0,\"path\":\"tool\",\"perms\":\"\",\"query\":\"\",\"routeName\":\"\",\"status\":\"0\",\"updateBy\":\"admin\",\"visible\":\"0\"} ','{\"msg\":\"操作成功\",\"code\":200}',0,NULL,'2025-12-30 21:19:14',25),(226,'菜单管理',1,'com.ruoyi.web.controller.system.SysMenuController.add()','POST',1,'admin','研发部门','/system/menu','127.0.0.1','内网IP','{\"children\":[],\"component\":\"school/class/index\",\"createBy\":\"admin\",\"icon\":\"user\",\"isCache\":\"0\",\"isFrame\":\"1\",\"menuName\":\"自主选课\",\"menuType\":\"C\",\"orderNum\":0,\"params\":{},\"parentId\":2074,\"path\":\"student lessons\",\"status\":\"0\",\"visible\":\"0\"} ','{\"msg\":\"操作成功\",\"code\":200}',0,NULL,'2025-12-30 21:20:21',26),(227,'角色管理',2,'com.ruoyi.web.controller.system.SysRoleController.edit()','PUT',1,'admin','研发部门','/system/role','127.0.0.1','内网IP','{\"admin\":false,\"createTime\":\"2025-12-29 16:46:45\",\"dataScope\":\"1\",\"delFlag\":\"0\",\"deptCheckStrictly\":true,\"flag\":false,\"menuCheckStrictly\":true,\"menuIds\":[2073,2075,2076],\"params\":{},\"roleId\":101,\"roleKey\":\"teacher\",\"roleName\":\"教师\",\"roleSort\":3,\"status\":\"0\",\"updateBy\":\"admin\"} ','{\"msg\":\"操作成功\",\"code\":200}',0,NULL,'2025-12-30 21:21:24',77),(228,'角色管理',2,'com.ruoyi.web.controller.system.SysRoleController.edit()','PUT',1,'admin','研发部门','/system/role','127.0.0.1','内网IP','{\"admin\":false,\"createTime\":\"2025-12-29 22:55:07\",\"dataScope\":\"1\",\"delFlag\":\"0\",\"deptCheckStrictly\":true,\"flag\":false,\"menuCheckStrictly\":true,\"menuIds\":[2074,2077],\"params\":{},\"roleId\":102,\"roleKey\":\"student\",\"roleName\":\"学生\",\"roleSort\":4,\"status\":\"0\",\"updateBy\":\"admin\"} ','{\"msg\":\"操作成功\",\"code\":200}',0,NULL,'2025-12-30 21:21:32',56),(229,'角色管理',1,'com.ruoyi.web.controller.system.SysRoleController.add()','POST',1,'admin','研发部门','/system/role','127.0.0.1','内网IP','{\"admin\":false,\"createBy\":\"admin\",\"deptCheckStrictly\":true,\"deptIds\":[],\"flag\":false,\"menuCheckStrictly\":true,\"menuIds\":[2072,2036,2037,2038,2039,2040,2041,2042,2043,2044,2045,2046,2047,2048,2049,2050,2051,2052,2053,2054,2055,2056,2057,2058,2059,2060,2061,2062,2063,2064,2065,2066,2067,2068,2069,2070,2071],\"params\":{},\"remark\":\"教务老师\",\"roleId\":103,\"roleKey\":\"admin-teacher\",\"roleName\":\"教务老师\",\"roleSort\":0,\"status\":\"0\"} ','{\"msg\":\"操作成功\",\"code\":200}',0,NULL,'2025-12-30 21:22:23',56),(230,'角色管理',2,'com.ruoyi.web.controller.system.SysRoleController.edit()','PUT',1,'admin','研发部门','/system/role','127.0.0.1','内网IP','{\"admin\":false,\"createTime\":\"2025-12-30 21:22:23\",\"dataScope\":\"1\",\"delFlag\":\"0\",\"deptCheckStrictly\":true,\"flag\":false,\"menuCheckStrictly\":true,\"menuIds\":[2072,2036,2037,2038,2039,2040,2041,2042,2043,2044,2045,2046,2047,2048,2049,2050,2051,2052,2053,2054,2055,2056,2057,2058,2059,2060,2061,2062,2063,2064,2065,2066,2067,2068,2069,2070,2071],\"params\":{},\"remark\":\"教务老师\",\"roleId\":103,\"roleKey\":\"admin-teacher\",\"roleName\":\"教务老师\",\"roleSort\":1,\"status\":\"0\",\"updateBy\":\"admin\"} ','{\"msg\":\"操作成功\",\"code\":200}',0,NULL,'2025-12-30 21:22:30',61),(231,'角色管理',2,'com.ruoyi.web.controller.system.SysRoleController.edit()','PUT',1,'admin','研发部门','/system/role','127.0.0.1','内网IP','{\"admin\":false,\"createTime\":\"2025-12-24 22:41:25\",\"dataScope\":\"2\",\"delFlag\":\"0\",\"deptCheckStrictly\":true,\"flag\":false,\"menuCheckStrictly\":true,\"menuIds\":[1,100,1000,1001,1002,1003,1004,1005,1006,101,1007,1008,1009,1010,1011,102,1012,1013,1014,1015,103,1016,1017,1018,1019,104,1020,1021,1022,1023,1024,105,1025,1026,1027,1028,1029,106,1030,1031,1032,1033,1034,107,1035,1036,1037,1038,108,500,1039,1040,1041,501,1042,1043,1044,1045,2,109,1046,1047,1048,110,1049,1050,1051,1052,1053,1054,111,112,113,114,3,115,116,1055,1056,1057,1058,1059,1060,117,4],\"params\":{},\"remark\":\"普通角色\",\"roleId\":2,\"roleKey\":\"common\",\"roleName\":\"普通角色\",\"roleSort\":5,\"status\":\"0\",\"updateBy\":\"admin\"} ','{\"msg\":\"操作成功\",\"code\":200}',0,NULL,'2025-12-30 21:22:52',66),(232,'开课',1,'com.ruoyi.school.controller.StuClassController.add()','POST',1,'admin','研发部门','/school/class','127.0.0.1','内网IP','{\"capacity\":20,\"classId\":3,\"courseId\":\"玩泥巴\",\"params\":{},\"semester\":\"26春\",\"staffId\":\"1010\"} ','{\"msg\":\"操作成功\",\"code\":200}',0,NULL,'2025-12-30 21:25:00',36),(233,'角色管理',2,'com.ruoyi.web.controller.system.SysRoleController.edit()','PUT',1,'admin','研发部门','/system/role','127.0.0.1','内网IP','{\"admin\":false,\"createTime\":\"2025-12-29 16:46:45\",\"dataScope\":\"1\",\"delFlag\":\"0\",\"deptCheckStrictly\":true,\"flag\":false,\"menuCheckStrictly\":true,\"menuIds\":[2072,2036,2037,2038,2039,2040,2041,2073,2075,2076],\"params\":{},\"roleId\":101,\"roleKey\":\"teacher\",\"roleName\":\"教师\",\"roleSort\":3,\"status\":\"0\",\"updateBy\":\"admin\"} ','{\"msg\":\"操作成功\",\"code\":200}',0,NULL,'2025-12-30 21:31:01',81),(234,'菜单管理',2,'com.ruoyi.web.controller.system.SysMenuController.edit()','PUT',1,'admin','研发部门','/system/menu','127.0.0.1','内网IP','{\"children\":[],\"createTime\":\"2025-12-24 22:41:25\",\"icon\":\"monitor\",\"isCache\":\"0\",\"isFrame\":\"1\",\"menuId\":2,\"menuName\":\"系统监控\",\"menuType\":\"M\",\"orderNum\":5,\"params\":{},\"parentId\":0,\"path\":\"monitor\",\"perms\":\"\",\"query\":\"\",\"routeName\":\"\",\"status\":\"0\",\"updateBy\":\"admin\",\"visible\":\"0\"} ','{\"msg\":\"操作成功\",\"code\":200}',0,NULL,'2025-12-30 21:43:13',26),(235,'学生',1,'com.ruoyi.school.controller.StuStudentController.add()','POST',1,'admin','研发部门','/school/student','127.0.0.1','内网IP','{\"dateOfBirth\":\"2025-12-23\",\"deptId\":\"02\",\"mobilePhone\":\"12345678\",\"name\":\"石磊\",\"nativePlace\":\"安徽\",\"params\":{},\"sex\":\"0\",\"studentId\":\"23121467\",\"userId\":107} ','{\"msg\":\"操作成功\",\"code\":200}',0,NULL,'2025-12-30 23:19:25',148),(236,'院系',1,'com.ruoyi.school.controller.StuDepartmentController.add()','POST',1,'admin','研发部门','/school/department','127.0.0.1','内网IP','{\"deptId\":\"02\",\"deptName\":\"机械学院\",\"params\":{}} ','{\"msg\":\"操作成功\",\"code\":200}',0,NULL,'2025-12-30 23:19:51',21),(237,'代码生成',2,'com.ruoyi.generator.controller.GenController.editSave()','PUT',1,'admin','研发部门','/tool/gen','127.0.0.1','内网IP','{\"businessName\":\"class\",\"className\":\"StuClass\",\"columns\":[{\"capJavaField\":\"ClassId\",\"columnComment\":\"开课标识\",\"columnId\":1,\"columnName\":\"class_id\",\"columnType\":\"int\",\"createBy\":\"admin\",\"createTime\":\"2025-12-24 22:52:29\",\"dictType\":\"\",\"edit\":true,\"htmlType\":\"input\",\"increment\":true,\"insert\":true,\"isEdit\":\"1\",\"isIncrement\":\"1\",\"isInsert\":\"1\",\"isList\":\"1\",\"isPk\":\"1\",\"isQuery\":\"1\",\"isRequired\":\"0\",\"javaField\":\"classId\",\"javaType\":\"Long\",\"list\":true,\"params\":{},\"pk\":true,\"query\":true,\"queryType\":\"EQ\",\"required\":false,\"sort\":1,\"superColumn\":false,\"tableId\":1,\"updateBy\":\"\",\"updateTime\":\"2025-12-30 18:20:11\",\"usableColumn\":false},{\"capJavaField\":\"Semester\",\"columnComment\":\"学期\",\"columnId\":2,\"columnName\":\"semester\",\"columnType\":\"varchar(30)\",\"createBy\":\"admin\",\"createTime\":\"2025-12-24 22:52:29\",\"dictType\":\"\",\"edit\":true,\"htmlType\":\"input\",\"increment\":false,\"insert\":true,\"isEdit\":\"1\",\"isIncrement\":\"0\",\"isInsert\":\"1\",\"isList\":\"1\",\"isPk\":\"0\",\"isQuery\":\"1\",\"isRequired\":\"1\",\"javaField\":\"semester\",\"javaType\":\"String\",\"list\":true,\"params\":{},\"pk\":false,\"query\":true,\"queryType\":\"EQ\",\"required\":true,\"sort\":2,\"superColumn\":false,\"tableId\":1,\"updateBy\":\"\",\"updateTime\":\"2025-12-30 18:20:11\",\"usableColumn\":false},{\"capJavaField\":\"CourseId\",\"columnComment\":\"课号\",\"columnId\":3,\"columnName\":\"course_id\",\"columnType\":\"varchar(20)\",\"createBy\":\"admin\",\"createTime\":\"2025-12-24 22:52:29\",\"dictType\":\"\",\"edit\":true,\"htmlType\":\"input\",\"increment\":false,\"insert\":true,\"isEdit\":\"1\",\"isIncrement\":\"0\",\"isInsert\":\"1\",\"isList\":\"1\",\"isPk\":\"0\",\"isQuery\":\"1\",\"isRequired\":\"1\",\"javaField\":\"courseId\",\"javaType\":\"String\",\"list\":true,\"params\":{},\"pk\":false,\"query\":true,\"queryType\":\"LIKE\",\"required\":true,\"sort\":3,\"superColumn\":false,\"tableId\":1,\"updateBy\":\"\",\"updateTime\":\"2025-12-30 18:20:11\",\"usableColumn\":false},{\"capJavaField\":\"StaffId\",\"columnComment\":\"工号\",\"columnId\":4,\"columnName\":\"staff_id\",\"columnType\":\"varchar(20)\",\"createBy\":\"admin\",\"createTime\":\"2025-12-24 22:52:29\",\"dictType\":\"\",\"edit\":true,\"htmlType\":\"input\",','{\"msg\":\"操作成功\",\"code\":200}',0,NULL,'2025-12-30 23:31:30',61),(238,'代码生成',2,'com.ruoyi.generator.controller.GenController.editSave()','PUT',1,'admin','研发部门','/tool/gen','127.0.0.1','内网IP','{\"businessName\":\"class\",\"className\":\"StuClass\",\"columns\":[{\"capJavaField\":\"ClassId\",\"columnComment\":\"开课标识\",\"columnId\":1,\"columnName\":\"class_id\",\"columnType\":\"int\",\"createBy\":\"admin\",\"createTime\":\"2025-12-24 22:52:29\",\"dictType\":\"\",\"edit\":true,\"htmlType\":\"input\",\"increment\":true,\"insert\":true,\"isEdit\":\"1\",\"isIncrement\":\"1\",\"isInsert\":\"1\",\"isList\":\"1\",\"isPk\":\"1\",\"isQuery\":\"1\",\"isRequired\":\"0\",\"javaField\":\"classId\",\"javaType\":\"Long\",\"list\":true,\"params\":{},\"pk\":true,\"query\":true,\"queryType\":\"EQ\",\"required\":false,\"sort\":1,\"superColumn\":false,\"tableId\":1,\"updateBy\":\"\",\"updateTime\":\"2025-12-30 23:31:30\",\"usableColumn\":false},{\"capJavaField\":\"Semester\",\"columnComment\":\"学期\",\"columnId\":2,\"columnName\":\"semester\",\"columnType\":\"varchar(30)\",\"createBy\":\"admin\",\"createTime\":\"2025-12-24 22:52:29\",\"dictType\":\"\",\"edit\":true,\"htmlType\":\"input\",\"increment\":false,\"insert\":true,\"isEdit\":\"1\",\"isIncrement\":\"0\",\"isInsert\":\"1\",\"isList\":\"1\",\"isPk\":\"0\",\"isQuery\":\"1\",\"isRequired\":\"1\",\"javaField\":\"semester\",\"javaType\":\"String\",\"list\":true,\"params\":{},\"pk\":false,\"query\":true,\"queryType\":\"EQ\",\"required\":true,\"sort\":2,\"superColumn\":false,\"tableId\":1,\"updateBy\":\"\",\"updateTime\":\"2025-12-30 23:31:30\",\"usableColumn\":false},{\"capJavaField\":\"CourseId\",\"columnComment\":\"课号\",\"columnId\":3,\"columnName\":\"course_id\",\"columnType\":\"varchar(20)\",\"createBy\":\"admin\",\"createTime\":\"2025-12-24 22:52:29\",\"dictType\":\"\",\"edit\":true,\"htmlType\":\"input\",\"increment\":false,\"insert\":true,\"isEdit\":\"1\",\"isIncrement\":\"0\",\"isInsert\":\"1\",\"isList\":\"1\",\"isPk\":\"0\",\"isQuery\":\"1\",\"isRequired\":\"1\",\"javaField\":\"courseId\",\"javaType\":\"String\",\"list\":true,\"params\":{},\"pk\":false,\"query\":true,\"queryType\":\"LIKE\",\"required\":true,\"sort\":3,\"superColumn\":false,\"tableId\":1,\"updateBy\":\"\",\"updateTime\":\"2025-12-30 23:31:30\",\"usableColumn\":false},{\"capJavaField\":\"StaffId\",\"columnComment\":\"工号\",\"columnId\":4,\"columnName\":\"staff_id\",\"columnType\":\"varchar(20)\",\"createBy\":\"admin\",\"createTime\":\"2025-12-24 22:52:29\",\"dictType\":\"\",\"edit\":true,\"htmlType\":\"input\",','{\"msg\":\"操作成功\",\"code\":200}',0,NULL,'2025-12-30 23:31:36',45),(239,'选课成绩',3,'com.ruoyi.school.controller.StuSelectionController.remove()','DELETE',1,'admin','研发部门','/school/selection/4,5','127.0.0.1','内网IP','[4,5] ','{\"msg\":\"操作成功\",\"code\":200}',0,NULL,'2025-12-31 00:33:05',35),(240,'选课成绩',1,'com.ruoyi.school.controller.StuSelectionController.add()','POST',1,'admin','研发部门','/school/selection','127.0.0.1','内网IP','{\"classId\":1,\"params\":{},\"selectionId\":63,\"studentId\":\"S2025100\"} ','{\"msg\":\"操作成功\",\"code\":200}',0,NULL,'2025-12-31 14:23:45',38),(241,'选课成绩',1,'com.ruoyi.school.controller.StuSelectionController.add()','POST',1,'admin','研发部门','/school/selection','127.0.0.1','内网IP','{\"classId\":1,\"params\":{},\"selectionId\":64,\"studentId\":\"S2025102\"} ','{\"msg\":\"操作成功\",\"code\":200}',0,NULL,'2025-12-31 14:24:07',38),(242,'随机抽签',2,'com.ruoyi.school.controller.StuClassController.randomKick()','POST',1,'admin','研发部门','/school/class/randomKick','127.0.0.1','内网IP','',NULL,1,'Error attempting to get column \'message\' from result set.  Cause: java.sql.SQLDataException: Cannot determine value type from string \'随机抽签完成，已清理所有超员课程！\'\n; Cannot determine value type from string \'随机抽签完成，已清理所有超员课程！\'; nested exception is java.sql.SQLDataException: Cannot determine value type from string \'随机抽签完成，已清理所有超员课程！\'','2025-12-31 14:24:17',43),(243,'随机抽签',2,'com.ruoyi.school.controller.StuClassController.randomKick()','POST',1,'admin','研发部门','/school/class/randomKick','127.0.0.1','内网IP','',NULL,1,'Mapper method \'com.ruoyi.school.mapper.StuClassMapper.executeRandomKick\' attempted to return null from a method with a primitive return type (int).','2025-12-31 14:26:56',15),(244,'选课成绩',3,'com.ruoyi.school.controller.StuSelectionController.remove()','DELETE',1,'admin','研发部门','/school/selection/3','127.0.0.1','内网IP','[3] ','{\"msg\":\"操作成功\",\"code\":200}',0,NULL,'2025-12-31 15:25:47',22),(245,'选课成绩',3,'com.ruoyi.school.controller.StuSelectionController.remove()','DELETE',1,'admin','研发部门','/school/selection/7','127.0.0.1','内网IP','[7] ','{\"msg\":\"操作成功\",\"code\":200}',0,NULL,'2025-12-31 15:30:12',13),(246,'选课成绩',3,'com.ruoyi.school.controller.StuSelectionController.remove()','DELETE',1,'admin','研发部门','/school/selection/8','127.0.0.1','内网IP','[8] ','{\"msg\":\"操作成功\",\"code\":200}',0,NULL,'2025-12-31 15:30:14',36),(247,'选课成绩',3,'com.ruoyi.school.controller.StuSelectionController.remove()','DELETE',1,'admin','研发部门','/school/selection/9','127.0.0.1','内网IP','[9] ','{\"msg\":\"操作成功\",\"code\":200}',0,NULL,'2025-12-31 15:30:17',22),(248,'角色管理',2,'com.ruoyi.web.controller.system.SysRoleController.edit()','PUT',1,'admin','研发部门','/system/role','127.0.0.1','内网IP','{\"admin\":false,\"createTime\":\"2025-12-29 22:55:07\",\"dataScope\":\"1\",\"delFlag\":\"0\",\"deptCheckStrictly\":true,\"flag\":false,\"menuCheckStrictly\":true,\"menuIds\":[2072,2036,2054,2060,2073,2037,2055,2056,2058,2061,2075,2074,2077],\"params\":{},\"roleId\":102,\"roleKey\":\"student\",\"roleName\":\"学生\",\"roleSort\":4,\"status\":\"0\",\"updateBy\":\"admin\"} ','{\"msg\":\"操作成功\",\"code\":200}',0,NULL,'2025-12-31 22:22:29',47),(249,'角色管理',2,'com.ruoyi.web.controller.system.SysRoleController.edit()','PUT',1,'admin','研发部门','/system/role','127.0.0.1','内网IP','{\"admin\":false,\"createTime\":\"2025-12-29 22:55:07\",\"dataScope\":\"1\",\"delFlag\":\"0\",\"deptCheckStrictly\":true,\"flag\":false,\"menuCheckStrictly\":true,\"menuIds\":[2073,2075,2074,2077],\"params\":{},\"roleId\":102,\"roleKey\":\"student\",\"roleName\":\"学生\",\"roleSort\":4,\"status\":\"0\",\"updateBy\":\"admin\"} ','{\"msg\":\"操作成功\",\"code\":200}',0,NULL,'2026-01-01 15:50:06',44),(250,'角色管理',2,'com.ruoyi.web.controller.system.SysRoleController.edit()','PUT',1,'admin','研发部门','/system/role','127.0.0.1','内网IP','{\"admin\":false,\"createTime\":\"2025-12-29 22:55:07\",\"dataScope\":\"1\",\"delFlag\":\"0\",\"deptCheckStrictly\":true,\"flag\":false,\"menuCheckStrictly\":true,\"menuIds\":[2073,2075,2074,2077],\"params\":{},\"roleId\":102,\"roleKey\":\"student\",\"roleName\":\"学生\",\"roleSort\":4,\"status\":\"0\",\"updateBy\":\"admin\"} ','{\"msg\":\"操作成功\",\"code\":200}',0,NULL,'2026-01-01 15:50:12',23),(251,'开课管理',2,'com.ruoyi.school.controller.StuClassController.randomKick()','POST',1,'admin','研发部门','/school/class/randomKick','127.0.0.1','内网IP','','{\"msg\":\"抽签清算成功\",\"code\":200}',0,NULL,'2026-01-01 16:30:20',11),(252,'开课',1,'com.ruoyi.school.controller.StuClassController.add()','POST',1,'0101','若依科技','/school/class','127.0.0.1','内网IP','{\"capacity\":50,\"courseId\":\"数学\",\"params\":{},\"semester\":\"2025秋\"} ',NULL,1,'\r\n### Error updating database.  Cause: java.sql.SQLException: Field \'staff_id\' doesn\'t have a default value\r\n### The error may exist in file [G:\\外置文档\\数据库应用作业\\系统\\RuoYi-Vue-master\\ruoyi-system\\target\\classes\\mapper\\school\\StuClassMapper.xml]\r\n### The error may involve com.ruoyi.school.mapper.StuClassMapper.insertStuClass-Inline\r\n### The error occurred while setting parameters\r\n### SQL: insert into stu_class          ( semester,             course_id,                                                                                                                     capacity )           values ( ?,             ?,                                                                                                                     ? )\r\n### Cause: java.sql.SQLException: Field \'staff_id\' doesn\'t have a default value\n; Field \'staff_id\' doesn\'t have a default value; nested exception is java.sql.SQLException: Field \'staff_id\' doesn\'t have a default value','2026-01-01 17:45:24',54),(253,'开课',1,'com.ruoyi.school.controller.StuClassController.add()','POST',1,'0101','若依科技','/school/class','127.0.0.1','内网IP','{\"capacity\":50,\"courseId\":\"玩泥巴\",\"params\":{},\"semester\":\"2025秋\"} ',NULL,1,'\r\n### Error updating database.  Cause: java.sql.SQLException: Field \'staff_id\' doesn\'t have a default value\r\n### The error may exist in file [G:\\外置文档\\数据库应用作业\\系统\\RuoYi-Vue-master\\ruoyi-system\\target\\classes\\mapper\\school\\StuClassMapper.xml]\r\n### The error may involve com.ruoyi.school.mapper.StuClassMapper.insertStuClass-Inline\r\n### The error occurred while setting parameters\r\n### SQL: insert into stu_class          ( semester,             course_id,                                                                                                                     capacity )           values ( ?,             ?,                                                                                                                     ? )\r\n### Cause: java.sql.SQLException: Field \'staff_id\' doesn\'t have a default value\n; Field \'staff_id\' doesn\'t have a default value; nested exception is java.sql.SQLException: Field \'staff_id\' doesn\'t have a default value','2026-01-01 17:45:33',9),(254,'开课',1,'com.ruoyi.school.controller.StuClassController.add()','POST',1,'0101','若依科技','/school/class','127.0.0.1','内网IP','{\"capacity\":50,\"courseId\":\"3\",\"params\":{},\"semester\":\"2025秋\"} ',NULL,1,'\r\n### Error updating database.  Cause: java.sql.SQLException: Field \'staff_id\' doesn\'t have a default value\r\n### The error may exist in file [G:\\外置文档\\数据库应用作业\\系统\\RuoYi-Vue-master\\ruoyi-system\\target\\classes\\mapper\\school\\StuClassMapper.xml]\r\n### The error may involve com.ruoyi.school.mapper.StuClassMapper.insertStuClass-Inline\r\n### The error occurred while setting parameters\r\n### SQL: insert into stu_class          ( semester,             course_id,                                                                                                                     capacity )           values ( ?,             ?,                                                                                                                     ? )\r\n### Cause: java.sql.SQLException: Field \'staff_id\' doesn\'t have a default value\n; Field \'staff_id\' doesn\'t have a default value; nested exception is java.sql.SQLException: Field \'staff_id\' doesn\'t have a default value','2026-01-01 17:45:39',6),(255,'开课',1,'com.ruoyi.school.controller.StuClassController.add()','POST',1,'0101','若依科技','/school/class','127.0.0.1','内网IP','{\"capacity\":50,\"courseId\":\"3\",\"params\":{},\"semester\":\"2025秋\"} ',NULL,1,'\r\n### Error updating database.  Cause: java.sql.SQLException: Field \'staff_id\' doesn\'t have a default value\r\n### The error may exist in file [G:\\外置文档\\数据库应用作业\\系统\\RuoYi-Vue-master\\ruoyi-system\\target\\classes\\mapper\\school\\StuClassMapper.xml]\r\n### The error may involve com.ruoyi.school.mapper.StuClassMapper.insertStuClass-Inline\r\n### The error occurred while setting parameters\r\n### SQL: insert into stu_class          ( semester,             course_id,                                                                                                                     capacity )           values ( ?,             ?,                                                                                                                     ? )\r\n### Cause: java.sql.SQLException: Field \'staff_id\' doesn\'t have a default value\n; Field \'staff_id\' doesn\'t have a default value; nested exception is java.sql.SQLException: Field \'staff_id\' doesn\'t have a default value','2026-01-01 17:45:44',18),(256,'开课',1,'com.ruoyi.school.controller.StuClassController.add()','POST',1,'0101','若依科技','/school/class','127.0.0.1','内网IP','{\"capacity\":60,\"courseId\":\"数据库\",\"params\":{},\"semester\":\"2025秋\"} ',NULL,1,'\r\n### Error updating database.  Cause: java.sql.SQLException: Field \'staff_id\' doesn\'t have a default value\r\n### The error may exist in file [G:\\外置文档\\数据库应用作业\\系统\\RuoYi-Vue-master\\ruoyi-system\\target\\classes\\mapper\\school\\StuClassMapper.xml]\r\n### The error may involve com.ruoyi.school.mapper.StuClassMapper.insertStuClass-Inline\r\n### The error occurred while setting parameters\r\n### SQL: insert into stu_class          ( semester,             course_id,                                                                                                                     capacity )           values ( ?,             ?,                                                                                                                     ? )\r\n### Cause: java.sql.SQLException: Field \'staff_id\' doesn\'t have a default value\n; Field \'staff_id\' doesn\'t have a default value; nested exception is java.sql.SQLException: Field \'staff_id\' doesn\'t have a default value','2026-01-01 17:46:18',12),(257,'开课',1,'com.ruoyi.school.controller.StuClassController.add()','POST',1,'0101','若依科技','/school/class','127.0.0.1','内网IP','{\"capacity\":61,\"courseId\":\"数据库\",\"params\":{},\"semester\":\"2025秋\"} ',NULL,1,'\r\n### Error updating database.  Cause: java.sql.SQLException: Field \'staff_id\' doesn\'t have a default value\r\n### The error may exist in file [G:\\外置文档\\数据库应用作业\\系统\\RuoYi-Vue-master\\ruoyi-system\\target\\classes\\mapper\\school\\StuClassMapper.xml]\r\n### The error may involve com.ruoyi.school.mapper.StuClassMapper.insertStuClass-Inline\r\n### The error occurred while setting parameters\r\n### SQL: insert into stu_class          ( semester,             course_id,                                                                                                                     capacity )           values ( ?,             ?,                                                                                                                     ? )\r\n### Cause: java.sql.SQLException: Field \'staff_id\' doesn\'t have a default value\n; Field \'staff_id\' doesn\'t have a default value; nested exception is java.sql.SQLException: Field \'staff_id\' doesn\'t have a default value','2026-01-01 17:46:21',7),(258,'开课',1,'com.ruoyi.school.controller.StuClassController.add()','POST',1,'0101','若依科技','/school/class','127.0.0.1','内网IP','{\"capacity\":60,\"classId\":5,\"courseId\":\"1\",\"params\":{},\"semester\":\"2025秋\",\"staffId\":\"0101\"} ','{\"msg\":\"操作成功\",\"code\":200}',0,NULL,'2026-01-01 18:05:41',32),(259,'开课',1,'com.ruoyi.school.controller.StuClassController.add()','POST',1,'0101','若依科技','/school/class','127.0.0.1','内网IP','{\"capacity\":60,\"classId\":6,\"courseId\":\"1002\",\"lessonEnd\":2,\"lessonStart\":1,\"params\":{},\"semester\":\"2025秋\",\"staffId\":\"0101\"} ','{\"msg\":\"操作成功\",\"code\":200}',0,NULL,'2026-01-01 20:23:33',65),(260,'开课',3,'com.ruoyi.school.controller.StuClassController.remove()','DELETE',1,'0101','若依科技','/school/class/2','127.0.0.1','内网IP','[2] ',NULL,1,'Invalid bound statement (not found): com.ruoyi.school.mapper.StuClassMapper.deleteStuClassByClassIds','2026-01-01 20:24:27',0),(261,'开课',3,'com.ruoyi.school.controller.StuClassController.remove()','DELETE',1,'admin','研发部门','/school/class/2','127.0.0.1','内网IP','[2] ',NULL,1,'Invalid bound statement (not found): com.ruoyi.school.mapper.StuClassMapper.deleteStuClassByClassIds','2026-01-01 20:25:24',0),(262,'课程',1,'com.ruoyi.school.controller.StuCourseController.add()','POST',1,'admin','研发部门','/school/course','127.0.0.1','内网IP','{\"courseId\":\"02\",\"courseName\":\"离散数学\",\"credit\":6,\"creditHours\":96,\"deptId\":\"01\",\"params\":{}} ','{\"msg\":\"操作成功\",\"code\":200}',0,NULL,'2026-01-01 20:36:16',8),(263,'课程',2,'com.ruoyi.school.controller.StuCourseController.edit()','PUT',1,'admin','研发部门','/school/course','127.0.0.1','内网IP','{\"courseId\":\"01\",\"courseName\":\"数据库\",\"credit\":4,\"creditHours\":48,\"deptId\":\"01\",\"params\":{}} ','{\"msg\":\"操作成功\",\"code\":200}',0,NULL,'2026-01-01 20:36:25',41),(264,'课程',2,'com.ruoyi.school.controller.StuCourseController.edit()','PUT',1,'admin','研发部门','/school/course','127.0.0.1','内网IP','{\"courseId\":\"1002\",\"courseName\":\"数字图像处理\",\"credit\":4,\"creditHours\":48,\"deptId\":\"01\",\"params\":{}} ','{\"msg\":\"操作成功\",\"code\":200}',0,NULL,'2026-01-01 20:36:29',12),(265,'开课',3,'com.ruoyi.school.controller.StuClassController.remove()','DELETE',1,'admin','研发部门','/school/class/2','127.0.0.1','内网IP','[2] ',NULL,1,'Invalid bound statement (not found): com.ruoyi.school.mapper.StuClassMapper.deleteStuClassByClassIds','2026-01-01 20:43:06',4),(266,'开课',3,'com.ruoyi.school.controller.StuClassController.remove()','DELETE',1,'admin','研发部门','/school/class/2','127.0.0.1','内网IP','[2] ','{\"msg\":\"操作成功\",\"code\":200}',0,NULL,'2026-01-01 20:43:32',28),(267,'开课',3,'com.ruoyi.school.controller.StuClassController.remove()','DELETE',1,'admin','研发部门','/school/class/3','127.0.0.1','内网IP','[3] ','{\"msg\":\"操作成功\",\"code\":200}',0,NULL,'2026-01-01 20:43:54',21),(268,'开课',3,'com.ruoyi.school.controller.StuClassController.remove()','DELETE',1,'admin','研发部门','/school/class/5','127.0.0.1','内网IP','[5] ','{\"msg\":\"操作成功\",\"code\":200}',0,NULL,'2026-01-01 20:43:59',6),(269,'开课',1,'com.ruoyi.school.controller.StuClassController.add()','POST',1,'admin','研发部门','/school/class','127.0.0.1','内网IP','{\"capacity\":60,\"classId\":7,\"courseId\":\"02\",\"lessonEnd\":2,\"lessonStart\":1,\"params\":{},\"semester\":\"2025秋\",\"staffId\":\"admin\"} ','{\"msg\":\"操作成功\",\"code\":200}',0,NULL,'2026-01-01 20:44:35',34),(270,'开课',3,'com.ruoyi.school.controller.StuClassController.remove()','DELETE',1,'0101','若依科技','/school/class/1','127.0.0.1','内网IP','[1] ','{\"msg\":\"操作成功\",\"code\":200}',0,NULL,'2026-01-01 20:46:53',6),(271,'开课',2,'com.ruoyi.school.controller.StuClassController.edit()','PUT',1,'0101','若依科技','/school/class','127.0.0.1','内网IP','{\"capacity\":60,\"classId\":6,\"classroomId\":\"1010\",\"courseId\":\"1002\",\"dayOfWeek\":1,\"lessonEnd\":2,\"lessonStart\":1,\"params\":{},\"selectedNum\":0,\"semester\":\"2025秋\",\"staffId\":\"0101\",\"weekEnd\":16,\"weekStart\":1,\"weekType\":0} ',NULL,1,'修改失败：存在排课冲突！','2026-01-01 20:47:57',5),(272,'开课',2,'com.ruoyi.school.controller.StuClassController.edit()','PUT',1,'0101','若依科技','/school/class','127.0.0.1','内网IP','{\"capacity\":60,\"classId\":6,\"classroomId\":\"1009\",\"courseId\":\"1002\",\"dayOfWeek\":1,\"lessonEnd\":2,\"lessonStart\":1,\"params\":{},\"selectedNum\":0,\"semester\":\"2025秋\",\"staffId\":\"0101\",\"weekEnd\":16,\"weekStart\":1,\"weekType\":0} ',NULL,1,'修改失败：存在排课冲突！','2026-01-01 20:48:02',8),(273,'开课',2,'com.ruoyi.school.controller.StuClassController.edit()','PUT',1,'0101','若依科技','/school/class','127.0.0.1','内网IP','{\"capacity\":60,\"classId\":6,\"classroomId\":\"1010\",\"courseId\":\"1002\",\"dayOfWeek\":2,\"lessonEnd\":2,\"lessonStart\":1,\"params\":{},\"selectedNum\":0,\"semester\":\"2025秋\",\"staffId\":\"0101\",\"weekEnd\":16,\"weekStart\":1,\"weekType\":0} ','{\"msg\":\"操作成功\",\"code\":200}',0,NULL,'2026-01-01 20:48:20',25),(274,'开课',3,'com.ruoyi.school.controller.StuClassController.remove()','DELETE',1,'admin','研发部门','/school/class/4','127.0.0.1','内网IP','[4] ','{\"msg\":\"操作成功\",\"code\":200}',0,NULL,'2026-01-01 21:37:19',10),(275,'开课',1,'com.ruoyi.school.controller.StuClassController.add()','POST',1,'admin','研发部门','/school/class','127.0.0.1','内网IP','{\"capacity\":60,\"classroomId\":\"1010\",\"courseId\":\"1002\",\"dayOfWeek\":4,\"lessonEnd\":2,\"lessonStart\":1,\"params\":{},\"semester\":\"2025秋\",\"staffId\":\"0101\"} ',NULL,1,'Invalid bound statement (not found): com.ruoyi.school.mapper.StuClassMapper.checkSchedulingConflict','2026-01-01 21:37:30',2),(276,'开课',1,'com.ruoyi.school.controller.StuClassController.add()','POST',1,'0101','若依科技','/school/class','127.0.0.1','内网IP','{\"capacity\":60,\"classroomId\":\"1010\",\"courseId\":\"1002\",\"dayOfWeek\":4,\"lessonEnd\":2,\"lessonStart\":1,\"params\":{},\"semester\":\"2025秋\",\"staffId\":\"0101\"} ',NULL,1,'Invalid bound statement (not found): com.ruoyi.school.mapper.StuClassMapper.checkSchedulingConflict','2026-01-01 22:04:48',5),(277,'开课',1,'com.ruoyi.school.controller.StuClassController.add()','POST',1,'0101','若依科技','/school/class','127.0.0.1','内网IP','{\"capacity\":60,\"classroomId\":\"101\",\"courseId\":\"1002\",\"dayOfWeek\":2,\"lessonEnd\":2,\"lessonStart\":1,\"params\":{},\"semester\":\"2025秋\",\"staffId\":\"0101\"} ',NULL,1,'Invalid bound statement (not found): com.ruoyi.school.mapper.StuClassMapper.checkSchedulingConflict','2026-01-01 22:12:38',6),(278,'开课',1,'com.ruoyi.school.controller.StuClassController.add()','POST',1,'admin','研发部门','/school/class','127.0.0.1','内网IP','{\"capacity\":60,\"classroomId\":\"1010\",\"courseId\":\"1002\",\"dayOfWeek\":2,\"lessonEnd\":2,\"lessonStart\":1,\"params\":{},\"semester\":\"2025秋\",\"staffId\":\"0101\"} ',NULL,1,'\r\n### Error updating database.  Cause: java.sql.SQLIntegrityConstraintViolationException: Duplicate entry \'2025秋-1002-0101\' for key \'stu_class.uk_class\'\r\n### The error may exist in file [G:\\外置文档\\数据库应用作业\\系统\\RuoYi-Vue-master\\ruoyi-system\\target\\classes\\mapper\\school\\StuClassMapper.xml]\r\n### The error may involve com.ruoyi.school.mapper.StuClassMapper.insertStuClass-Inline\r\n### The error occurred while setting parameters\r\n### SQL: insert into stu_class          ( semester,             course_id,             staff_id,             day_of_week,             lesson_start,             lesson_end,                                       classroom_id,             capacity )           values ( ?,             ?,             ?,             ?,             ?,             ?,                                       ?,             ? )\r\n### Cause: java.sql.SQLIntegrityConstraintViolationException: Duplicate entry \'2025秋-1002-0101\' for key \'stu_class.uk_class\'\n; Duplicate entry \'2025秋-1002-0101\' for key \'stu_class.uk_class\'; nested exception is java.sql.SQLIntegrityConstraintViolationException: Duplicate entry \'2025秋-1002-0101\' for key \'stu_class.uk_class\'','2026-01-01 22:16:17',51),(279,'开课',1,'com.ruoyi.school.controller.StuClassController.add()','POST',1,'0101','若依科技','/school/class','127.0.0.1','内网IP','{\"capacity\":50,\"classId\":9,\"courseId\":\"02\",\"lessonEnd\":2,\"lessonStart\":1,\"params\":{},\"semester\":\"2025秋\",\"staffId\":\"0101\"} ','{\"msg\":\"操作成功\",\"code\":200}',0,NULL,'2026-01-01 22:16:48',12),(280,'开课',1,'com.ruoyi.school.controller.StuClassController.add()','POST',1,'0101','若依科技','/school/class','127.0.0.1','内网IP','{\"capacity\":60,\"classroomId\":\"1010\",\"courseId\":\"1002\",\"dayOfWeek\":2,\"lessonEnd\":2,\"lessonStart\":1,\"params\":{},\"semester\":\"2025秋\",\"staffId\":\"0101\"} ',NULL,1,'\r\n### Error updating database.  Cause: java.sql.SQLIntegrityConstraintViolationException: Duplicate entry \'2025秋-1002-0101\' for key \'stu_class.uk_class\'\r\n### The error may exist in file [G:\\外置文档\\数据库应用作业\\系统\\RuoYi-Vue-master\\ruoyi-system\\target\\classes\\mapper\\school\\StuClassMapper.xml]\r\n### The error may involve com.ruoyi.school.mapper.StuClassMapper.insertStuClass-Inline\r\n### The error occurred while setting parameters\r\n### SQL: insert into stu_class          ( semester,             course_id,             staff_id,             day_of_week,             lesson_start,             lesson_end,                                       classroom_id,             capacity )           values ( ?,             ?,             ?,             ?,             ?,             ?,                                       ?,             ? )\r\n### Cause: java.sql.SQLIntegrityConstraintViolationException: Duplicate entry \'2025秋-1002-0101\' for key \'stu_class.uk_class\'\n; Duplicate entry \'2025秋-1002-0101\' for key \'stu_class.uk_class\'; nested exception is java.sql.SQLIntegrityConstraintViolationException: Duplicate entry \'2025秋-1002-0101\' for key \'stu_class.uk_class\'','2026-01-01 22:16:55',11),(281,'开课',1,'com.ruoyi.school.controller.StuClassController.add()','POST',1,'admin','研发部门','/school/class','127.0.0.1','内网IP','{\"capacity\":60,\"classId\":11,\"classroomId\":\"1010\",\"courseId\":\"1002\",\"dayOfWeek\":4,\"lessonEnd\":2,\"lessonStart\":1,\"params\":{},\"semester\":\"2025秋\",\"staffId\":\"0101\"} ','{\"msg\":\"操作成功\",\"code\":200}',0,NULL,'2026-01-01 22:19:31',10),(282,'开课',3,'com.ruoyi.school.controller.StuClassController.remove()','DELETE',1,'admin','研发部门','/school/class/7','127.0.0.1','内网IP','[7] ','{\"msg\":\"操作成功\",\"code\":200}',0,NULL,'2026-01-01 22:35:23',22),(283,'代码生成',6,'com.ruoyi.generator.controller.GenController.importTableSave()','POST',1,'admin','研发部门','/tool/gen/importTable','127.0.0.1','内网IP','{\"tables\":\"student_selection\"}','{\"msg\":\"操作成功\",\"code\":200}',0,NULL,'2026-01-02 16:58:25',278),(284,'代码生成',8,'com.ruoyi.generator.controller.GenController.batchGenCode()','GET',1,'admin','研发部门','/tool/gen/batchGenCode','127.0.0.1','内网IP','{\"tables\":\"student_selection\"}',NULL,0,NULL,'2026-01-02 16:58:56',60),(285,'菜单管理',2,'com.ruoyi.web.controller.system.SysMenuController.edit()','PUT',1,'admin','研发部门','/system/menu','127.0.0.1','内网IP','{\"children\":[],\"component\":\"student/selection/index\",\"createTime\":\"2025-12-30 21:20:21\",\"icon\":\"user\",\"isCache\":\"0\",\"isFrame\":\"1\",\"menuId\":2077,\"menuName\":\"自主选课\",\"menuType\":\"C\",\"orderNum\":0,\"params\":{},\"parentId\":2074,\"path\":\"studentSelection\",\"perms\":\"student:selection:list\",\"routeName\":\"studentSelection\",\"status\":\"0\",\"updateBy\":\"admin\",\"visible\":\"0\"} ','{\"msg\":\"操作成功\",\"code\":200}',0,NULL,'2026-01-02 17:06:48',40),(286,'代码生成',8,'com.ruoyi.generator.controller.GenController.batchGenCode()','GET',1,'admin','研发部门','/tool/gen/batchGenCode','127.0.0.1','内网IP','{\"tables\":\"student_selection\"}',NULL,0,NULL,'2026-01-02 17:09:52',266),(287,'菜单管理',2,'com.ruoyi.web.controller.system.SysMenuController.edit()','PUT',1,'admin','研发部门','/system/menu','127.0.0.1','内网IP','{\"children\":[],\"component\":\"system/selection/index\",\"createTime\":\"2025-12-30 21:20:21\",\"icon\":\"user\",\"isCache\":\"0\",\"isFrame\":\"1\",\"menuId\":2077,\"menuName\":\"自主选课\",\"menuType\":\"C\",\"orderNum\":0,\"params\":{},\"parentId\":2074,\"path\":\"studentSelection\",\"perms\":\"student:selection:list\",\"routeName\":\"studentSelection\",\"status\":\"0\",\"updateBy\":\"admin\",\"visible\":\"0\"} ','{\"msg\":\"操作成功\",\"code\":200}',0,NULL,'2026-01-02 17:19:46',42),(288,'代码生成',3,'com.ruoyi.generator.controller.GenController.remove()','DELETE',1,'admin','研发部门','/tool/gen/7','127.0.0.1','内网IP','[7] ','{\"msg\":\"操作成功\",\"code\":200}',0,NULL,'2026-01-02 17:59:42',31),(289,'代码生成',8,'com.ruoyi.generator.controller.GenController.batchGenCode()','GET',1,'admin','研发部门','/tool/gen/batchGenCode','127.0.0.1','内网IP','{\"tables\":\"student_selection\"}',NULL,0,NULL,'2026-01-02 17:59:45',143),(290,'代码生成',2,'com.ruoyi.generator.controller.GenController.synchDb()','GET',1,'admin','研发部门','/tool/gen/synchDb/student_selection','127.0.0.1','内网IP','{}','{\"msg\":\"操作成功\",\"code\":200}',0,NULL,'2026-01-02 22:17:18',339),(291,'代码生成',8,'com.ruoyi.generator.controller.GenController.batchGenCode()','GET',1,'admin','研发部门','/tool/gen/batchGenCode','127.0.0.1','内网IP','{\"tables\":\"student_selection\"}',NULL,0,NULL,'2026-01-02 22:17:21',191),(292,'代码生成',2,'com.ruoyi.generator.controller.GenController.synchDb()','GET',1,'admin','研发部门','/tool/gen/synchDb/student_selection','127.0.0.1','内网IP','{}','{\"msg\":\"操作成功\",\"code\":200}',0,NULL,'2026-01-02 22:54:09',357),(293,'代码生成',8,'com.ruoyi.generator.controller.GenController.batchGenCode()','GET',1,'admin','研发部门','/tool/gen/batchGenCode','127.0.0.1','内网IP','{\"tables\":\"student_selection\"}',NULL,0,NULL,'2026-01-02 22:54:10',187),(294,'角色管理',2,'com.ruoyi.web.controller.system.SysRoleController.edit()','PUT',1,'admin','研发部门','/system/role','127.0.0.1','内网IP','{\"admin\":false,\"createTime\":\"2025-12-29 22:55:07\",\"dataScope\":\"1\",\"delFlag\":\"0\",\"deptCheckStrictly\":true,\"flag\":false,\"menuCheckStrictly\":true,\"menuIds\":[2074,2077,2078,2082,2079,2083,2080,2084,2081,2085,2086],\"params\":{},\"roleId\":102,\"roleKey\":\"student\",\"roleName\":\"学生\",\"roleSort\":4,\"status\":\"0\",\"updateBy\":\"admin\"} ','{\"msg\":\"操作成功\",\"code\":200}',0,NULL,'2026-01-03 00:13:35',65),(295,'菜单管理',2,'com.ruoyi.web.controller.system.SysMenuController.edit()','PUT',1,'admin','研发部门','/system/menu','127.0.0.1','内网IP','{\"children\":[],\"component\":\"system/selection/student\",\"createTime\":\"2025-12-30 21:20:21\",\"icon\":\"user\",\"isCache\":\"0\",\"isFrame\":\"1\",\"menuId\":2077,\"menuName\":\"自主选课\",\"menuType\":\"C\",\"orderNum\":0,\"params\":{},\"parentId\":2074,\"path\":\"studentSelection\",\"perms\":\"system:selection:list\",\"routeName\":\"studentSelection\",\"status\":\"0\",\"updateBy\":\"admin\",\"visible\":\"0\"} ','{\"msg\":\"操作成功\",\"code\":200}',0,NULL,'2026-01-03 00:18:59',30),(296,'代码生成',6,'com.ruoyi.generator.controller.GenController.importTableSave()','POST',1,'admin','研发部门','/tool/gen/importTable','127.0.0.1','内网IP','{\"tables\":\"vw_student_schedule\"}','{\"msg\":\"操作成功\",\"code\":200}',0,NULL,'2026-01-03 00:26:32',122),(297,'代码生成',2,'com.ruoyi.generator.controller.GenController.synchDb()','GET',1,'admin','研发部门','/tool/gen/synchDb/student_selection','127.0.0.1','内网IP','{}','{\"msg\":\"操作成功\",\"code\":200}',0,NULL,'2026-01-03 00:26:36',101),(298,'代码生成',8,'com.ruoyi.generator.controller.GenController.batchGenCode()','GET',1,'admin','研发部门','/tool/gen/batchGenCode','127.0.0.1','内网IP','{\"tables\":\"vw_student_schedule\"}',NULL,0,NULL,'2026-01-03 00:26:39',170),(299,'代码生成',8,'com.ruoyi.generator.controller.GenController.batchGenCode()','GET',1,'admin','研发部门','/tool/gen/batchGenCode','127.0.0.1','内网IP','{\"tables\":\"student_selection\"}',NULL,0,NULL,'2026-01-03 00:26:43',54),(300,'菜单管理',2,'com.ruoyi.web.controller.system.SysMenuController.edit()','PUT',1,'admin','研发部门','/system/menu','127.0.0.1','内网IP','{\"children\":[],\"component\":\"system/schedule/student\",\"createTime\":\"2026-01-03 00:25:12\",\"icon\":\"build\",\"isCache\":\"0\",\"isFrame\":\"1\",\"menuId\":2090,\"menuName\":\"学生课表\",\"menuType\":\"C\",\"orderNum\":1,\"params\":{},\"parentId\":2074,\"path\":\"studentSchedule\",\"perms\":\"system:schedule:list\",\"routeName\":\"\",\"status\":\"0\",\"updateBy\":\"admin\",\"visible\":\"0\"} ','{\"msg\":\"操作成功\",\"code\":200}',0,NULL,'2026-01-03 00:35:09',36),(301,'教师',1,'com.ruoyi.school.controller.StuTeacherController.add()','POST',1,'admin','研发部门','/school/teacher','127.0.0.1','内网IP','{\"name\":\"李睿鸣\",\"params\":{},\"salary\":123456,\"sex\":\"1\",\"staffId\":\"0104\",\"userId\":208} ','{\"msg\":\"操作成功\",\"code\":200}',0,NULL,'2026-01-03 01:48:17',273),(302,'教师',2,'com.ruoyi.school.controller.StuTeacherController.edit()','PUT',1,'admin','研发部门','/school/teacher','127.0.0.1','内网IP','{\"name\":\"李睿鸣\",\"params\":{},\"professionalRanks\":\"陪玩\",\"salary\":123456,\"sex\":\"1\",\"staffId\":\"0104\",\"userId\":208} ','{\"msg\":\"操作成功\",\"code\":200}',0,NULL,'2026-01-03 01:48:32',13),(303,'代码生成',2,'com.ruoyi.generator.controller.GenController.synchDb()','GET',1,'admin','研发部门','/tool/gen/synchDb/stu_course','127.0.0.1','内网IP','{}','{\"msg\":\"操作成功\",\"code\":200}',0,NULL,'2026-01-03 02:02:20',70),(304,'代码生成',8,'com.ruoyi.generator.controller.GenController.batchGenCode()','GET',1,'admin','研发部门','/tool/gen/batchGenCode','127.0.0.1','内网IP','{\"tables\":\"stu_course\"}',NULL,0,NULL,'2026-01-03 02:02:22',179),(305,'代码生成',2,'com.ruoyi.generator.controller.GenController.synchDb()','GET',1,'admin','研发部门','/tool/gen/synchDb/stu_class','127.0.0.1','内网IP','{}','{\"msg\":\"操作成功\",\"code\":200}',0,NULL,'2026-01-03 02:13:06',134),(306,'学生自主选课',2,'com.ruoyi.school.controller.StudentSelectionController.selectCourse()','PUT',1,'admin','研发部门','/system/selection/select/1','127.0.0.1','内网IP','1 ','{\"msg\":\"操作成功\",\"code\":200}',0,NULL,'2026-01-03 02:55:41',24),(307,'学生自主选课',2,'com.ruoyi.school.controller.StudentSelectionController.unselectCourse()','PUT',1,'admin','研发部门','/system/selection/unselect/1','127.0.0.1','内网IP','1 ','{\"msg\":\"操作成功\",\"code\":200}',0,NULL,'2026-01-03 02:55:42',16),(308,'学生自主选课',2,'com.ruoyi.school.controller.StudentSelectionController.unselectCourse()','PUT',1,'admin','研发部门','/system/selection/unselect/5','127.0.0.1','内网IP','5 ','{\"msg\":\"操作成功\",\"code\":200}',0,NULL,'2026-01-03 02:55:47',14),(309,'学生自主选课',2,'com.ruoyi.school.controller.StudentSelectionController.selectCourse()','PUT',1,'admin','研发部门','/system/selection/select/5','127.0.0.1','内网IP','5 ','{\"msg\":\"操作成功\",\"code\":200}',0,NULL,'2026-01-03 02:55:54',15),(310,'开课',1,'com.ruoyi.school.controller.StuClassController.add()','POST',1,'admin','研发部门','/school/class','127.0.0.1','内网IP','{\"capacity\":60,\"classId\":40,\"courseId\":\"C001\",\"dayOfWeek\":5,\"lessonEnd\":2,\"lessonStart\":1,\"params\":{},\"semester\":\"2025秋\",\"staffId\":\"admin\"} ','{\"msg\":\"操作成功\",\"code\":200}',0,NULL,'2026-01-03 02:57:07',27),(311,'开课',1,'com.ruoyi.school.controller.StuClassController.add()','POST',1,'admin','研发部门','/school/class','127.0.0.1','内网IP','{\"capacity\":60,\"classId\":41,\"courseId\":\"C001\",\"dayOfWeek\":6,\"lessonEnd\":2,\"lessonStart\":1,\"params\":{},\"semester\":\"2025秋\",\"staffId\":\"admin\"} ','{\"msg\":\"操作成功\",\"code\":200}',0,NULL,'2026-01-03 02:57:26',18),(312,'代码生成',2,'com.ruoyi.generator.controller.GenController.synchDb()','GET',1,'admin','研发部门','/tool/gen/synchDb/student_selection','127.0.0.1','内网IP','{}','{\"msg\":\"操作成功\",\"code\":200}',0,NULL,'2026-01-03 03:13:01',142),(313,'代码生成',2,'com.ruoyi.generator.controller.GenController.synchDb()','GET',1,'admin','研发部门','/tool/gen/synchDb/student_selection','127.0.0.1','内网IP','{}','{\"msg\":\"操作成功\",\"code\":200}',0,NULL,'2026-01-03 03:17:19',96),(314,'学生自主选课',2,'com.ruoyi.school.controller.StudentSelectionController.selectCourse()','PUT',1,'admin','研发部门','/system/selection/select/6','127.0.0.1','内网IP','6 ','{\"msg\":\"操作成功\",\"code\":200}',0,NULL,'2026-01-03 03:17:50',15),(315,'学生自主选课',2,'com.ruoyi.school.controller.StudentSelectionController.unselectCourse()','PUT',1,'admin','研发部门','/system/selection/unselect/6','127.0.0.1','内网IP','6 ','{\"msg\":\"操作成功\",\"code\":200}',0,NULL,'2026-01-03 03:18:04',10),(316,'学生自主选课',2,'com.ruoyi.school.controller.StudentSelectionController.selectCourse()','PUT',1,'admin','研发部门','/system/selection/select/7','127.0.0.1','内网IP','7 ','{\"msg\":\"操作成功\",\"code\":200}',0,NULL,'2026-01-03 03:18:06',12),(317,'学生自主选课',2,'com.ruoyi.school.controller.StudentSelectionController.unselectCourse()','PUT',1,'admin','研发部门','/system/selection/unselect/7','127.0.0.1','内网IP','7 ','{\"msg\":\"操作成功\",\"code\":200}',0,NULL,'2026-01-03 03:18:16',9),(318,'代码生成',2,'com.ruoyi.generator.controller.GenController.synchDb()','GET',1,'admin','研发部门','/tool/gen/synchDb/student_selection','127.0.0.1','内网IP','{}','{\"msg\":\"操作成功\",\"code\":200}',0,NULL,'2026-01-03 03:26:54',146),(319,'学生自主选课',2,'com.ruoyi.school.controller.StudentSelectionController.selectCourse()','PUT',1,'admin','研发部门','/system/selection/select/7','127.0.0.1','内网IP','7 ','{\"msg\":\"操作成功\",\"code\":200}',0,NULL,'2026-01-03 03:27:06',20),(320,'代码生成',2,'com.ruoyi.generator.controller.GenController.synchDb()','GET',1,'admin','研发部门','/tool/gen/synchDb/stu_class','127.0.0.1','内网IP','{}','{\"msg\":\"操作成功\",\"code\":200}',0,NULL,'2026-01-03 03:27:30',90),(321,'代码生成',2,'com.ruoyi.generator.controller.GenController.synchDb()','GET',1,'admin','研发部门','/tool/gen/synchDb/student_selection','127.0.0.1','内网IP','{}','{\"msg\":\"操作成功\",\"code\":200}',0,NULL,'2026-01-03 03:30:17',100),(322,'学生自主选课',2,'com.ruoyi.school.controller.StudentSelectionController.unselectCourse()','PUT',1,'admin','研发部门','/system/selection/unselect/7','127.0.0.1','内网IP','7 ','{\"msg\":\"操作成功\",\"code\":200}',0,NULL,'2026-01-03 03:31:28',10),(323,'学生自主选课',2,'com.ruoyi.school.controller.StudentSelectionController.selectCourse()','PUT',1,'admin','研发部门','/system/selection/select/7','127.0.0.1','内网IP','7 ','{\"msg\":\"操作成功\",\"code\":200}',0,NULL,'2026-01-03 03:31:35',11),(324,'学生自主选课',2,'com.ruoyi.school.controller.StudentSelectionController.unselectCourse()','PUT',1,'admin','研发部门','/system/selection/unselect/5','127.0.0.1','内网IP','5 ','{\"msg\":\"操作成功\",\"code\":200}',0,NULL,'2026-01-03 03:33:01',12),(325,'学生自主选课',2,'com.ruoyi.school.controller.StudentSelectionController.selectCourse()','PUT',1,'admin','研发部门','/system/selection/select/5','127.0.0.1','内网IP','5 ','{\"msg\":\"操作成功\",\"code\":200}',0,NULL,'2026-01-03 03:33:09',13),(326,'学生自主选课',2,'com.ruoyi.school.controller.StudentSelectionController.selectCourse()','PUT',1,'admin','研发部门','/system/selection/select/10','127.0.0.1','内网IP','10 ','{\"msg\":\"选课失败：该时间段已有其他课程，存在时间冲突\",\"code\":500}',0,NULL,'2026-01-03 03:42:49',21),(327,'学生自主选课',2,'com.ruoyi.school.controller.StudentSelectionController.selectCourse()','PUT',1,'admin','研发部门','/system/selection/select/9','127.0.0.1','内网IP','9 ','{\"msg\":\"选课成功\",\"code\":200}',0,NULL,'2026-01-03 03:42:52',30),(328,'学生自主选课',2,'com.ruoyi.school.controller.StudentSelectionController.selectCourse()','PUT',1,'admin','研发部门','/system/selection/select/41','127.0.0.1','内网IP','41 ','{\"msg\":\"选课成功\",\"code\":200}',0,NULL,'2026-01-03 03:43:09',24),(329,'学生自主选课',2,'com.ruoyi.school.controller.StudentSelectionController.unselectCourse()','PUT',1,'admin','研发部门','/system/selection/unselect/5','127.0.0.1','内网IP','5 ','{\"msg\":\"操作成功\",\"code\":200}',0,NULL,'2026-01-03 03:46:32',14),(330,'学生自主选课',2,'com.ruoyi.school.controller.StudentSelectionController.selectCourse()','PUT',1,'admin','研发部门','/system/selection/select/1','127.0.0.1','内网IP','1 ','{\"msg\":\"选课成功\",\"code\":200}',0,NULL,'2026-01-03 03:47:23',40),(331,'学生自主选课',2,'com.ruoyi.school.controller.StudentSelectionController.unselectCourse()','PUT',1,'admin','研发部门','/system/selection/unselect/4','127.0.0.1','内网IP','4 ','{\"msg\":\"操作成功\",\"code\":200}',0,NULL,'2026-01-03 03:48:18',11),(332,'学生自主选课',2,'com.ruoyi.school.controller.StudentSelectionController.unselectCourse()','PUT',1,'admin','研发部门','/system/selection/unselect/3','127.0.0.1','内网IP','3 ','{\"msg\":\"操作成功\",\"code\":200}',0,NULL,'2026-01-03 03:48:19',10),(333,'学生自主选课',2,'com.ruoyi.school.controller.StudentSelectionController.unselectCourse()','PUT',1,'admin','研发部门','/system/selection/unselect/1','127.0.0.1','内网IP','1 ','{\"msg\":\"操作成功\",\"code\":200}',0,NULL,'2026-01-03 03:48:20',13),(334,'学生自主选课',2,'com.ruoyi.school.controller.StudentSelectionController.unselectCourse()','PUT',1,'admin','研发部门','/system/selection/unselect/7','127.0.0.1','内网IP','7 ','{\"msg\":\"操作成功\",\"code\":200}',0,NULL,'2026-01-03 03:48:26',10),(335,'学生自主选课',2,'com.ruoyi.school.controller.StudentSelectionController.unselectCourse()','PUT',1,'admin','研发部门','/system/selection/unselect/9','127.0.0.1','内网IP','9 ','{\"msg\":\"操作成功\",\"code\":200}',0,NULL,'2026-01-03 03:48:28',10),(336,'学生自主选课',2,'com.ruoyi.school.controller.StudentSelectionController.unselectCourse()','PUT',1,'admin','研发部门','/system/selection/unselect/41','127.0.0.1','内网IP','41 ','{\"msg\":\"操作成功\",\"code\":200}',0,NULL,'2026-01-03 03:48:53',9),(337,'学生自主选课',2,'com.ruoyi.school.controller.StudentSelectionController.selectCourse()','PUT',1,'admin','研发部门','/system/selection/select/1','127.0.0.1','内网IP','1 ','{\"msg\":\"选课成功\",\"code\":200}',0,NULL,'2026-01-03 03:49:01',18),(338,'学生自主选课',2,'com.ruoyi.school.controller.StudentSelectionController.selectCourse()','PUT',1,'admin','研发部门','/system/selection/select/5','127.0.0.1','内网IP','5 ','{\"msg\":\"选课成功\",\"code\":200}',0,NULL,'2026-01-03 03:49:03',21),(339,'学生自主选课',2,'com.ruoyi.school.controller.StudentSelectionController.selectCourse()','PUT',1,'admin','研发部门','/system/selection/select/2','127.0.0.1','内网IP','2 ','{\"msg\":\"选课成功\",\"code\":200}',0,NULL,'2026-01-03 03:52:00',18),(340,'学生自主选课',2,'com.ruoyi.school.controller.StudentSelectionController.selectCourse()','PUT',1,'admin','研发部门','/system/selection/select/4','127.0.0.1','内网IP','4 ','{\"msg\":\"选课成功\",\"code\":200}',0,NULL,'2026-01-03 03:52:49',18),(341,'学生自主选课',2,'com.ruoyi.school.controller.StudentSelectionController.unselectCourse()','PUT',1,'admin','研发部门','/system/selection/unselect/5','127.0.0.1','内网IP','5 ','{\"msg\":\"操作成功\",\"code\":200}',0,NULL,'2026-01-03 03:53:03',13),(342,'学生自主选课',2,'com.ruoyi.school.controller.StudentSelectionController.unselectCourse()','PUT',1,'admin','研发部门','/system/selection/unselect/2','127.0.0.1','内网IP','2 ','{\"msg\":\"操作成功\",\"code\":200}',0,NULL,'2026-01-03 03:53:11',8),(343,'学生自主选课',2,'com.ruoyi.school.controller.StudentSelectionController.selectCourse()','PUT',1,'admin','研发部门','/system/selection/select/6','127.0.0.1','内网IP','6 ','{\"msg\":\"选课成功\",\"code\":200}',0,NULL,'2026-01-03 03:53:13',23),(344,'学生自主选课',2,'com.ruoyi.school.controller.StudentSelectionController.selectCourse()','PUT',1,'admin','研发部门','/system/selection/select/10','127.0.0.1','内网IP','10 ','{\"msg\":\"选课成功\",\"code\":200}',0,NULL,'2026-01-03 03:53:19',21),(345,'学生自主选课',2,'com.ruoyi.school.controller.StudentSelectionController.selectCourse()','PUT',1,'admin','研发部门','/system/selection/select/12','127.0.0.1','内网IP','12 ','{\"msg\":\"选课成功\",\"code\":200}',0,NULL,'2026-01-03 03:53:43',16),(346,'学生自主选课',2,'com.ruoyi.school.controller.StudentSelectionController.unselectCourse()','PUT',1,'admin','研发部门','/system/selection/unselect/1','127.0.0.1','内网IP','1 ','{\"msg\":\"操作成功\",\"code\":200}',0,NULL,'2026-01-03 03:54:07',10),(347,'学生自主选课',2,'com.ruoyi.school.controller.StudentSelectionController.unselectCourse()','PUT',1,'admin','研发部门','/system/selection/unselect/4','127.0.0.1','内网IP','4 ','{\"msg\":\"操作成功\",\"code\":200}',0,NULL,'2026-01-03 03:54:14',9),(348,'学生自主选课',2,'com.ruoyi.school.controller.StudentSelectionController.unselectCourse()','PUT',1,'admin','研发部门','/system/selection/unselect/6','127.0.0.1','内网IP','6 ','{\"msg\":\"操作成功\",\"code\":200}',0,NULL,'2026-01-03 03:54:25',11),(349,'学生自主选课',2,'com.ruoyi.school.controller.StudentSelectionController.unselectCourse()','PUT',1,'admin','研发部门','/system/selection/unselect/10','127.0.0.1','内网IP','10 ','{\"msg\":\"操作成功\",\"code\":200}',0,NULL,'2026-01-03 03:54:27',10),(350,'学生自主选课',2,'com.ruoyi.school.controller.StudentSelectionController.unselectCourse()','PUT',1,'admin','研发部门','/system/selection/unselect/12','127.0.0.1','内网IP','12 ','{\"msg\":\"操作成功\",\"code\":200}',0,NULL,'2026-01-03 03:54:29',9),(351,'学生自主选课',2,'com.ruoyi.school.controller.StudentSelectionController.selectCourse()','PUT',1,'admin','研发部门','/system/selection/select/17','127.0.0.1','内网IP','17 ','{\"msg\":\"选课成功\",\"code\":200}',0,NULL,'2026-01-03 03:54:33',17),(352,'学生自主选课',2,'com.ruoyi.school.controller.StudentSelectionController.selectCourse()','PUT',1,'admin','研发部门','/system/selection/select/3','127.0.0.1','内网IP','3 ','{\"msg\":\"选课成功\",\"code\":200}',0,NULL,'2026-01-03 03:54:42',17),(353,'学生自主选课',2,'com.ruoyi.school.controller.StudentSelectionController.selectCourse()','PUT',1,'admin','研发部门','/system/selection/select/5','127.0.0.1','内网IP','5 ','{\"msg\":\"选课成功\",\"code\":200}',0,NULL,'2026-01-03 03:54:48',21),(354,'学生自主选课',2,'com.ruoyi.school.controller.StudentSelectionController.unselectCourse()','PUT',1,'admin','研发部门','/system/selection/unselect/5','127.0.0.1','内网IP','5 ','{\"msg\":\"操作成功\",\"code\":200}',0,NULL,'2026-01-03 03:54:54',9),(355,'学生自主选课',2,'com.ruoyi.school.controller.StudentSelectionController.unselectCourse()','PUT',1,'admin','研发部门','/system/selection/unselect/3','127.0.0.1','内网IP','3 ','{\"msg\":\"操作成功\",\"code\":200}',0,NULL,'2026-01-03 03:54:56',8),(356,'学生自主选课',2,'com.ruoyi.school.controller.StudentSelectionController.selectCourse()','PUT',1,'admin','研发部门','/system/selection/select/10','127.0.0.1','内网IP','10 ','{\"msg\":\"选课成功\",\"code\":200}',0,NULL,'2026-01-03 03:54:59',20),(357,'学生自主选课',2,'com.ruoyi.school.controller.StudentSelectionController.unselectCourse()','PUT',1,'admin','研发部门','/system/selection/unselect/10','127.0.0.1','内网IP','10 ','{\"msg\":\"操作成功\",\"code\":200}',0,NULL,'2026-01-03 03:55:05',11),(358,'学生自主选课',2,'com.ruoyi.school.controller.StudentSelectionController.selectCourse()','PUT',1,'admin','研发部门','/system/selection/select/3','127.0.0.1','内网IP','3 ','{\"msg\":\"选课成功\",\"code\":200}',0,NULL,'2026-01-03 03:55:12',19),(359,'学生自主选课',2,'com.ruoyi.school.controller.StudentSelectionController.selectCourse()','PUT',1,'admin','研发部门','/system/selection/select/4','127.0.0.1','内网IP','4 ','{\"msg\":\"选课成功\",\"code\":200}',0,NULL,'2026-01-03 03:55:14',15),(360,'学生自主选课',2,'com.ruoyi.school.controller.StudentSelectionController.selectCourse()','PUT',1,'admin','研发部门','/system/selection/select/5','127.0.0.1','内网IP','5 ','{\"msg\":\"选课成功\",\"code\":200}',0,NULL,'2026-01-03 03:55:16',16),(361,'学生自主选课',2,'com.ruoyi.school.controller.StudentSelectionController.unselectCourse()','PUT',1,'admin','研发部门','/system/selection/unselect/3','127.0.0.1','内网IP','3 ','{\"msg\":\"操作成功\",\"code\":200}',0,NULL,'2026-01-03 03:55:21',8),(362,'学生自主选课',2,'com.ruoyi.school.controller.StudentSelectionController.unselectCourse()','PUT',1,'admin','研发部门','/system/selection/unselect/4','127.0.0.1','内网IP','4 ','{\"msg\":\"操作成功\",\"code\":200}',0,NULL,'2026-01-03 03:55:22',8),(363,'学生自主选课',2,'com.ruoyi.school.controller.StudentSelectionController.unselectCourse()','PUT',1,'admin','研发部门','/system/selection/unselect/5','127.0.0.1','内网IP','5 ','{\"msg\":\"操作成功\",\"code\":200}',0,NULL,'2026-01-03 03:55:24',9),(364,'学生自主选课',2,'com.ruoyi.school.controller.StudentSelectionController.selectCourse()','PUT',1,'admin','研发部门','/system/selection/select/2','127.0.0.1','内网IP','2 ','{\"msg\":\"选课成功\",\"code\":200}',0,NULL,'2026-01-03 03:55:26',16),(365,'学生自主选课',2,'com.ruoyi.school.controller.StudentSelectionController.unselectCourse()','PUT',1,'admin','研发部门','/system/selection/unselect/2','127.0.0.1','内网IP','2 ','{\"msg\":\"操作成功\",\"code\":200}',0,NULL,'2026-01-03 03:55:27',8),(366,'学生自主选课',2,'com.ruoyi.school.controller.StudentSelectionController.selectCourse()','PUT',1,'admin','研发部门','/system/selection/select/6','127.0.0.1','内网IP','6 ','{\"msg\":\"选课成功\",\"code\":200}',0,NULL,'2026-01-03 03:55:30',18),(367,'学生自主选课',2,'com.ruoyi.school.controller.StudentSelectionController.selectCourse()','PUT',1,'admin','研发部门','/system/selection/select/7','127.0.0.1','内网IP','7 ','{\"msg\":\"选课成功\",\"code\":200}',0,NULL,'2026-01-03 03:55:32',20),(368,'学生自主选课',2,'com.ruoyi.school.controller.StudentSelectionController.selectCourse()','PUT',1,'admin','研发部门','/system/selection/select/9','127.0.0.1','内网IP','9 ','{\"msg\":\"选课失败：该时间段已有其他课程，存在时间冲突\",\"code\":500}',0,NULL,'2026-01-03 03:55:34',7),(369,'学生自主选课',2,'com.ruoyi.school.controller.StudentSelectionController.selectCourse()','PUT',1,'admin','研发部门','/system/selection/select/10','127.0.0.1','内网IP','10 ','{\"msg\":\"选课失败：该时间段已有其他课程，存在时间冲突\",\"code\":500}',0,NULL,'2026-01-03 03:55:36',9),(370,'学生自主选课',2,'com.ruoyi.school.controller.StudentSelectionController.unselectCourse()','PUT',1,'admin','研发部门','/system/selection/unselect/6','127.0.0.1','内网IP','6 ','{\"msg\":\"操作成功\",\"code\":200}',0,NULL,'2026-01-03 03:55:42',8),(371,'学生自主选课',2,'com.ruoyi.school.controller.StudentSelectionController.unselectCourse()','PUT',1,'admin','研发部门','/system/selection/unselect/7','127.0.0.1','内网IP','7 ','{\"msg\":\"操作成功\",\"code\":200}',0,NULL,'2026-01-03 03:55:43',10),(372,'学生自主选课',2,'com.ruoyi.school.controller.StudentSelectionController.selectCourse()','PUT',1,'admin','研发部门','/system/selection/select/10','127.0.0.1','内网IP','10 ','{\"msg\":\"选课成功\",\"code\":200}',0,NULL,'2026-01-03 03:55:45',16),(373,'学生自主选课',2,'com.ruoyi.school.controller.StudentSelectionController.selectCourse()','PUT',1,'admin','研发部门','/system/selection/select/12','127.0.0.1','内网IP','12 ','{\"msg\":\"选课成功\",\"code\":200}',0,NULL,'2026-01-03 03:55:46',15),(374,'学生自主选课',2,'com.ruoyi.school.controller.StudentSelectionController.unselectCourse()','PUT',1,'admin','研发部门','/system/selection/unselect/10','127.0.0.1','内网IP','10 ','{\"msg\":\"操作成功\",\"code\":200}',0,NULL,'2026-01-03 03:55:54',9),(375,'学生自主选课',2,'com.ruoyi.school.controller.StudentSelectionController.unselectCourse()','PUT',1,'admin','研发部门','/system/selection/unselect/12','127.0.0.1','内网IP','12 ','{\"msg\":\"操作成功\",\"code\":200}',0,NULL,'2026-01-03 03:55:55',9),(376,'学生自主选课',2,'com.ruoyi.school.controller.StudentSelectionController.unselectCourse()','PUT',1,'admin','研发部门','/system/selection/unselect/17','127.0.0.1','内网IP','17 ','{\"msg\":\"操作成功\",\"code\":200}',0,NULL,'2026-01-03 04:02:14',14),(377,'学生自主选课',2,'com.ruoyi.school.controller.StudentSelectionController.selectCourse()','PUT',1,'admin','研发部门','/system/selection/select/5','127.0.0.1','内网IP','5 ','{\"msg\":\"选课成功\",\"code\":200}',0,NULL,'2026-01-03 04:02:27',17),(378,'学生自主选课',2,'com.ruoyi.school.controller.StudentSelectionController.selectCourse()','PUT',1,'admin','研发部门','/system/selection/select/9','127.0.0.1','内网IP','9 ','{\"msg\":\"选课成功\",\"code\":200}',0,NULL,'2026-01-03 04:02:32',22),(379,'学生自主选课',2,'com.ruoyi.school.controller.StudentSelectionController.selectCourse()','PUT',1,'admin','研发部门','/system/selection/select/19','127.0.0.1','内网IP','19 ','{\"msg\":\"选课成功\",\"code\":200}',0,NULL,'2026-01-03 04:02:43',19),(380,'学生自主选课',2,'com.ruoyi.school.controller.StudentSelectionController.unselectCourse()','PUT',1,'admin','研发部门','/system/selection/unselect/5','127.0.0.1','内网IP','5 ','{\"msg\":\"操作成功\",\"code\":200}',0,NULL,'2026-01-03 04:03:05',10),(381,'学生自主选课',2,'com.ruoyi.school.controller.StudentSelectionController.unselectCourse()','PUT',1,'admin','研发部门','/system/selection/unselect/9','127.0.0.1','内网IP','9 ','{\"msg\":\"操作成功\",\"code\":200}',0,NULL,'2026-01-03 04:03:07',12),(382,'学生自主选课',2,'com.ruoyi.school.controller.StudentSelectionController.unselectCourse()','PUT',1,'admin','研发部门','/system/selection/unselect/19','127.0.0.1','内网IP','19 ','{\"msg\":\"操作成功\",\"code\":200}',0,NULL,'2026-01-03 04:03:12',11),(383,'代码生成',2,'com.ruoyi.generator.controller.GenController.synchDb()','GET',1,'admin','研发部门','/tool/gen/synchDb/student_selection','127.0.0.1','内网IP','{}','{\"msg\":\"操作成功\",\"code\":200}',0,NULL,'2026-01-03 04:10:53',135),(384,'学生自主选课',2,'com.ruoyi.school.controller.StudentSelectionController.selectCourse()','PUT',1,'admin','研发部门','/system/selection/select/6','127.0.0.1','内网IP','6 ','{\"msg\":\"选课成功\",\"code\":200}',0,NULL,'2026-01-03 04:11:00',22),(385,'代码生成',2,'com.ruoyi.generator.controller.GenController.synchDb()','GET',1,'admin','研发部门','/tool/gen/synchDb/student_selection','127.0.0.1','内网IP','{}','{\"msg\":\"操作成功\",\"code\":200}',0,NULL,'2026-01-03 04:17:46',92),(386,'学生自主选课',2,'com.ruoyi.school.controller.StudentSelectionController.selectCourse()','PUT',1,'admin','研发部门','/system/selection/select/59','127.0.0.1','内网IP','59 ','{\"msg\":\"选课成功\",\"code\":200}',0,NULL,'2026-01-03 04:17:54',22),(387,'学生自主选课',2,'com.ruoyi.school.controller.StudentSelectionController.selectCourse()','PUT',1,'admin','研发部门','/system/selection/select/157','127.0.0.1','内网IP','157 ','{\"msg\":\"选课失败：该时间段已有其他课程，存在时间冲突\",\"code\":500}',0,NULL,'2026-01-03 04:17:59',8),(388,'学生自主选课',2,'com.ruoyi.school.controller.StudentSelectionController.selectCourse()','PUT',1,'admin','研发部门','/system/selection/select/153','127.0.0.1','内网IP','153 ','{\"msg\":\"选课成功\",\"code\":200}',0,NULL,'2026-01-03 04:18:01',19),(389,'学生自主选课',2,'com.ruoyi.school.controller.StudentSelectionController.selectCourse()','PUT',1,'admin','研发部门','/system/selection/select/207','127.0.0.1','内网IP','207 ','{\"msg\":\"选课成功\",\"code\":200}',0,NULL,'2026-01-03 04:18:04',15),(390,'开课',1,'com.ruoyi.school.controller.StuClassController.add()','POST',1,'0101','若依科技','/school/class','127.0.0.1','内网IP','{\"capacity\":60,\"classId\":42,\"classSection\":\"A班\",\"courseId\":\"C001\",\"lessonEnd\":2,\"lessonStart\":1,\"params\":{},\"semester\":\"2025秋\",\"staffId\":\"0101\"} ','{\"msg\":\"操作成功\",\"code\":200}',0,NULL,'2026-01-03 12:01:28',48),(391,'开课',1,'com.ruoyi.school.controller.StuClassController.add()','POST',1,'0101','若依科技','/school/class','127.0.0.1','内网IP','{\"capacity\":45,\"classId\":43,\"classSection\":\"B\",\"courseId\":\"C004\",\"lessonEnd\":2,\"lessonStart\":1,\"params\":{},\"semester\":\"2025秋\",\"staffId\":\"0101\"} ','{\"msg\":\"操作成功\",\"code\":200}',0,NULL,'2026-01-03 12:36:08',17),(392,'开课',2,'com.ruoyi.school.controller.StuClassController.edit()','PUT',1,'admin','研发部门','/school/class','127.0.0.1','内网IP','{\"capacity\":45,\"classId\":43,\"classSection\":\"B\",\"classroomId\":\"1010\",\"courseId\":\"C004\",\"courseName\":\"概率论与数理统计\",\"dayOfWeek\":2,\"lessonEnd\":2,\"lessonStart\":1,\"params\":{},\"selectedNum\":0,\"semester\":\"2025秋\",\"staffId\":\"0101\",\"staffName\":\"宋波\",\"weekEnd\":16,\"weekStart\":1,\"weekType\":0} ','{\"msg\":\"操作成功\",\"code\":200}',0,NULL,'2026-01-03 12:59:42',65),(393,'开课',2,'com.ruoyi.school.controller.StuClassController.edit()','PUT',1,'admin','研发部门','/school/class','127.0.0.1','内网IP','{\"capacity\":45,\"classId\":43,\"classSection\":\"B\",\"classroomId\":\"1010\",\"courseId\":\"C004\",\"courseName\":\"概率论与数理统计\",\"dayOfWeek\":4,\"lessonEnd\":2,\"lessonStart\":1,\"params\":{},\"selectedNum\":0,\"semester\":\"2025秋\",\"staffId\":\"0101\",\"staffName\":\"宋波\",\"weekEnd\":16,\"weekStart\":1,\"weekType\":0} ','{\"msg\":\"操作成功\",\"code\":200}',0,NULL,'2026-01-03 12:59:49',30),(394,'开课',1,'com.ruoyi.school.controller.StuClassController.add()','POST',1,'admin','研发部门','/school/class','127.0.0.1','内网IP','{\"capacity\":60,\"classId\":44,\"classSection\":\"A班\",\"classroomId\":\"201\",\"courseId\":\"C001\",\"dayOfWeek\":5,\"lessonEnd\":4,\"lessonStart\":3,\"params\":{},\"semester\":\"2025秋\",\"staffId\":\"0101\"} ','{\"msg\":\"操作成功\",\"code\":200}',0,NULL,'2026-01-03 13:00:53',57),(395,'开课',3,'com.ruoyi.school.controller.StuClassController.remove()','DELETE',1,'admin','研发部门','/school/class/42','127.0.0.1','内网IP','[42] ','{\"msg\":\"操作成功\",\"code\":200}',0,NULL,'2026-01-03 13:01:01',25),(396,'开课',2,'com.ruoyi.school.controller.StuClassController.edit()','PUT',1,'admin','研发部门','/school/class','127.0.0.1','内网IP','{\"capacity\":60,\"classId\":44,\"classSection\":\"A班\",\"classroomId\":\"201\",\"courseId\":\"C001\",\"courseName\":\"高等数学Ⅰ\",\"dayOfWeek\":3,\"lessonEnd\":4,\"lessonStart\":3,\"params\":{},\"selectedNum\":0,\"semester\":\"2025秋\",\"staffId\":\"0101\",\"staffName\":\"宋波\",\"weekEnd\":16,\"weekStart\":1,\"weekType\":0} ','{\"msg\":\"操作成功\",\"code\":200}',0,NULL,'2026-01-03 13:03:03',33),(397,'开课',2,'com.ruoyi.school.controller.StuClassController.edit()','PUT',1,'admin','研发部门','/school/class','127.0.0.1','内网IP','{\"capacity\":60,\"classId\":44,\"classSection\":\"A班\",\"classroomId\":\"201\",\"courseId\":\"C001\",\"courseName\":\"高等数学Ⅰ\",\"dayOfWeek\":5,\"lessonEnd\":4,\"lessonStart\":3,\"params\":{},\"selectedNum\":0,\"semester\":\"2025秋\",\"staffId\":\"0101\",\"staffName\":\"宋波\",\"weekEnd\":16,\"weekStart\":1,\"weekType\":0} ','{\"msg\":\"操作成功\",\"code\":200}',0,NULL,'2026-01-03 14:11:02',24),(398,'开课',1,'com.ruoyi.school.controller.StuClassController.add()','POST',1,'admin','研发部门','/school/class','127.0.0.1','内网IP','{\"capacity\":60,\"classId\":45,\"classroomId\":\"201\",\"courseId\":\"C001\",\"dayOfWeek\":3,\"lessonEnd\":4,\"lessonStart\":3,\"params\":{},\"semester\":\"2025秋\",\"staffId\":\"0101\"} ','{\"msg\":\"操作成功\",\"code\":200}',0,NULL,'2026-01-03 14:11:14',30),(399,'开课',2,'com.ruoyi.school.controller.StuClassController.edit()','PUT',1,'admin','研发部门','/school/class','127.0.0.1','内网IP','{\"capacity\":60,\"classId\":45,\"classSection\":\"A\",\"classroomId\":\"201\",\"courseId\":\"C001\",\"courseName\":\"高等数学Ⅰ\",\"dayOfWeek\":3,\"lessonEnd\":4,\"lessonStart\":3,\"params\":{},\"selectedNum\":0,\"semester\":\"2025秋\",\"staffId\":\"0101\",\"staffName\":\"宋波\",\"weekEnd\":16,\"weekStart\":1,\"weekType\":0} ','{\"msg\":\"操作成功\",\"code\":200}',0,NULL,'2026-01-03 14:11:27',48),(400,'菜单管理',2,'com.ruoyi.web.controller.system.SysMenuController.edit()','PUT',1,'admin','研发部门','/system/menu','127.0.0.1','内网IP','{\"children\":[],\"component\":\"\",\"createTime\":\"2026-01-02 17:57:46\",\"icon\":\"\",\"isCache\":\"0\",\"isFrame\":\"1\",\"menuId\":2080,\"menuName\":\"选课\",\"menuType\":\"F\",\"orderNum\":3,\"params\":{},\"parentId\":2077,\"path\":\"#\",\"perms\":\"system:selection:add\",\"routeName\":\"\",\"status\":\"0\",\"updateBy\":\"admin\",\"visible\":\"0\"} ','{\"msg\":\"操作成功\",\"code\":200}',0,NULL,'2026-01-03 16:03:01',20),(401,'菜单管理',2,'com.ruoyi.web.controller.system.SysMenuController.edit()','PUT',1,'admin','研发部门','/system/menu','127.0.0.1','内网IP','{\"children\":[],\"component\":\"\",\"createTime\":\"2026-01-02 17:57:46\",\"icon\":\"\",\"isCache\":\"0\",\"isFrame\":\"1\",\"menuId\":2081,\"menuName\":\"退课\",\"menuType\":\"F\",\"orderNum\":4,\"params\":{},\"parentId\":2077,\"path\":\"#\",\"perms\":\"system:selection:remove\",\"routeName\":\"\",\"status\":\"0\",\"updateBy\":\"admin\",\"visible\":\"0\"} ','{\"msg\":\"操作成功\",\"code\":200}',0,NULL,'2026-01-03 16:03:10',15),(402,'开课',3,'com.ruoyi.school.controller.StuClassController.remove()','DELETE',1,'admin','研发部门','/school/class/44','127.0.0.1','内网IP','[44] ','{\"msg\":\"操作成功\",\"code\":200}',0,NULL,'2026-01-03 16:53:31',26),(403,'开课',3,'com.ruoyi.school.controller.StuClassController.remove()','DELETE',1,'admin','研发部门','/school/class/41','127.0.0.1','内网IP','[41] ','{\"msg\":\"操作成功\",\"code\":200}',0,NULL,'2026-01-03 16:53:38',20),(404,'开课',1,'com.ruoyi.school.controller.StuClassController.add()','POST',1,'admin','研发部门','/school/class','127.0.0.1','内网IP','{\"capacity\":60,\"classId\":46,\"courseId\":\"C025\",\"dayOfWeek\":3,\"lessonEnd\":2,\"lessonStart\":1,\"params\":{},\"semester\":\"2025秋\",\"staffId\":\"admin\"} ','{\"msg\":\"操作成功\",\"code\":200}',0,NULL,'2026-01-03 23:37:33',88),(405,'开课',3,'com.ruoyi.school.controller.StuClassController.remove()','DELETE',1,'admin','研发部门','/school/class/46','127.0.0.1','内网IP','[46] ','{\"msg\":\"操作成功\",\"code\":200}',0,NULL,'2026-01-04 00:50:35',27),(406,'开课',2,'com.ruoyi.school.controller.StuClassController.edit()','PUT',1,'admin','研发部门','/school/class','127.0.0.1','内网IP','{\"capacity\":60,\"classId\":45,\"classSection\":\"A\",\"classroomId\":\"201\",\"courseId\":\"C001\",\"courseName\":\"高等数学Ⅰ\",\"dayOfWeek\":3,\"lessonEnd\":4,\"lessonStart\":3,\"params\":{},\"selectedNum\":0,\"semester\":\"2025秋\",\"staffId\":\"0101\",\"staffName\":\"宋波\",\"weekEnd\":16,\"weekStart\":1,\"weekType\":0} ','{\"msg\":\"操作成功\",\"code\":200}',0,NULL,'2026-01-04 01:35:40',34),(407,'开课',1,'com.ruoyi.school.controller.StuClassController.add()','POST',1,'admin','研发部门','/school/class','127.0.0.1','内网IP','{\"capacity\":60,\"classId\":47,\"courseId\":\"C005\",\"dayOfWeek\":1,\"lessonEnd\":2,\"lessonStart\":1,\"params\":{},\"semester\":\"2025秋\",\"staffId\":\"admin\"} ','{\"msg\":\"操作成功\",\"code\":200}',0,NULL,'2026-01-04 01:51:10',17),(408,'开课',1,'com.ruoyi.school.controller.StuClassController.add()','POST',1,'admin','研发部门','/school/class','127.0.0.1','内网IP','{\"capacity\":60,\"classId\":48,\"courseId\":\"C005\",\"dayOfWeek\":3,\"lessonEnd\":2,\"lessonStart\":1,\"params\":{},\"semester\":\"2025秋\",\"staffId\":\"admin\"} ','{\"msg\":\"操作成功\",\"code\":200}',0,NULL,'2026-01-05 00:08:35',54),(409,'开课',3,'com.ruoyi.school.controller.StuClassController.remove()','DELETE',1,'admin','研发部门','/school/class/48','127.0.0.1','内网IP','[48] ','{\"msg\":\"操作成功\",\"code\":200}',0,NULL,'2026-01-05 00:09:22',18),(410,'开课',3,'com.ruoyi.school.controller.StuClassController.remove()','DELETE',1,'admin','研发部门','/school/class/47','127.0.0.1','内网IP','[47] ','{\"msg\":\"操作成功\",\"code\":200}',0,NULL,'2026-01-05 00:09:24',15),(411,'开课',1,'com.ruoyi.school.controller.StuClassController.add()','POST',1,'admin','研发部门','/school/class','127.0.0.1','内网IP','{\"capacity\":60,\"classId\":49,\"courseId\":\"C001\",\"dayOfWeek\":1,\"lessonEnd\":2,\"lessonStart\":1,\"params\":{},\"semester\":\"2025秋\",\"staffId\":\"admin\"} ','{\"msg\":\"操作成功\",\"code\":200}',0,NULL,'2026-01-05 00:09:39',25),(412,'开课',1,'com.ruoyi.school.controller.StuClassController.add()','POST',1,'admin','研发部门','/school/class','127.0.0.1','内网IP','{\"capacity\":60,\"classId\":50,\"courseId\":\"C002\",\"dayOfWeek\":2,\"lessonEnd\":2,\"lessonStart\":1,\"params\":{},\"semester\":\"2025秋\",\"staffId\":\"admin\"} ','{\"msg\":\"操作成功\",\"code\":200}',0,NULL,'2026-01-05 00:10:06',26),(413,'代码生成',2,'com.ruoyi.generator.controller.GenController.synchDb()','GET',1,'admin','研发部门','/tool/gen/synchDb/vw_student_schedule','127.0.0.1','内网IP','{}','{\"msg\":\"操作成功\",\"code\":200}',0,NULL,'2026-01-05 01:17:01',283),(414,'代码生成',2,'com.ruoyi.generator.controller.GenController.synchDb()','GET',1,'admin','研发部门','/tool/gen/synchDb/student_selection','127.0.0.1','内网IP','{}','{\"msg\":\"操作成功\",\"code\":200}',0,NULL,'2026-01-05 01:17:02',239),(415,'代码生成',2,'com.ruoyi.generator.controller.GenController.synchDb()','GET',1,'admin','研发部门','/tool/gen/synchDb/stu_class','127.0.0.1','内网IP','{}','{\"msg\":\"操作成功\",\"code\":200}',0,NULL,'2026-01-05 01:17:04',190),(416,'代码生成',2,'com.ruoyi.generator.controller.GenController.synchDb()','GET',1,'admin','研发部门','/tool/gen/synchDb/stu_course','127.0.0.1','内网IP','{}','{\"msg\":\"操作成功\",\"code\":200}',0,NULL,'2026-01-05 01:17:05',95),(417,'代码生成',2,'com.ruoyi.generator.controller.GenController.synchDb()','GET',1,'admin','研发部门','/tool/gen/synchDb/stu_department','127.0.0.1','内网IP','{}','{\"msg\":\"操作成功\",\"code\":200}',0,NULL,'2026-01-05 01:17:06',76),(418,'代码生成',2,'com.ruoyi.generator.controller.GenController.synchDb()','GET',1,'admin','研发部门','/tool/gen/synchDb/stu_selection','127.0.0.1','内网IP','{}','{\"msg\":\"操作成功\",\"code\":200}',0,NULL,'2026-01-05 01:17:08',92),(419,'代码生成',2,'com.ruoyi.generator.controller.GenController.synchDb()','GET',1,'admin','研发部门','/tool/gen/synchDb/stu_student','127.0.0.1','内网IP','{}','{\"msg\":\"操作成功\",\"code\":200}',0,NULL,'2026-01-05 01:17:09',104),(420,'代码生成',2,'com.ruoyi.generator.controller.GenController.synchDb()','GET',1,'admin','研发部门','/tool/gen/synchDb/stu_teacher','127.0.0.1','内网IP','{}','{\"msg\":\"操作成功\",\"code\":200}',0,NULL,'2026-01-05 01:17:10',104),(421,'开课',1,'com.ruoyi.school.controller.StuClassController.add()','POST',1,'admin','研发部门','/school/class','127.0.0.1','内网IP','{\"capacity\":60,\"courseId\":\"C005\",\"dayOfWeek\":1,\"lessonEnd\":2,\"lessonStart\":1,\"params\":{},\"semester\":\"2025秋\",\"staffId\":\"admin\"} ',NULL,1,'排课失败：该时段内已有课程安排！','2026-01-05 01:18:41',26),(422,'开课',1,'com.ruoyi.school.controller.StuClassController.add()','POST',1,'admin','研发部门','/school/class','127.0.0.1','内网IP','{\"capacity\":60,\"classId\":51,\"courseId\":\"C005\",\"dayOfWeek\":4,\"lessonEnd\":2,\"lessonStart\":1,\"params\":{},\"semester\":\"2025秋\",\"staffId\":\"admin\"} ','{\"msg\":\"操作成功\",\"code\":200}',0,NULL,'2026-01-05 01:18:46',24),(423,'学生',1,'com.ruoyi.school.controller.StuStudentController.add()','POST',1,'admin','研发部门','/school/student','127.0.0.1','内网IP','{\"name\":\"2\",\"params\":{},\"studentId\":\"1\",\"userId\":209} ','{\"msg\":\"操作成功\",\"code\":200}',0,NULL,'2026-01-05 01:20:52',224),(424,'学生',3,'com.ruoyi.school.controller.StuStudentController.remove()','DELETE',1,'admin','研发部门','/school/student/1','127.0.0.1','内网IP','[\"1\"] ','{\"msg\":\"操作成功\",\"code\":200}',0,NULL,'2026-01-05 01:20:56',62),(425,'开课',1,'com.ruoyi.school.controller.StuClassController.add()','POST',1,'admin','研发部门','/school/class','127.0.0.1','内网IP','{\"capacity\":60,\"classId\":52,\"courseId\":\"C006\",\"dayOfWeek\":7,\"lessonEnd\":2,\"lessonStart\":1,\"params\":{},\"semester\":\"2025秋\",\"staffId\":\"admin\"} ','{\"msg\":\"操作成功\",\"code\":200}',0,NULL,'2026-01-05 01:36:22',338),(426,'开课',3,'com.ruoyi.school.controller.StuClassController.remove()','DELETE',1,'admin','研发部门','/school/class/40','127.0.0.1','内网IP','[40] ','{\"msg\":\"操作成功\",\"code\":200}',0,NULL,'2026-01-05 01:37:14',18),(427,'开课',3,'com.ruoyi.school.controller.StuClassController.remove()','DELETE',1,'admin','研发部门','/school/class/49','127.0.0.1','内网IP','[49] ','{\"msg\":\"操作成功\",\"code\":200}',0,NULL,'2026-01-05 01:37:17',18),(428,'代码生成',2,'com.ruoyi.generator.controller.GenController.synchDb()','GET',1,'admin','研发部门','/tool/gen/synchDb/stu_selection','127.0.0.1','内网IP','{}','{\"msg\":\"操作成功\",\"code\":200}',0,NULL,'2026-01-05 01:37:37',115),(429,'代码生成',3,'com.ruoyi.generator.controller.GenController.remove()','DELETE',1,'admin','研发部门','/tool/gen/8','127.0.0.1','内网IP','[8] ','{\"msg\":\"操作成功\",\"code\":200}',0,NULL,'2026-01-05 01:54:54',34),(430,'代码生成',2,'com.ruoyi.generator.controller.GenController.synchDb()','GET',1,'admin','研发部门','/tool/gen/synchDb/vw_student_schedule','127.0.0.1','内网IP','{}','{\"msg\":\"操作成功\",\"code\":200}',0,NULL,'2026-01-05 01:59:55',250),(431,'开课',3,'com.ruoyi.school.controller.StuClassController.remove()','DELETE',1,'0101','若依科技','/school/class/45','127.0.0.1','内网IP','[45] ','{\"msg\":\"操作成功\",\"code\":200}',0,NULL,'2026-01-05 02:10:57',23),(432,'开课',3,'com.ruoyi.school.controller.StuClassController.remove()','DELETE',1,'0101','若依科技','/school/class/43','127.0.0.1','内网IP','[43] ','{\"msg\":\"操作成功\",\"code\":200}',0,NULL,'2026-01-05 02:10:59',14),(433,'开课',1,'com.ruoyi.school.controller.StuClassController.add()','POST',1,'0101','若依科技','/school/class','127.0.0.1','内网IP','{\"capacity\":60,\"classId\":53,\"courseId\":\"C008\",\"lessonEnd\":2,\"lessonStart\":1,\"params\":{},\"semester\":\"2025秋\",\"staffId\":\"0101\"} ','{\"msg\":\"操作成功\",\"code\":200}',0,NULL,'2026-01-05 02:11:13',37),(434,'开课',1,'com.ruoyi.school.controller.StuClassController.add()','POST',1,'0101','若依科技','/school/class','127.0.0.1','内网IP','{\"capacity\":60,\"classId\":54,\"courseId\":\"C012\",\"lessonEnd\":2,\"lessonStart\":1,\"params\":{},\"semester\":\"2025秋\",\"staffId\":\"0101\"} ','{\"msg\":\"操作成功\",\"code\":200}',0,NULL,'2026-01-05 02:11:20',20),(435,'开课',1,'com.ruoyi.school.controller.StuClassController.add()','POST',1,'0102','若依科技','/school/class','127.0.0.1','内网IP','{\"capacity\":60,\"classId\":55,\"courseId\":\"C018\",\"lessonEnd\":2,\"lessonStart\":1,\"params\":{},\"semester\":\"2025秋\",\"staffId\":\"0102\"} ','{\"msg\":\"操作成功\",\"code\":200}',0,NULL,'2026-01-05 02:13:33',18),(436,'开课',3,'com.ruoyi.school.controller.StuClassController.remove()','DELETE',1,'0102','若依科技','/school/class/55','127.0.0.1','内网IP','[55] ','{\"msg\":\"操作成功\",\"code\":200}',0,NULL,'2026-01-05 02:13:44',12),(437,'开课',1,'com.ruoyi.school.controller.StuClassController.add()','POST',1,'0103','若依科技','/school/class','127.0.0.1','内网IP','{\"capacity\":60,\"classId\":56,\"courseId\":\"C018\",\"lessonEnd\":2,\"lessonStart\":1,\"params\":{},\"semester\":\"2025秋\",\"staffId\":\"0103\"} ','{\"msg\":\"操作成功\",\"code\":200}',0,NULL,'2026-01-05 02:14:38',16),(438,'开课',3,'com.ruoyi.school.controller.StuClassController.remove()','DELETE',1,'admin','研发部门','/school/class/53','127.0.0.1','内网IP','[53] ','{\"msg\":\"操作成功\",\"code\":200}',0,NULL,'2026-01-05 02:15:33',12),(439,'开课',3,'com.ruoyi.school.controller.StuClassController.remove()','DELETE',1,'admin','研发部门','/school/class/54','127.0.0.1','内网IP','[54] ','{\"msg\":\"操作成功\",\"code\":200}',0,NULL,'2026-01-05 02:15:35',16),(440,'开课',3,'com.ruoyi.school.controller.StuClassController.remove()','DELETE',1,'admin','研发部门','/school/class/56','127.0.0.1','内网IP','[56] ','{\"msg\":\"操作成功\",\"code\":200}',0,NULL,'2026-01-05 02:15:37',10),(441,'开课',1,'com.ruoyi.school.controller.StuClassController.add()','POST',1,'0104','若依科技','/school/class','127.0.0.1','内网IP','{\"capacity\":60,\"classId\":57,\"courseId\":\"C029\",\"lessonEnd\":2,\"lessonStart\":1,\"params\":{},\"semester\":\"2025秋\",\"staffId\":\"0104\"} ','{\"msg\":\"操作成功\",\"code\":200}',0,NULL,'2026-01-05 02:17:27',18),(442,'开课',1,'com.ruoyi.school.controller.StuClassController.add()','POST',1,'0101','若依科技','/school/class','127.0.0.1','内网IP','{\"capacity\":60,\"classId\":58,\"courseId\":\"C001\",\"lessonEnd\":2,\"lessonStart\":1,\"params\":{},\"semester\":\"2025秋\",\"staffId\":\"0101\"} ','{\"msg\":\"操作成功\",\"code\":200}',0,NULL,'2026-01-05 02:33:10',79),(443,'开课',1,'com.ruoyi.school.controller.StuClassController.add()','POST',1,'0101','若依科技','/school/class','127.0.0.1','内网IP','{\"capacity\":60,\"courseId\":\"C001\",\"lessonEnd\":2,\"lessonStart\":1,\"params\":{},\"semester\":\"2025秋\",\"staffId\":\"0101\"} ',NULL,1,'开课失败：已存在相同的开课记录（请勿重复提交）','2026-01-05 02:33:13',15),(444,'开课',1,'com.ruoyi.school.controller.StuClassController.add()','POST',1,'0101','若依科技','/school/class','127.0.0.1','内网IP','{\"capacity\":60,\"classId\":59,\"courseId\":\"C002\",\"lessonEnd\":2,\"lessonStart\":1,\"params\":{},\"semester\":\"2025秋\",\"staffId\":\"0101\"} ','{\"msg\":\"操作成功\",\"code\":200}',0,NULL,'2026-01-05 02:33:17',33),(445,'开课',1,'com.ruoyi.school.controller.StuClassController.add()','POST',1,'0102','若依科技','/school/class','127.0.0.1','内网IP','{\"capacity\":60,\"classId\":60,\"courseId\":\"C001\",\"lessonEnd\":2,\"lessonStart\":1,\"params\":{},\"semester\":\"2025秋\",\"staffId\":\"0102\"} ','{\"msg\":\"操作成功\",\"code\":200}',0,NULL,'2026-01-05 02:33:35',30),(446,'开课',1,'com.ruoyi.school.controller.StuClassController.add()','POST',1,'0102','若依科技','/school/class','127.0.0.1','内网IP','{\"capacity\":60,\"courseId\":\"C001\",\"lessonEnd\":2,\"lessonStart\":1,\"params\":{},\"semester\":\"2025秋\",\"staffId\":\"0102\"} ',NULL,1,'开课失败：已存在相同的开课记录（请勿重复提交）','2026-01-05 02:33:39',10),(447,'开课',1,'com.ruoyi.school.controller.StuClassController.add()','POST',1,'0102','若依科技','/school/class','127.0.0.1','内网IP','{\"capacity\":60,\"classId\":61,\"courseId\":\"C004\",\"lessonEnd\":2,\"lessonStart\":1,\"params\":{},\"semester\":\"2025秋\",\"staffId\":\"0102\"} ','{\"msg\":\"操作成功\",\"code\":200}',0,NULL,'2026-01-05 02:41:36',431),(448,'开课',3,'com.ruoyi.school.controller.StuClassController.remove()','DELETE',1,'0102','若依科技','/school/class/61','127.0.0.1','内网IP','[61] ','{\"msg\":\"操作成功\",\"code\":200}',0,NULL,'2026-01-05 02:41:39',25),(449,'开课',1,'com.ruoyi.school.controller.StuClassController.add()','POST',1,'0103','若依科技','/school/class','127.0.0.1','内网IP','{\"capacity\":60,\"classId\":62,\"courseId\":\"C004\",\"lessonEnd\":2,\"lessonStart\":1,\"params\":{},\"semester\":\"2025秋\",\"staffId\":\"0103\"} ','{\"msg\":\"操作成功\",\"code\":200}',0,NULL,'2026-01-05 02:41:57',32),(450,'开课',1,'com.ruoyi.school.controller.StuClassController.add()','POST',1,'0101','若依科技','/school/class','127.0.0.1','内网IP','{\"capacity\":60,\"classId\":63,\"courseId\":\"C006\",\"lessonEnd\":2,\"lessonStart\":1,\"params\":{},\"semester\":\"2025秋\",\"staffId\":\"0101\"} ','{\"msg\":\"操作成功\",\"code\":200}',0,NULL,'2026-01-05 02:42:17',29),(451,'开课',2,'com.ruoyi.school.controller.StuClassController.edit()','PUT',1,'admin','研发部门','/school/class','127.0.0.1','内网IP','{\"capacity\":2,\"classId\":63,\"classSection\":\"A\",\"classroomId\":\"101\",\"courseId\":\"C006\",\"courseName\":\"电磁学\",\"dayOfWeek\":1,\"lessonEnd\":2,\"lessonStart\":1,\"params\":{},\"selectedNum\":0,\"semester\":\"2025秋\",\"staffId\":\"0101\",\"staffName\":\"宋波\",\"weekEnd\":16,\"weekStart\":1,\"weekType\":0} ','{\"msg\":\"操作成功\",\"code\":200}',0,NULL,'2026-01-05 15:11:46',35),(452,'开课',1,'com.ruoyi.school.controller.StuClassController.add()','POST',1,'admin','研发部门','/school/class','127.0.0.1','内网IP','{\"capacity\":2,\"classId\":64,\"classSection\":\"A\",\"classroomId\":\"101\",\"courseId\":\"C006\",\"dayOfWeek\":3,\"lessonEnd\":2,\"lessonStart\":1,\"params\":{},\"semester\":\"2025秋\",\"staffId\":\"0101\"} ','{\"msg\":\"操作成功\",\"code\":200}',0,NULL,'2026-01-05 15:12:04',51),(453,'开课',3,'com.ruoyi.school.controller.StuClassController.remove()','DELETE',1,'admin','研发部门','/school/class/64','127.0.0.1','内网IP','[64] ','{\"msg\":\"操作成功\",\"code\":200}',0,NULL,'2026-01-05 15:17:07',31),(454,'开课',1,'com.ruoyi.school.controller.StuClassController.add()','POST',1,'admin','研发部门','/school/class','127.0.0.1','内网IP','{\"capacity\":2,\"classId\":65,\"classSection\":\"A\",\"classroomId\":\"101\",\"courseId\":\"C006\",\"dayOfWeek\":3,\"lessonEnd\":2,\"lessonStart\":1,\"params\":{},\"semester\":\"2025秋\",\"staffId\":\"0101\"} ','{\"msg\":\"操作成功\",\"code\":200}',0,NULL,'2026-01-05 15:18:37',22),(455,'开课',3,'com.ruoyi.school.controller.StuClassController.remove()','DELETE',1,'admin','研发部门','/school/class/65','127.0.0.1','内网IP','[65] ','{\"msg\":\"操作成功\",\"code\":200}',0,NULL,'2026-01-05 15:37:03',16),(456,'开课',2,'com.ruoyi.school.controller.StuClassController.edit()','PUT',1,'admin','研发部门','/school/class','127.0.0.1','内网IP','{\"capacity\":2,\"classId\":63,\"classSection\":\"A\",\"classroomId\":\"101\",\"courseId\":\"C006\",\"courseName\":\"电磁学\",\"dayOfWeek\":3,\"lessonEnd\":2,\"lessonStart\":1,\"params\":{},\"selectedNum\":1,\"semester\":\"2025秋\",\"staffId\":\"0101\",\"staffName\":\"宋波\",\"weekEnd\":16,\"weekStart\":1,\"weekType\":0} ','{\"msg\":\"操作成功\",\"code\":200}',0,NULL,'2026-01-05 15:53:49',49),(457,'开课',1,'com.ruoyi.school.controller.StuClassController.add()','POST',1,'admin','研发部门','/school/class','127.0.0.1','内网IP','{\"capacity\":2,\"classId\":66,\"classroomId\":\"101\",\"courseId\":\"C006\",\"dayOfWeek\":1,\"lessonEnd\":2,\"lessonStart\":1,\"params\":{},\"semester\":\"2025秋\",\"staffId\":\"0101\"} ','{\"msg\":\"操作成功\",\"code\":200}',0,NULL,'2026-01-05 15:54:26',26),(458,'代码生成',2,'com.ruoyi.generator.controller.GenController.synchDb()','GET',1,'admin','研发部门','/tool/gen/synchDb/vw_student_schedule','127.0.0.1','内网IP','{}','{\"msg\":\"操作成功\",\"code\":200}',0,NULL,'2026-01-06 01:17:52',298),(459,'代码生成',2,'com.ruoyi.generator.controller.GenController.synchDb()','GET',1,'admin','研发部门','/tool/gen/synchDb/stu_class','127.0.0.1','内网IP','{}','{\"msg\":\"操作成功\",\"code\":200}',0,NULL,'2026-01-06 01:17:53',221),(460,'代码生成',2,'com.ruoyi.generator.controller.GenController.synchDb()','GET',1,'admin','研发部门','/tool/gen/synchDb/stu_course','127.0.0.1','内网IP','{}','{\"msg\":\"操作成功\",\"code\":200}',0,NULL,'2026-01-06 01:17:54',86),(461,'代码生成',2,'com.ruoyi.generator.controller.GenController.synchDb()','GET',1,'admin','研发部门','/tool/gen/synchDb/stu_department','127.0.0.1','内网IP','{}','{\"msg\":\"操作成功\",\"code\":200}',0,NULL,'2026-01-06 01:17:56',60),(462,'代码生成',2,'com.ruoyi.generator.controller.GenController.synchDb()','GET',1,'admin','研发部门','/tool/gen/synchDb/stu_selection','127.0.0.1','内网IP','{}','{\"msg\":\"操作成功\",\"code\":200}',0,NULL,'2026-01-06 01:17:57',71),(463,'代码生成',2,'com.ruoyi.generator.controller.GenController.synchDb()','GET',1,'admin','研发部门','/tool/gen/synchDb/stu_student','127.0.0.1','内网IP','{}','{\"msg\":\"操作成功\",\"code\":200}',0,NULL,'2026-01-06 01:17:58',105),(464,'代码生成',2,'com.ruoyi.generator.controller.GenController.synchDb()','GET',1,'admin','研发部门','/tool/gen/synchDb/stu_teacher','127.0.0.1','内网IP','{}','{\"msg\":\"操作成功\",\"code\":200}',0,NULL,'2026-01-06 01:17:59',87),(465,'VIEW',5,'com.ruoyi.school.controller.VwStudentScheduleController.export()','POST',1,'admin','研发部门','/system/schedule/export','127.0.0.1','内网IP','{\"pageSize\":\"10\",\"pageNum\":\"1\"}',NULL,1,'\r\n### Error querying database.  Cause: java.sql.SQLSyntaxErrorException: Unknown column \'id\' in \'field list\'\r\n### The error may exist in file [D:\\桌面\\数据库\\期末\\ruoyi-system\\target\\classes\\mapper\\school\\VwStudentScheduleMapper.xml]\r\n### The error may involve com.ruoyi.school.mapper.VwStudentScheduleMapper.selectVwStudentScheduleList-Inline\r\n### The error occurred while setting parameters\r\n### SQL: select id, student_id, student_name, course_id, course_name, teacher_id, teacher_name,                semester, class_time, class_place, status, is_selected, create_time, update_time         from vw_student_schedule\r\n### Cause: java.sql.SQLSyntaxErrorException: Unknown column \'id\' in \'field list\'\n; bad SQL grammar []; nested exception is java.sql.SQLSyntaxErrorException: Unknown column \'id\' in \'field list\'','2026-01-06 01:18:59',18),(466,'VIEW',5,'com.ruoyi.school.controller.VwStudentScheduleController.export()','POST',1,'admin','研发部门','/system/schedule/export','127.0.0.1','内网IP','{\"pageSize\":\"10\",\"pageNum\":\"1\"}',NULL,1,'\r\n### Error querying database.  Cause: java.sql.SQLSyntaxErrorException: Unknown column \'id\' in \'field list\'\r\n### The error may exist in file [D:\\桌面\\数据库\\期末\\ruoyi-system\\target\\classes\\mapper\\school\\VwStudentScheduleMapper.xml]\r\n### The error may involve com.ruoyi.school.mapper.VwStudentScheduleMapper.selectVwStudentScheduleList-Inline\r\n### The error occurred while setting parameters\r\n### SQL: select id, student_id, student_name, course_id, course_name, teacher_id, teacher_name,                semester, class_time, class_place, status, is_selected, create_time, update_time         from vw_student_schedule\r\n### Cause: java.sql.SQLSyntaxErrorException: Unknown column \'id\' in \'field list\'\n; bad SQL grammar []; nested exception is java.sql.SQLSyntaxErrorException: Unknown column \'id\' in \'field list\'','2026-01-06 01:19:01',8),(467,'VIEW',5,'com.ruoyi.school.controller.VwStudentScheduleController.export()','POST',1,'admin','研发部门','/system/schedule/export','127.0.0.1','内网IP','{\"pageSize\":\"10\",\"pageNum\":\"1\"}',NULL,1,'\r\n### Error querying database.  Cause: java.sql.SQLSyntaxErrorException: Unknown column \'id\' in \'field list\'\r\n### The error may exist in file [D:\\桌面\\数据库\\期末\\ruoyi-system\\target\\classes\\mapper\\school\\VwStudentScheduleMapper.xml]\r\n### The error may involve com.ruoyi.school.mapper.VwStudentScheduleMapper.selectVwStudentScheduleList-Inline\r\n### The error occurred while setting parameters\r\n### SQL: select id, student_id, student_name, course_id, course_name, teacher_id, teacher_name,                semester, class_time, class_place, status, is_selected, create_time, update_time         from vw_student_schedule\r\n### Cause: java.sql.SQLSyntaxErrorException: Unknown column \'id\' in \'field list\'\n; bad SQL grammar []; nested exception is java.sql.SQLSyntaxErrorException: Unknown column \'id\' in \'field list\'','2026-01-06 01:19:19',9),(468,'VIEW',5,'com.ruoyi.school.controller.VwStudentScheduleController.export()','POST',1,'23121466','若依科技','/system/schedule/export','127.0.0.1','内网IP','{\"pageSize\":\"10\",\"pageNum\":\"1\"}',NULL,1,'Error attempting to get column \'status\' from result set.  Cause: java.sql.SQLDataException: Cannot determine value type from string \'选课中\'\n; Cannot determine value type from string \'选课中\'; nested exception is java.sql.SQLDataException: Cannot determine value type from string \'选课中\'','2026-01-06 01:35:45',136),(469,'VIEW',5,'com.ruoyi.school.controller.VwStudentScheduleController.export()','POST',1,'23121466','若依科技','/system/schedule/export','127.0.0.1','内网IP','{\"pageSize\":\"10\",\"pageNum\":\"1\"}',NULL,1,'Error attempting to get column \'status\' from result set.  Cause: java.sql.SQLDataException: Cannot determine value type from string \'选课中\'\n; Cannot determine value type from string \'选课中\'; nested exception is java.sql.SQLDataException: Cannot determine value type from string \'选课中\'','2026-01-06 01:36:52',18),(470,'VIEW',5,'com.ruoyi.school.controller.VwStudentScheduleController.export()','POST',1,'23121466','若依科技','/system/schedule/export','127.0.0.1','内网IP','{\"pageSize\":\"10\",\"pageNum\":\"1\"}',NULL,0,NULL,'2026-01-06 01:42:04',1317),(471,'VIEW',5,'com.ruoyi.school.controller.VwStudentScheduleController.export()','POST',1,'23121466','若依科技','/system/schedule/export','127.0.0.1','内网IP','{\"pageSize\":\"10\",\"pageNum\":\"1\"}',NULL,0,NULL,'2026-01-06 01:46:08',853),(472,'VIEW',5,'com.ruoyi.school.controller.VwStudentScheduleController.export()','POST',1,'23121466','若依科技','/system/schedule/export','127.0.0.1','内网IP','{\"pageSize\":\"10\",\"pageNum\":\"1\"}',NULL,1,'U+8282 (\'.notdef\') is not available in the font Helvetica-Bold, encoding: WinAnsiEncoding','2026-01-06 01:54:37',12691),(473,'VIEW',5,'com.ruoyi.school.controller.VwStudentScheduleController.export()','POST',1,'23121466','若依科技','/system/schedule/export','127.0.0.1','内网IP','{\"pageSize\":\"10\",\"pageNum\":\"1\"}',NULL,1,'U+8282 (\'.notdef\') is not available in the font Helvetica-Bold, encoding: WinAnsiEncoding','2026-01-06 01:57:58',23),(474,'VIEW',5,'com.ruoyi.school.controller.VwStudentScheduleController.export()','POST',1,'23121466','若依科技','/system/schedule/export','127.0.0.1','内网IP','{\"pageSize\":\"10\",\"pageNum\":\"1\"}',NULL,1,'U+8282 (\'.notdef\') is not available in the font Helvetica-Bold, encoding: WinAnsiEncoding','2026-01-06 01:58:02',19),(475,'VIEW',5,'com.ruoyi.school.controller.VwStudentScheduleController.export()','POST',1,'23121466','若依科技','/system/schedule/export','127.0.0.1','内网IP','{\"pageSize\":\"10\",\"pageNum\":\"1\"}',NULL,1,'\'head\' table is mandatory','2026-01-06 02:04:38',134),(476,'VIEW',5,'com.ruoyi.school.controller.VwStudentScheduleController.export()','POST',1,'23121466','若依科技','/system/schedule/export','127.0.0.1','内网IP','{\"pageSize\":\"10\",\"pageNum\":\"1\"}',NULL,0,NULL,'2026-01-06 02:08:38',302),(477,'VIEW',5,'com.ruoyi.school.controller.VwStudentScheduleController.export()','POST',1,'23121466','若依科技','/system/schedule/export','127.0.0.1','内网IP','{\"pageSize\":\"10\",\"pageNum\":\"1\"}',NULL,0,NULL,'2026-01-06 02:12:52',406),(478,'VIEW',5,'com.ruoyi.school.controller.VwStudentScheduleController.export()','POST',1,'23121466','若依科技','/system/schedule/export','127.0.0.1','内网IP','{\"pageSize\":\"10\",\"pageNum\":\"1\"}',NULL,0,NULL,'2026-01-06 02:21:40',373),(479,'VIEW',5,'com.ruoyi.school.controller.VwStudentScheduleController.export()','POST',1,'23121466','若依科技','/system/schedule/export','127.0.0.1','内网IP','{\"pageSize\":\"10\",\"pageNum\":\"1\"}',NULL,0,NULL,'2026-01-06 02:30:12',381),(480,'VIEW',5,'com.ruoyi.school.controller.VwStudentScheduleController.export()','POST',1,'23121466','若依科技','/system/schedule/export','127.0.0.1','内网IP','{\"pageSize\":\"10\",\"pageNum\":\"1\"}',NULL,0,NULL,'2026-01-06 02:53:24',450),(481,'VIEW',5,'com.ruoyi.school.controller.VwStudentScheduleController.export()','POST',1,'23121466','若依科技','/system/schedule/export','127.0.0.1','内网IP','{\"pageSize\":\"10\",\"pageNum\":\"1\"}',NULL,0,NULL,'2026-01-06 03:12:46',381),(482,'VIEW',5,'com.ruoyi.school.controller.VwStudentScheduleController.export()','POST',1,'23121466','若依科技','/system/schedule/export','127.0.0.1','内网IP','{\"pageSize\":\"10\",\"pageNum\":\"1\"}',NULL,0,NULL,'2026-01-06 03:17:32',415),(483,'教师',2,'com.ruoyi.school.controller.StuTeacherController.edit()','PUT',1,'admin','研发部门','/school/teacher','127.0.0.1','内网IP','{\"deptId\":\"01\",\"name\":\"沈俊\",\"params\":{},\"professionalRanks\":\"讲师\",\"salary\":0,\"sex\":\"0\",\"staffId\":\"0102\",\"userId\":105} ','{\"msg\":\"操作成功\",\"code\":200}',0,NULL,'2026-01-06 03:46:03',45),(484,'教师',2,'com.ruoyi.school.controller.StuTeacherController.edit()','PUT',1,'admin','研发部门','/school/teacher','127.0.0.1','内网IP','{\"deptId\":\"01\",\"name\":\"许庆国\",\"params\":{},\"professionalRanks\":\"讲师\",\"salary\":0,\"sex\":\"0\",\"staffId\":\"0103\",\"userId\":106} ','{\"msg\":\"操作成功\",\"code\":200}',0,NULL,'2026-01-06 03:46:14',17),(485,'教师',2,'com.ruoyi.school.controller.StuTeacherController.edit()','PUT',1,'admin','研发部门','/school/teacher','127.0.0.1','内网IP','{\"deptId\":\"02\",\"name\":\"李睿鸣\",\"params\":{},\"professionalRanks\":\"教授\",\"salary\":123456,\"sex\":\"1\",\"staffId\":\"0104\",\"userId\":208} ','{\"msg\":\"操作成功\",\"code\":200}',0,NULL,'2026-01-06 03:46:22',18);
/*!40000 ALTER TABLE `sys_oper_log` ENABLE KEYS */;

--
-- Table structure for table `sys_post`
--

DROP TABLE IF EXISTS `sys_post`;
/*!40101 SET @saved_cs_client     = @@character_set_client */;
/*!50503 SET character_set_client = utf8mb4 */;
CREATE TABLE `sys_post` (
  `post_id` bigint NOT NULL AUTO_INCREMENT COMMENT '岗位ID',
  `post_code` varchar(64) NOT NULL COMMENT '岗位编码',
  `post_name` varchar(50) NOT NULL COMMENT '岗位名称',
  `post_sort` int NOT NULL COMMENT '显示顺序',
  `status` char(1) NOT NULL COMMENT '状态（0正常 1停用）',
  `create_by` varchar(64) DEFAULT '' COMMENT '创建者',
  `create_time` datetime DEFAULT NULL COMMENT '创建时间',
  `update_by` varchar(64) DEFAULT '' COMMENT '更新者',
  `update_time` datetime DEFAULT NULL COMMENT '更新时间',
  `remark` varchar(500) DEFAULT NULL COMMENT '备注',
  PRIMARY KEY (`post_id`)
) ENGINE=InnoDB AUTO_INCREMENT=5 DEFAULT CHARSET=utf8mb4 COLLATE=utf8mb4_0900_ai_ci COMMENT='岗位信息表';
/*!40101 SET character_set_client = @saved_cs_client */;

--
-- Dumping data for table `sys_post`
--

/*!40000 ALTER TABLE `sys_post` DISABLE KEYS */;
INSERT INTO `sys_post` VALUES (1,'ceo','董事长',1,'0','admin','2025-12-24 22:41:25','',NULL,''),(2,'se','项目经理',2,'0','admin','2025-12-24 22:41:25','',NULL,''),(3,'hr','人力资源',3,'0','admin','2025-12-24 22:41:25','',NULL,''),(4,'user','普通员工',4,'0','admin','2025-12-24 22:41:25','',NULL,'');
/*!40000 ALTER TABLE `sys_post` ENABLE KEYS */;

--
-- Table structure for table `sys_role`
--

DROP TABLE IF EXISTS `sys_role`;
/*!40101 SET @saved_cs_client     = @@character_set_client */;
/*!50503 SET character_set_client = utf8mb4 */;
CREATE TABLE `sys_role` (
  `role_id` bigint NOT NULL AUTO_INCREMENT COMMENT '角色ID',
  `role_name` varchar(30) NOT NULL COMMENT '角色名称',
  `role_key` varchar(100) NOT NULL COMMENT '角色权限字符串',
  `role_sort` int NOT NULL COMMENT '显示顺序',
  `data_scope` char(1) DEFAULT '1' COMMENT '数据范围（1：全部数据权限 2：自定数据权限 3：本部门数据权限 4：本部门及以下数据权限）',
  `menu_check_strictly` tinyint(1) DEFAULT '1' COMMENT '菜单树选择项是否关联显示',
  `dept_check_strictly` tinyint(1) DEFAULT '1' COMMENT '部门树选择项是否关联显示',
  `status` char(1) NOT NULL COMMENT '角色状态（0正常 1停用）',
  `del_flag` char(1) DEFAULT '0' COMMENT '删除标志（0代表存在 2代表删除）',
  `create_by` varchar(64) DEFAULT '' COMMENT '创建者',
  `create_time` datetime DEFAULT NULL COMMENT '创建时间',
  `update_by` varchar(64) DEFAULT '' COMMENT '更新者',
  `update_time` datetime DEFAULT NULL COMMENT '更新时间',
  `remark` varchar(500) DEFAULT NULL COMMENT '备注',
  PRIMARY KEY (`role_id`)
) ENGINE=InnoDB AUTO_INCREMENT=104 DEFAULT CHARSET=utf8mb4 COLLATE=utf8mb4_0900_ai_ci COMMENT='角色信息表';
/*!40101 SET character_set_client = @saved_cs_client */;

--
-- Dumping data for table `sys_role`
--

/*!40000 ALTER TABLE `sys_role` DISABLE KEYS */;
INSERT INTO `sys_role` VALUES (1,'超级管理员','admin',1,'1',1,1,'0','0','admin','2025-12-24 22:41:25','',NULL,'超级管理员'),(2,'普通角色','common',5,'2',1,1,'0','0','admin','2025-12-24 22:41:25','admin','2025-12-30 21:22:52','普通角色'),(100,'0101','teacher',3,'1',1,1,'0','2','admin','2025-12-29 13:20:48','admin','2025-12-29 13:36:31',NULL),(101,'教师','teacher',3,'1',1,1,'0','0','admin','2025-12-29 16:46:45','admin','2025-12-30 21:31:01',NULL),(102,'学生','student',4,'1',1,1,'0','0','admin','2025-12-29 22:55:07','admin','2026-01-03 00:13:35',NULL),(103,'教务老师','admin-teacher',1,'1',1,1,'0','0','admin','2025-12-30 21:22:23','admin','2025-12-30 21:22:30','教务老师');
/*!40000 ALTER TABLE `sys_role` ENABLE KEYS */;

--
-- Table structure for table `sys_role_dept`
--

DROP TABLE IF EXISTS `sys_role_dept`;
/*!40101 SET @saved_cs_client     = @@character_set_client */;
/*!50503 SET character_set_client = utf8mb4 */;
CREATE TABLE `sys_role_dept` (
  `role_id` bigint NOT NULL COMMENT '角色ID',
  `dept_id` bigint NOT NULL COMMENT '部门ID',
  PRIMARY KEY (`role_id`,`dept_id`)
) ENGINE=InnoDB DEFAULT CHARSET=utf8mb4 COLLATE=utf8mb4_0900_ai_ci COMMENT='角色和部门关联表';
/*!40101 SET character_set_client = @saved_cs_client */;

--
-- Dumping data for table `sys_role_dept`
--

/*!40000 ALTER TABLE `sys_role_dept` DISABLE KEYS */;
INSERT INTO `sys_role_dept` VALUES (2,100),(2,101),(2,105);
/*!40000 ALTER TABLE `sys_role_dept` ENABLE KEYS */;

--
-- Table structure for table `sys_role_menu`
--

DROP TABLE IF EXISTS `sys_role_menu`;
/*!40101 SET @saved_cs_client     = @@character_set_client */;
/*!50503 SET character_set_client = utf8mb4 */;
CREATE TABLE `sys_role_menu` (
  `role_id` bigint NOT NULL COMMENT '角色ID',
  `menu_id` bigint NOT NULL COMMENT '菜单ID',
  PRIMARY KEY (`role_id`,`menu_id`)
) ENGINE=InnoDB DEFAULT CHARSET=utf8mb4 COLLATE=utf8mb4_0900_ai_ci COMMENT='角色和菜单关联表';
/*!40101 SET character_set_client = @saved_cs_client */;

--
-- Dumping data for table `sys_role_menu`
--

/*!40000 ALTER TABLE `sys_role_menu` DISABLE KEYS */;
INSERT INTO `sys_role_menu` VALUES (2,1),(2,2),(2,3),(2,4),(2,100),(2,101),(2,102),(2,103),(2,104),(2,105),(2,106),(2,107),(2,108),(2,109),(2,110),(2,111),(2,112),(2,113),(2,114),(2,115),(2,116),(2,117),(2,500),(2,501),(2,1000),(2,1001),(2,1002),(2,1003),(2,1004),(2,1005),(2,1006),(2,1007),(2,1008),(2,1009),(2,1010),(2,1011),(2,1012),(2,1013),(2,1014),(2,1015),(2,1016),(2,1017),(2,1018),(2,1019),(2,1020),(2,1021),(2,1022),(2,1023),(2,1024),(2,1025),(2,1026),(2,1027),(2,1028),(2,1029),(2,1030),(2,1031),(2,1032),(2,1033),(2,1034),(2,1035),(2,1036),(2,1037),(2,1038),(2,1039),(2,1040),(2,1041),(2,1042),(2,1043),(2,1044),(2,1045),(2,1046),(2,1047),(2,1048),(2,1049),(2,1050),(2,1051),(2,1052),(2,1053),(2,1054),(2,1055),(2,1056),(2,1057),(2,1058),(2,1059),(2,1060),(101,2036),(101,2037),(101,2038),(101,2039),(101,2040),(101,2041),(101,2072),(101,2073),(101,2075),(101,2076),(102,2074),(102,2077),(102,2078),(102,2079),(102,2080),(102,2081),(102,2082),(102,2083),(102,2084),(102,2085),(102,2086),(102,2090),(102,2091),(102,2092),(103,2036),(103,2037),(103,2038),(103,2039),(103,2040),(103,2041),(103,2042),(103,2043),(103,2044),(103,2045),(103,2046),(103,2047),(103,2048),(103,2049),(103,2050),(103,2051),(103,2052),(103,2053),(103,2054),(103,2055),(103,2056),(103,2057),(103,2058),(103,2059),(103,2060),(103,2061),(103,2062),(103,2063),(103,2064),(103,2065),(103,2066),(103,2067),(103,2068),(103,2069),(103,2070),(103,2071),(103,2072);
/*!40000 ALTER TABLE `sys_role_menu` ENABLE KEYS */;

--
-- Table structure for table `sys_user`
--

DROP TABLE IF EXISTS `sys_user`;
/*!40101 SET @saved_cs_client     = @@character_set_client */;
/*!50503 SET character_set_client = utf8mb4 */;
CREATE TABLE `sys_user` (
  `user_id` bigint NOT NULL AUTO_INCREMENT COMMENT '用户ID',
  `dept_id` bigint DEFAULT NULL COMMENT '部门ID',
  `user_name` varchar(30) NOT NULL COMMENT '用户账号',
  `nick_name` varchar(30) NOT NULL COMMENT '用户昵称',
  `user_type` varchar(2) DEFAULT '00' COMMENT '用户类型（00系统用户）',
  `email` varchar(50) DEFAULT '' COMMENT '用户邮箱',
  `phonenumber` varchar(11) DEFAULT '' COMMENT '手机号码',
  `sex` char(1) DEFAULT '0' COMMENT '用户性别（0男 1女 2未知）',
  `avatar` varchar(100) DEFAULT '' COMMENT '头像地址',
  `password` varchar(100) DEFAULT '' COMMENT '密码',
  `status` char(1) DEFAULT '0' COMMENT '账号状态（0正常 1停用）',
  `del_flag` char(1) DEFAULT '0' COMMENT '删除标志（0代表存在 2代表删除）',
  `login_ip` varchar(128) DEFAULT '' COMMENT '最后登录IP',
  `login_date` datetime DEFAULT NULL COMMENT '最后登录时间',
  `pwd_update_date` datetime DEFAULT NULL COMMENT '密码最后更新时间',
  `create_by` varchar(64) DEFAULT '' COMMENT '创建者',
  `create_time` datetime DEFAULT NULL COMMENT '创建时间',
  `update_by` varchar(64) DEFAULT '' COMMENT '更新者',
  `update_time` datetime DEFAULT NULL COMMENT '更新时间',
  `remark` varchar(500) DEFAULT NULL COMMENT '备注',
  PRIMARY KEY (`user_id`),
  UNIQUE KEY `uk_sys_user_user_name` (`user_name`)
) ENGINE=InnoDB AUTO_INCREMENT=210 DEFAULT CHARSET=utf8mb4 COLLATE=utf8mb4_0900_ai_ci COMMENT='用户信息表';
/*!40101 SET character_set_client = @saved_cs_client */;

--
-- Dumping data for table `sys_user`
--

/*!40000 ALTER TABLE `sys_user` DISABLE KEYS */;
INSERT INTO `sys_user` VALUES (1,103,'admin','若依','00','ry@163.com','15888888888','1','','$2a$10$C50.SSsJHLCCcZs2GGGlXeZiHcIajkSBC9e2MDcrOW.zNd37xe07m','0','0','127.0.0.1','2026-01-06 03:19:56','2026-01-02 23:37:06','admin','2025-12-24 22:41:25','',NULL,'管理员'),(2,105,'ry','若依','00','ry@qq.com','15666666666','1','','$2a$10$7JB720yubVSZvUI0rEqK/.VqGOZTH.ulu33dHOiBE8ByOhJIrdAu2','0','0','127.0.0.1','2025-12-24 22:41:25','2025-12-24 22:41:25','admin','2025-12-24 22:41:25','',NULL,'测试员'),(103,100,'0101','宋波','00','','','0','','$2a$10$oGPY98adKhVO2u3UUTJuM.K.OqNjFR4l243ItIh536p54Ee65acCu','0','0','127.0.0.1','2026-01-06 03:18:20',NULL,'','2025-12-29 16:48:35','',NULL,NULL),(104,100,'23121466','张浩然','00','','','0','','$2a$10$2uHZO3yLsh0BlDQUKQ01qO9ArdWLr3ZLxZHnY0tty7sQoC1.X4952','0','0','127.0.0.1','2026-01-06 03:12:41',NULL,'','2025-12-29 23:14:13','',NULL,NULL),(105,100,'0102','沈俊','00','','','0','','$2a$10$/wZN5fB5PraWSHDqX9AB7uHItkjGhOCXDFZh9vN6jVyhoHC2ZBl72','0','0','127.0.0.1','2026-01-06 03:18:57',NULL,'','2025-12-30 00:07:06','',NULL,NULL),(106,100,'0103','许庆国','00','','','0','','$2a$10$JMYdXzLTcsofs/0Y..ly9uT0OEZoGSdNxfPxpXTJDCp9xDBqZRVvS','0','0','127.0.0.1','2026-01-05 02:41:49',NULL,'','2025-12-30 00:09:22','',NULL,NULL),(107,100,'23121467','石磊','00','','','0','','$2a$10$ig25fxJwS2JP2G3jI/Rk3eLg0PipA0wrUsdqqwHWerJ3qjB8Pevj2','0','0','',NULL,NULL,'','2025-12-30 23:19:25','',NULL,NULL),(108,100,'S2025001','测试学生1','00','','','0','','$2a$10$7JB720yubVSZvUIyygn1ub7p59L1n6103r3Z3962K7022l8W9jN36','0','0','',NULL,NULL,'','2025-12-30 23:24:53','',NULL,NULL),(109,100,'S2025002','测试学生2','00','','','1','','$2a$10$7JB720yubVSZvUIyygn1ub7p59L1n6103r3Z3962K7022l8W9jN36','0','0','',NULL,NULL,'','2025-12-30 23:24:53','',NULL,NULL),(110,100,'S2025003','测试学生3','00','','','0','','$2a$10$7JB720yubVSZvUIyygn1ub7p59L1n6103r3Z3962K7022l8W9jN36','0','0','',NULL,NULL,'','2025-12-30 23:24:53','',NULL,NULL),(111,100,'S2025004','测试学生4','00','','','1','','$2a$10$7JB720yubVSZvUIyygn1ub7p59L1n6103r3Z3962K7022l8W9jN36','0','0','',NULL,NULL,'','2025-12-30 23:24:53','',NULL,NULL),(112,100,'S2025005','测试学生5','00','','','0','','$2a$10$7JB720yubVSZvUIyygn1ub7p59L1n6103r3Z3962K7022l8W9jN36','0','0','',NULL,NULL,'','2025-12-30 23:24:53','',NULL,NULL),(113,100,'S2025006','测试学生6','00','','','1','','$2a$10$7JB720yubVSZvUIyygn1ub7p59L1n6103r3Z3962K7022l8W9jN36','0','0','',NULL,NULL,'','2025-12-30 23:24:53','',NULL,NULL),(114,100,'S2025007','测试学生7','00','','','0','','$2a$10$7JB720yubVSZvUIyygn1ub7p59L1n6103r3Z3962K7022l8W9jN36','0','0','',NULL,NULL,'','2025-12-30 23:24:53','',NULL,NULL),(115,100,'S2025008','测试学生8','00','','','1','','$2a$10$7JB720yubVSZvUIyygn1ub7p59L1n6103r3Z3962K7022l8W9jN36','0','0','',NULL,NULL,'','2025-12-30 23:24:53','',NULL,NULL),(116,100,'S2025009','测试学生9','00','','','0','','$2a$10$7JB720yubVSZvUIyygn1ub7p59L1n6103r3Z3962K7022l8W9jN36','0','0','',NULL,NULL,'','2025-12-30 23:24:53','',NULL,NULL),(117,100,'S2025010','测试学生10','00','','','1','','$2a$10$7JB720yubVSZvUIyygn1ub7p59L1n6103r3Z3962K7022l8W9jN36','0','0','',NULL,NULL,'','2025-12-30 23:24:53','',NULL,NULL),(118,100,'S2025011','测试学生11','00','','','0','','$2a$10$7JB720yubVSZvUIyygn1ub7p59L1n6103r3Z3962K7022l8W9jN36','0','0','',NULL,NULL,'','2025-12-30 23:24:53','',NULL,NULL),(119,100,'S2025012','测试学生12','00','','','1','','$2a$10$7JB720yubVSZvUIyygn1ub7p59L1n6103r3Z3962K7022l8W9jN36','0','0','',NULL,NULL,'','2025-12-30 23:24:53','',NULL,NULL),(120,100,'S2025013','测试学生13','00','','','0','','$2a$10$7JB720yubVSZvUIyygn1ub7p59L1n6103r3Z3962K7022l8W9jN36','0','0','',NULL,NULL,'','2025-12-30 23:24:53','',NULL,NULL),(121,100,'S2025014','测试学生14','00','','','1','','$2a$10$7JB720yubVSZvUIyygn1ub7p59L1n6103r3Z3962K7022l8W9jN36','0','0','',NULL,NULL,'','2025-12-30 23:24:53','',NULL,NULL),(122,100,'S2025015','测试学生15','00','','','0','','$2a$10$7JB720yubVSZvUIyygn1ub7p59L1n6103r3Z3962K7022l8W9jN36','0','0','',NULL,NULL,'','2025-12-30 23:24:53','',NULL,NULL),(123,100,'S2025016','测试学生16','00','','','1','','$2a$10$7JB720yubVSZvUIyygn1ub7p59L1n6103r3Z3962K7022l8W9jN36','0','0','',NULL,NULL,'','2025-12-30 23:24:53','',NULL,NULL),(124,100,'S2025017','测试学生17','00','','','0','','$2a$10$7JB720yubVSZvUIyygn1ub7p59L1n6103r3Z3962K7022l8W9jN36','0','0','',NULL,NULL,'','2025-12-30 23:24:53','',NULL,NULL),(125,100,'S2025018','测试学生18','00','','','1','','$2a$10$7JB720yubVSZvUIyygn1ub7p59L1n6103r3Z3962K7022l8W9jN36','0','0','',NULL,NULL,'','2025-12-30 23:24:53','',NULL,NULL),(126,100,'S2025019','测试学生19','00','','','0','','$2a$10$7JB720yubVSZvUIyygn1ub7p59L1n6103r3Z3962K7022l8W9jN36','0','0','',NULL,NULL,'','2025-12-30 23:24:53','',NULL,NULL),(127,100,'S2025020','测试学生20','00','','','1','','$2a$10$7JB720yubVSZvUIyygn1ub7p59L1n6103r3Z3962K7022l8W9jN36','0','0','',NULL,NULL,'','2025-12-30 23:24:53','',NULL,NULL),(128,100,'S2025021','测试学生21','00','','','0','','$2a$10$7JB720yubVSZvUIyygn1ub7p59L1n6103r3Z3962K7022l8W9jN36','0','0','',NULL,NULL,'','2025-12-30 23:24:53','',NULL,NULL),(129,100,'S2025022','测试学生22','00','','','1','','$2a$10$7JB720yubVSZvUIyygn1ub7p59L1n6103r3Z3962K7022l8W9jN36','0','0','',NULL,NULL,'','2025-12-30 23:24:53','',NULL,NULL),(130,100,'S2025023','测试学生23','00','','','0','','$2a$10$7JB720yubVSZvUIyygn1ub7p59L1n6103r3Z3962K7022l8W9jN36','0','0','',NULL,NULL,'','2025-12-30 23:24:53','',NULL,NULL),(131,100,'S2025024','测试学生24','00','','','1','','$2a$10$7JB720yubVSZvUIyygn1ub7p59L1n6103r3Z3962K7022l8W9jN36','0','0','',NULL,NULL,'','2025-12-30 23:24:53','',NULL,NULL),(132,100,'S2025025','测试学生25','00','','','0','','$2a$10$7JB720yubVSZvUIyygn1ub7p59L1n6103r3Z3962K7022l8W9jN36','0','0','',NULL,NULL,'','2025-12-30 23:24:53','',NULL,NULL),(133,100,'S2025026','测试学生26','00','','','1','','$2a$10$7JB720yubVSZvUIyygn1ub7p59L1n6103r3Z3962K7022l8W9jN36','0','0','',NULL,NULL,'','2025-12-30 23:24:53','',NULL,NULL),(134,100,'S2025027','测试学生27','00','','','0','','$2a$10$7JB720yubVSZvUIyygn1ub7p59L1n6103r3Z3962K7022l8W9jN36','0','0','',NULL,NULL,'','2025-12-30 23:24:53','',NULL,NULL),(135,100,'S2025028','测试学生28','00','','','1','','$2a$10$7JB720yubVSZvUIyygn1ub7p59L1n6103r3Z3962K7022l8W9jN36','0','0','',NULL,NULL,'','2025-12-30 23:24:53','',NULL,NULL),(136,100,'S2025029','测试学生29','00','','','0','','$2a$10$7JB720yubVSZvUIyygn1ub7p59L1n6103r3Z3962K7022l8W9jN36','0','0','',NULL,NULL,'','2025-12-30 23:24:53','',NULL,NULL),(137,100,'S2025030','测试学生30','00','','','1','','$2a$10$7JB720yubVSZvUIyygn1ub7p59L1n6103r3Z3962K7022l8W9jN36','0','0','',NULL,NULL,'','2025-12-30 23:24:53','',NULL,NULL),(138,100,'S2025031','测试学生31','00','','','0','','$2a$10$7JB720yubVSZvUIyygn1ub7p59L1n6103r3Z3962K7022l8W9jN36','0','0','',NULL,NULL,'','2025-12-30 23:24:53','',NULL,NULL),(139,100,'S2025032','测试学生32','00','','','1','','$2a$10$7JB720yubVSZvUIyygn1ub7p59L1n6103r3Z3962K7022l8W9jN36','0','0','',NULL,NULL,'','2025-12-30 23:24:53','',NULL,NULL),(140,100,'S2025033','测试学生33','00','','','0','','$2a$10$7JB720yubVSZvUIyygn1ub7p59L1n6103r3Z3962K7022l8W9jN36','0','0','',NULL,NULL,'','2025-12-30 23:24:53','',NULL,NULL),(141,100,'S2025034','测试学生34','00','','','1','','$2a$10$7JB720yubVSZvUIyygn1ub7p59L1n6103r3Z3962K7022l8W9jN36','0','0','',NULL,NULL,'','2025-12-30 23:24:53','',NULL,NULL),(142,100,'S2025035','测试学生35','00','','','0','','$2a$10$7JB720yubVSZvUIyygn1ub7p59L1n6103r3Z3962K7022l8W9jN36','0','0','',NULL,NULL,'','2025-12-30 23:24:53','',NULL,NULL),(143,100,'S2025036','测试学生36','00','','','1','','$2a$10$7JB720yubVSZvUIyygn1ub7p59L1n6103r3Z3962K7022l8W9jN36','0','0','',NULL,NULL,'','2025-12-30 23:24:53','',NULL,NULL),(144,100,'S2025037','测试学生37','00','','','0','','$2a$10$7JB720yubVSZvUIyygn1ub7p59L1n6103r3Z3962K7022l8W9jN36','0','0','',NULL,NULL,'','2025-12-30 23:24:53','',NULL,NULL),(145,100,'S2025038','测试学生38','00','','','1','','$2a$10$7JB720yubVSZvUIyygn1ub7p59L1n6103r3Z3962K7022l8W9jN36','0','0','',NULL,NULL,'','2025-12-30 23:24:54','',NULL,NULL),(146,100,'S2025039','测试学生39','00','','','0','','$2a$10$7JB720yubVSZvUIyygn1ub7p59L1n6103r3Z3962K7022l8W9jN36','0','0','',NULL,NULL,'','2025-12-30 23:24:54','',NULL,NULL),(147,100,'S2025040','测试学生40','00','','','1','','$2a$10$7JB720yubVSZvUIyygn1ub7p59L1n6103r3Z3962K7022l8W9jN36','0','0','',NULL,NULL,'','2025-12-30 23:24:54','',NULL,NULL),(148,100,'S2025041','测试学生41','00','','','0','','$2a$10$7JB720yubVSZvUIyygn1ub7p59L1n6103r3Z3962K7022l8W9jN36','0','0','',NULL,NULL,'','2025-12-30 23:24:54','',NULL,NULL),(149,100,'S2025042','测试学生42','00','','','1','','$2a$10$7JB720yubVSZvUIyygn1ub7p59L1n6103r3Z3962K7022l8W9jN36','0','0','',NULL,NULL,'','2025-12-30 23:24:54','',NULL,NULL),(150,100,'S2025043','测试学生43','00','','','0','','$2a$10$7JB720yubVSZvUIyygn1ub7p59L1n6103r3Z3962K7022l8W9jN36','0','0','',NULL,NULL,'','2025-12-30 23:24:54','',NULL,NULL),(151,100,'S2025044','测试学生44','00','','','1','','$2a$10$7JB720yubVSZvUIyygn1ub7p59L1n6103r3Z3962K7022l8W9jN36','0','0','',NULL,NULL,'','2025-12-30 23:24:54','',NULL,NULL),(152,100,'S2025045','测试学生45','00','','','0','','$2a$10$7JB720yubVSZvUIyygn1ub7p59L1n6103r3Z3962K7022l8W9jN36','0','0','',NULL,NULL,'','2025-12-30 23:24:54','',NULL,NULL),(153,100,'S2025046','测试学生46','00','','','1','','$2a$10$7JB720yubVSZvUIyygn1ub7p59L1n6103r3Z3962K7022l8W9jN36','0','0','',NULL,NULL,'','2025-12-30 23:24:54','',NULL,NULL),(154,100,'S2025047','测试学生47','00','','','0','','$2a$10$7JB720yubVSZvUIyygn1ub7p59L1n6103r3Z3962K7022l8W9jN36','0','0','',NULL,NULL,'','2025-12-30 23:24:54','',NULL,NULL),(155,100,'S2025048','测试学生48','00','','','1','','$2a$10$7JB720yubVSZvUIyygn1ub7p59L1n6103r3Z3962K7022l8W9jN36','0','0','',NULL,NULL,'','2025-12-30 23:24:54','',NULL,NULL),(156,100,'S2025049','测试学生49','00','','','0','','$2a$10$7JB720yubVSZvUIyygn1ub7p59L1n6103r3Z3962K7022l8W9jN36','0','0','',NULL,NULL,'','2025-12-30 23:24:54','',NULL,NULL),(157,100,'S2025050','测试学生50','00','','','1','','$2a$10$7JB720yubVSZvUIyygn1ub7p59L1n6103r3Z3962K7022l8W9jN36','0','0','',NULL,NULL,'','2025-12-30 23:24:54','',NULL,NULL),(158,100,'S2025051','测试学生51','00','','','0','','$2a$10$7JB720yubVSZvUIyygn1ub7p59L1n6103r3Z3962K7022l8W9jN36','0','0','',NULL,NULL,'','2025-12-30 23:24:54','',NULL,NULL),(159,100,'S2025052','测试学生52','00','','','1','','$2a$10$7JB720yubVSZvUIyygn1ub7p59L1n6103r3Z3962K7022l8W9jN36','0','0','',NULL,NULL,'','2025-12-30 23:24:54','',NULL,NULL),(160,100,'S2025053','测试学生53','00','','','0','','$2a$10$7JB720yubVSZvUIyygn1ub7p59L1n6103r3Z3962K7022l8W9jN36','0','0','',NULL,NULL,'','2025-12-30 23:24:54','',NULL,NULL),(161,100,'S2025054','测试学生54','00','','','1','','$2a$10$7JB720yubVSZvUIyygn1ub7p59L1n6103r3Z3962K7022l8W9jN36','0','0','',NULL,NULL,'','2025-12-30 23:24:54','',NULL,NULL),(162,100,'S2025055','测试学生55','00','','','0','','$2a$10$7JB720yubVSZvUIyygn1ub7p59L1n6103r3Z3962K7022l8W9jN36','0','0','',NULL,NULL,'','2025-12-30 23:24:54','',NULL,NULL),(163,100,'S2025056','测试学生56','00','','','1','','$2a$10$7JB720yubVSZvUIyygn1ub7p59L1n6103r3Z3962K7022l8W9jN36','0','0','',NULL,NULL,'','2025-12-30 23:24:54','',NULL,NULL),(164,100,'S2025057','测试学生57','00','','','0','','$2a$10$7JB720yubVSZvUIyygn1ub7p59L1n6103r3Z3962K7022l8W9jN36','0','0','',NULL,NULL,'','2025-12-30 23:24:54','',NULL,NULL),(165,100,'S2025058','测试学生58','00','','','1','','$2a$10$7JB720yubVSZvUIyygn1ub7p59L1n6103r3Z3962K7022l8W9jN36','0','0','',NULL,NULL,'','2025-12-30 23:24:54','',NULL,NULL),(166,100,'S2025059','测试学生59','00','','','0','','$2a$10$7JB720yubVSZvUIyygn1ub7p59L1n6103r3Z3962K7022l8W9jN36','0','0','',NULL,NULL,'','2025-12-30 23:24:54','',NULL,NULL),(167,100,'S2025060','测试学生60','00','','','1','','$2a$10$7JB720yubVSZvUIyygn1ub7p59L1n6103r3Z3962K7022l8W9jN36','0','0','',NULL,NULL,'','2025-12-30 23:24:54','',NULL,NULL),(168,100,'S2025061','测试学生61','00','','','0','','$2a$10$7JB720yubVSZvUIyygn1ub7p59L1n6103r3Z3962K7022l8W9jN36','0','0','',NULL,NULL,'','2025-12-30 23:24:54','',NULL,NULL),(169,100,'S2025062','测试学生62','00','','','1','','$2a$10$7JB720yubVSZvUIyygn1ub7p59L1n6103r3Z3962K7022l8W9jN36','0','0','',NULL,NULL,'','2025-12-30 23:24:54','',NULL,NULL),(170,100,'S2025063','测试学生63','00','','','0','','$2a$10$7JB720yubVSZvUIyygn1ub7p59L1n6103r3Z3962K7022l8W9jN36','0','0','',NULL,NULL,'','2025-12-30 23:24:54','',NULL,NULL),(171,100,'S2025064','测试学生64','00','','','1','','$2a$10$7JB720yubVSZvUIyygn1ub7p59L1n6103r3Z3962K7022l8W9jN36','0','0','',NULL,NULL,'','2025-12-30 23:24:54','',NULL,NULL),(172,100,'S2025065','测试学生65','00','','','0','','$2a$10$7JB720yubVSZvUIyygn1ub7p59L1n6103r3Z3962K7022l8W9jN36','0','0','',NULL,NULL,'','2025-12-30 23:24:54','',NULL,NULL),(173,100,'S2025066','测试学生66','00','','','1','','$2a$10$7JB720yubVSZvUIyygn1ub7p59L1n6103r3Z3962K7022l8W9jN36','0','0','',NULL,NULL,'','2025-12-30 23:24:54','',NULL,NULL),(174,100,'S2025067','测试学生67','00','','','0','','$2a$10$7JB720yubVSZvUIyygn1ub7p59L1n6103r3Z3962K7022l8W9jN36','0','0','',NULL,NULL,'','2025-12-30 23:24:54','',NULL,NULL),(175,100,'S2025068','测试学生68','00','','','1','','$2a$10$7JB720yubVSZvUIyygn1ub7p59L1n6103r3Z3962K7022l8W9jN36','0','0','',NULL,NULL,'','2025-12-30 23:24:54','',NULL,NULL),(176,100,'S2025069','测试学生69','00','','','0','','$2a$10$7JB720yubVSZvUIyygn1ub7p59L1n6103r3Z3962K7022l8W9jN36','0','0','',NULL,NULL,'','2025-12-30 23:24:54','',NULL,NULL),(177,100,'S2025070','测试学生70','00','','','1','','$2a$10$7JB720yubVSZvUIyygn1ub7p59L1n6103r3Z3962K7022l8W9jN36','0','0','',NULL,NULL,'','2025-12-30 23:24:54','',NULL,NULL),(178,100,'S2025071','测试学生71','00','','','0','','$2a$10$7JB720yubVSZvUIyygn1ub7p59L1n6103r3Z3962K7022l8W9jN36','0','0','',NULL,NULL,'','2025-12-30 23:24:54','',NULL,NULL),(179,100,'S2025072','测试学生72','00','','','1','','$2a$10$7JB720yubVSZvUIyygn1ub7p59L1n6103r3Z3962K7022l8W9jN36','0','0','',NULL,NULL,'','2025-12-30 23:24:54','',NULL,NULL),(180,100,'S2025073','测试学生73','00','','','0','','$2a$10$7JB720yubVSZvUIyygn1ub7p59L1n6103r3Z3962K7022l8W9jN36','0','0','',NULL,NULL,'','2025-12-30 23:24:54','',NULL,NULL),(181,100,'S2025074','测试学生74','00','','','1','','$2a$10$7JB720yubVSZvUIyygn1ub7p59L1n6103r3Z3962K7022l8W9jN36','0','0','',NULL,NULL,'','2025-12-30 23:24:54','',NULL,NULL),(182,100,'S2025075','测试学生75','00','','','0','','$2a$10$7JB720yubVSZvUIyygn1ub7p59L1n6103r3Z3962K7022l8W9jN36','0','0','',NULL,NULL,'','2025-12-30 23:24:54','',NULL,NULL),(183,100,'S2025076','测试学生76','00','','','1','','$2a$10$7JB720yubVSZvUIyygn1ub7p59L1n6103r3Z3962K7022l8W9jN36','0','0','',NULL,NULL,'','2025-12-30 23:24:54','',NULL,NULL),(184,100,'S2025077','测试学生77','00','','','0','','$2a$10$7JB720yubVSZvUIyygn1ub7p59L1n6103r3Z3962K7022l8W9jN36','0','0','',NULL,NULL,'','2025-12-30 23:24:54','',NULL,NULL),(185,100,'S2025078','测试学生78','00','','','1','','$2a$10$7JB720yubVSZvUIyygn1ub7p59L1n6103r3Z3962K7022l8W9jN36','0','0','',NULL,NULL,'','2025-12-30 23:24:54','',NULL,NULL),(186,100,'S2025079','测试学生79','00','','','0','','$2a$10$7JB720yubVSZvUIyygn1ub7p59L1n6103r3Z3962K7022l8W9jN36','0','0','',NULL,NULL,'','2025-12-30 23:24:54','',NULL,NULL),(187,100,'S2025080','测试学生80','00','','','1','','$2a$10$7JB720yubVSZvUIyygn1ub7p59L1n6103r3Z3962K7022l8W9jN36','0','0','',NULL,NULL,'','2025-12-30 23:24:54','',NULL,NULL),(188,100,'S2025081','测试学生81','00','','','0','','$2a$10$7JB720yubVSZvUIyygn1ub7p59L1n6103r3Z3962K7022l8W9jN36','0','0','',NULL,NULL,'','2025-12-30 23:24:54','',NULL,NULL),(189,100,'S2025082','测试学生82','00','','','1','','$2a$10$7JB720yubVSZvUIyygn1ub7p59L1n6103r3Z3962K7022l8W9jN36','0','0','',NULL,NULL,'','2025-12-30 23:24:54','',NULL,NULL),(190,100,'S2025083','测试学生83','00','','','0','','$2a$10$7JB720yubVSZvUIyygn1ub7p59L1n6103r3Z3962K7022l8W9jN36','0','0','',NULL,NULL,'','2025-12-30 23:24:54','',NULL,NULL),(191,100,'S2025084','测试学生84','00','','','1','','$2a$10$7JB720yubVSZvUIyygn1ub7p59L1n6103r3Z3962K7022l8W9jN36','0','0','',NULL,NULL,'','2025-12-30 23:24:54','',NULL,NULL),(192,100,'S2025085','测试学生85','00','','','0','','$2a$10$7JB720yubVSZvUIyygn1ub7p59L1n6103r3Z3962K7022l8W9jN36','0','0','',NULL,NULL,'','2025-12-30 23:24:54','',NULL,NULL),(193,100,'S2025086','测试学生86','00','','','1','','$2a$10$7JB720yubVSZvUIyygn1ub7p59L1n6103r3Z3962K7022l8W9jN36','0','0','',NULL,NULL,'','2025-12-30 23:24:54','',NULL,NULL),(194,100,'S2025087','测试学生87','00','','','0','','$2a$10$7JB720yubVSZvUIyygn1ub7p59L1n6103r3Z3962K7022l8W9jN36','0','0','',NULL,NULL,'','2025-12-30 23:24:54','',NULL,NULL),(195,100,'S2025088','测试学生88','00','','','1','','$2a$10$7JB720yubVSZvUIyygn1ub7p59L1n6103r3Z3962K7022l8W9jN36','0','0','',NULL,NULL,'','2025-12-30 23:24:54','',NULL,NULL),(196,100,'S2025089','测试学生89','00','','','0','','$2a$10$7JB720yubVSZvUIyygn1ub7p59L1n6103r3Z3962K7022l8W9jN36','0','0','',NULL,NULL,'','2025-12-30 23:24:54','',NULL,NULL),(197,100,'S2025090','测试学生90','00','','','1','','$2a$10$7JB720yubVSZvUIyygn1ub7p59L1n6103r3Z3962K7022l8W9jN36','0','0','',NULL,NULL,'','2025-12-30 23:24:54','',NULL,NULL),(198,100,'S2025091','测试学生91','00','','','0','','$2a$10$7JB720yubVSZvUIyygn1ub7p59L1n6103r3Z3962K7022l8W9jN36','0','0','',NULL,NULL,'','2025-12-30 23:24:54','',NULL,NULL),(199,100,'S2025092','测试学生92','00','','','1','','$2a$10$7JB720yubVSZvUIyygn1ub7p59L1n6103r3Z3962K7022l8W9jN36','0','0','',NULL,NULL,'','2025-12-30 23:24:54','',NULL,NULL),(200,100,'S2025093','测试学生93','00','','','0','','$2a$10$7JB720yubVSZvUIyygn1ub7p59L1n6103r3Z3962K7022l8W9jN36','0','0','',NULL,NULL,'','2025-12-30 23:24:54','',NULL,NULL),(201,100,'S2025094','测试学生94','00','','','1','','$2a$10$7JB720yubVSZvUIyygn1ub7p59L1n6103r3Z3962K7022l8W9jN36','0','0','',NULL,NULL,'','2025-12-30 23:24:54','',NULL,NULL),(202,100,'S2025095','测试学生95','00','','','0','','$2a$10$7JB720yubVSZvUIyygn1ub7p59L1n6103r3Z3962K7022l8W9jN36','0','0','',NULL,NULL,'','2025-12-30 23:24:54','',NULL,NULL),(203,100,'S2025096','测试学生96','00','','','1','','$2a$10$7JB720yubVSZvUIyygn1ub7p59L1n6103r3Z3962K7022l8W9jN36','0','0','',NULL,NULL,'','2025-12-30 23:24:54','',NULL,NULL),(204,100,'S2025097','测试学生97','00','','','0','','$2a$10$7JB720yubVSZvUIyygn1ub7p59L1n6103r3Z3962K7022l8W9jN36','0','0','',NULL,NULL,'','2025-12-30 23:24:54','',NULL,NULL),(205,100,'S2025098','测试学生98','00','','','1','','$2a$10$7JB720yubVSZvUIyygn1ub7p59L1n6103r3Z3962K7022l8W9jN36','0','0','',NULL,NULL,'','2025-12-30 23:24:54','',NULL,NULL),(206,100,'S2025099','测试学生99','00','','','0','','$2a$10$7JB720yubVSZvUIyygn1ub7p59L1n6103r3Z3962K7022l8W9jN36','0','0','',NULL,NULL,'','2025-12-30 23:24:54','',NULL,NULL),(207,100,'S2025100','测试学生100','00','','','1','','$2a$10$7JB720yubVSZvUIyygn1ub7p59L1n6103r3Z3962K7022l8W9jN36','0','0','',NULL,NULL,'','2025-12-30 23:24:54','',NULL,NULL),(208,100,'0104','李睿鸣','00','','','0','','$2a$10$y86kubyNVMN0V/UIWXv0zObOxac6vfQUs01K6MHQwGz8og7OB3gYm','0','0','127.0.0.1','2026-01-05 02:17:20',NULL,'','2026-01-03 01:48:17','',NULL,NULL),(209,100,'1','2','00','','','0','','$2a$10$dEQnEllQkdVl5hdvI//6Muqe6Geq5dNUY81usYWNWPM4L94eVQm22','0','2','',NULL,NULL,'','2026-01-05 01:20:52','',NULL,NULL);
/*!40000 ALTER TABLE `sys_user` ENABLE KEYS */;

--
-- Table structure for table `sys_user_post`
--

DROP TABLE IF EXISTS `sys_user_post`;
/*!40101 SET @saved_cs_client     = @@character_set_client */;
/*!50503 SET character_set_client = utf8mb4 */;
CREATE TABLE `sys_user_post` (
  `user_id` bigint NOT NULL COMMENT '用户ID',
  `post_id` bigint NOT NULL COMMENT '岗位ID',
  PRIMARY KEY (`user_id`,`post_id`)
) ENGINE=InnoDB DEFAULT CHARSET=utf8mb4 COLLATE=utf8mb4_0900_ai_ci COMMENT='用户与岗位关联表';
/*!40101 SET character_set_client = @saved_cs_client */;

--
-- Dumping data for table `sys_user_post`
--

/*!40000 ALTER TABLE `sys_user_post` DISABLE KEYS */;
INSERT INTO `sys_user_post` VALUES (1,1),(2,2);
/*!40000 ALTER TABLE `sys_user_post` ENABLE KEYS */;

--
-- Table structure for table `sys_user_role`
--

DROP TABLE IF EXISTS `sys_user_role`;
/*!40101 SET @saved_cs_client     = @@character_set_client */;
/*!50503 SET character_set_client = utf8mb4 */;
CREATE TABLE `sys_user_role` (
  `user_id` bigint NOT NULL COMMENT '用户ID',
  `role_id` bigint NOT NULL COMMENT '角色ID',
  PRIMARY KEY (`user_id`,`role_id`)
) ENGINE=InnoDB DEFAULT CHARSET=utf8mb4 COLLATE=utf8mb4_0900_ai_ci COMMENT='用户和角色关联表';
/*!40101 SET character_set_client = @saved_cs_client */;

--
-- Dumping data for table `sys_user_role`
--

/*!40000 ALTER TABLE `sys_user_role` DISABLE KEYS */;
INSERT INTO `sys_user_role` VALUES (1,1),(2,2),(103,101),(104,102),(105,101),(106,101),(107,102),(108,102),(109,102),(110,102),(111,102),(112,102),(113,102),(114,102),(115,102),(116,102),(117,102),(118,102),(119,102),(120,102),(121,102),(122,102),(123,102),(124,102),(125,102),(126,102),(127,102),(128,102),(129,102),(130,102),(131,102),(132,102),(133,102),(134,102),(135,102),(136,102),(137,102),(138,102),(139,102),(140,102),(141,102),(142,102),(143,102),(144,102),(145,102),(146,102),(147,102),(148,102),(149,102),(150,102),(151,102),(152,102),(153,102),(154,102),(155,102),(156,102),(157,102),(158,102),(159,102),(160,102),(161,102),(162,102),(163,102),(164,102),(165,102),(166,102),(167,102),(168,102),(169,102),(170,102),(171,102),(172,102),(173,102),(174,102),(175,102),(176,102),(177,102),(178,102),(179,102),(180,102),(181,102),(182,102),(183,102),(184,102),(185,102),(186,102),(187,102),(188,102),(189,102),(190,102),(191,102),(192,102),(193,102),(194,102),(195,102),(196,102),(197,102),(198,102),(199,102),(200,102),(201,102),(202,102),(203,102),(204,102),(205,102),(206,102),(207,102),(208,101);
/*!40000 ALTER TABLE `sys_user_role` ENABLE KEYS */;

--
-- Temporary view structure for view `view_class_stats`
--

DROP TABLE IF EXISTS `view_class_stats`;
/*!50001 DROP VIEW IF EXISTS `view_class_stats`*/;
SET @saved_cs_client     = @@character_set_client;
/*!50503 SET character_set_client = utf8mb4 */;
/*!50001 CREATE VIEW `view_class_stats` AS SELECT 
 1 AS `dept_name`,
 1 AS `course_name`,
 1 AS `semester`,
 1 AS `teacher_name`,
 1 AS `selected_num`,
 1 AS `capacity`,
 1 AS `seat_rate`*/;
SET character_set_client = @saved_cs_client;

--
-- Temporary view structure for view `vw_class_full_info`
--

DROP TABLE IF EXISTS `vw_class_full_info`;
/*!50001 DROP VIEW IF EXISTS `vw_class_full_info`*/;
SET @saved_cs_client     = @@character_set_client;
/*!50503 SET character_set_client = utf8mb4 */;
/*!50001 CREATE VIEW `vw_class_full_info` AS SELECT 
 1 AS `class_id`,
 1 AS `semester`,
 1 AS `course_id`,
 1 AS `class_section`,
 1 AS `staff_id`,
 1 AS `capacity`,
 1 AS `selected_num`,
 1 AS `week_start`,
 1 AS `week_end`,
 1 AS `week_type`,
 1 AS `day_of_week`,
 1 AS `lesson_start`,
 1 AS `lesson_end`,
 1 AS `classroom_id`,
 1 AS `status`,
 1 AS `is_primary`,
 1 AS `course_name`,
 1 AS `staff_name`*/;
SET character_set_client = @saved_cs_client;

--
-- Temporary view structure for view `vw_student_schedule`
--

DROP TABLE IF EXISTS `vw_student_schedule`;
/*!50001 DROP VIEW IF EXISTS `vw_student_schedule`*/;
SET @saved_cs_client     = @@character_set_client;
/*!50503 SET character_set_client = utf8mb4 */;
/*!50001 CREATE VIEW `vw_student_schedule` AS SELECT 
 1 AS `selection_id`,
 1 AS `student_id`,
 1 AS `semester`,
 1 AS `course_id`,
 1 AS `course_name`,
 1 AS `teacher_id`,
 1 AS `teacher_name`,
 1 AS `day_of_week`,
 1 AS `lesson_start`,
 1 AS `lesson_end`,
 1 AS `week_start`,
 1 AS `week_end`,
 1 AS `week_type`,
 1 AS `classroom_id`,
 1 AS `class_status`,
 1 AS `capacity`,
 1 AS `selected_num`,
 1 AS `class_time_text`*/;
SET character_set_client = @saved_cs_client;

--
-- Dumping events for database 'courselect'
--

--
-- Dumping routines for database 'courselect'
--
/*!50003 DROP PROCEDURE IF EXISTS `proc_batch_insert_students` */;
/*!50003 SET @saved_cs_client      = @@character_set_client */ ;
/*!50003 SET @saved_cs_results     = @@character_set_results */ ;
/*!50003 SET @saved_col_connection = @@collation_connection */ ;
/*!50003 SET character_set_client  = utf8mb4 */ ;
/*!50003 SET character_set_results = utf8mb4 */ ;
/*!50003 SET collation_connection  = utf8mb4_0900_ai_ci */ ;
/*!50003 SET @saved_sql_mode       = @@sql_mode */ ;
/*!50003 SET sql_mode              = 'ONLY_FULL_GROUP_BY,STRICT_TRANS_TABLES,NO_ZERO_IN_DATE,NO_ZERO_DATE,ERROR_FOR_DIVISION_BY_ZERO,NO_ENGINE_SUBSTITUTION' */ ;
DELIMITER ;;
CREATE DEFINER=`root`@`localhost` PROCEDURE `proc_batch_insert_students`()
BEGIN
    DECLARE i INT DEFAULT 1;
    DECLARE v_user_id BIGINT;
    WHILE i <= 100 DO
        INSERT INTO sys_user (user_name, nick_name, password, dept_id, sex, status, create_time)
        VALUES (CONCAT('S2025', LPAD(i,3,'0')), CONCAT('测试学生', i), '$2a$10$7JB720yubVSZvUIyygn1ub7p59L1n6103r3Z3962K7022l8W9jN36', 100, IF(i%2=0,'1','0'), '0', NOW());
        SET v_user_id = LAST_INSERT_ID();
        INSERT INTO sys_user_role (user_id, role_id) VALUES (v_user_id, 102);
        INSERT INTO stu_student (student_id, name, sex, user_id, dept_id)
        VALUES (CONCAT('S2025', LPAD(i,3,'0')), CONCAT('测试学生', i), IF(i%2=0,'1','0'), v_user_id, '1');
        SET i = i + 1;
    END WHILE;
END ;;
DELIMITER ;
/*!50003 SET sql_mode              = @saved_sql_mode */ ;
/*!50003 SET character_set_client  = @saved_cs_client */ ;
/*!50003 SET character_set_results = @saved_cs_results */ ;
/*!50003 SET collation_connection  = @saved_col_connection */ ;
/*!50003 DROP PROCEDURE IF EXISTS `proc_batch_simulate_selection` */;
/*!50003 SET @saved_cs_client      = @@character_set_client */ ;
/*!50003 SET @saved_cs_results     = @@character_set_results */ ;
/*!50003 SET @saved_col_connection = @@collation_connection */ ;
/*!50003 SET character_set_client  = utf8mb4 */ ;
/*!50003 SET character_set_results = utf8mb4 */ ;
/*!50003 SET collation_connection  = utf8mb4_0900_ai_ci */ ;
/*!50003 SET @saved_sql_mode       = @@sql_mode */ ;
/*!50003 SET sql_mode              = 'ONLY_FULL_GROUP_BY,STRICT_TRANS_TABLES,NO_ZERO_IN_DATE,NO_ZERO_DATE,ERROR_FOR_DIVISION_BY_ZERO,NO_ENGINE_SUBSTITUTION' */ ;
DELIMITER ;;
CREATE DEFINER=`root`@`localhost` PROCEDURE `proc_batch_simulate_selection`(IN p_class_id INT, IN p_count INT)
BEGIN
    DECLARE v_stu_id VARCHAR(20);
    DECLARE done INT DEFAULT FALSE;
    DECLARE cur CURSOR FOR 
        SELECT student_id FROM stu_student 
        WHERE student_id NOT IN (SELECT student_id FROM stu_selection WHERE class_id = p_class_id)
        LIMIT p_count;
    DECLARE CONTINUE HANDLER FOR NOT FOUND SET done = TRUE;
    OPEN cur;
    read_loop: LOOP
        FETCH cur INTO v_stu_id;
        IF done THEN LEAVE read_loop; END IF;
        INSERT INTO stu_selection (student_id, class_id) VALUES (v_stu_id, p_class_id);
    END LOOP;
    CLOSE cur;
    SELECT CONCAT('成功模拟 ', p_count, ' 名学生选课！') AS result;
END ;;
DELIMITER ;
/*!50003 SET sql_mode              = @saved_sql_mode */ ;
/*!50003 SET character_set_client  = @saved_cs_client */ ;
/*!50003 SET character_set_results = @saved_cs_results */ ;
/*!50003 SET collation_connection  = @saved_col_connection */ ;
/*!50003 DROP PROCEDURE IF EXISTS `proc_random_kick_students` */;
/*!50003 SET @saved_cs_client      = @@character_set_client */ ;
/*!50003 SET @saved_cs_results     = @@character_set_results */ ;
/*!50003 SET @saved_col_connection = @@collation_connection */ ;
/*!50003 SET character_set_client  = utf8mb4 */ ;
/*!50003 SET character_set_results = utf8mb4 */ ;
/*!50003 SET collation_connection  = utf8mb4_0900_ai_ci */ ;
/*!50003 SET @saved_sql_mode       = @@sql_mode */ ;
/*!50003 SET sql_mode              = 'ONLY_FULL_GROUP_BY,STRICT_TRANS_TABLES,NO_ZERO_IN_DATE,NO_ZERO_DATE,ERROR_FOR_DIVISION_BY_ZERO,NO_ENGINE_SUBSTITUTION' */ ;
DELIMITER ;;
CREATE DEFINER=`root`@`localhost` PROCEDURE `proc_random_kick_students`()
BEGIN
    DECLARE v_class_id INT;
    DECLARE v_excess_count INT;
    DECLARE done INT DEFAULT FALSE;
    DECLARE cur CURSOR FOR 
        SELECT class_id, (selected_num - capacity) FROM stu_class WHERE selected_num > capacity;
    DECLARE CONTINUE HANDLER FOR NOT FOUND SET done = TRUE;
    OPEN cur;
    read_loop: LOOP
        FETCH cur INTO v_class_id, v_excess_count;
        IF done THEN LEAVE read_loop; END IF;
        DROP TEMPORARY TABLE IF EXISTS tmp_kick_list;
        CREATE TEMPORARY TABLE tmp_kick_list AS
        SELECT selection_id FROM stu_selection 
        WHERE class_id = v_class_id 
        ORDER BY RAND() 
        LIMIT v_excess_count;
        DELETE FROM stu_selection WHERE selection_id IN (SELECT selection_id FROM tmp_kick_list);
        UPDATE stu_class SET selected_num = capacity WHERE class_id = v_class_id;
    END LOOP;
    CLOSE cur;
END ;;
DELIMITER ;
/*!50003 SET sql_mode              = @saved_sql_mode */ ;
/*!50003 SET character_set_client  = @saved_cs_client */ ;
/*!50003 SET character_set_results = @saved_cs_results */ ;
/*!50003 SET collation_connection  = @saved_col_connection */ ;
/*!50003 DROP PROCEDURE IF EXISTS `proc_student_credits` */;
/*!50003 SET @saved_cs_client      = @@character_set_client */ ;
/*!50003 SET @saved_cs_results     = @@character_set_results */ ;
/*!50003 SET @saved_col_connection = @@collation_connection */ ;
/*!50003 SET character_set_client  = utf8mb4 */ ;
/*!50003 SET character_set_results = utf8mb4 */ ;
/*!50003 SET collation_connection  = utf8mb4_0900_ai_ci */ ;
/*!50003 SET @saved_sql_mode       = @@sql_mode */ ;
/*!50003 SET sql_mode              = 'ONLY_FULL_GROUP_BY,STRICT_TRANS_TABLES,NO_ZERO_IN_DATE,NO_ZERO_DATE,ERROR_FOR_DIVISION_BY_ZERO,NO_ENGINE_SUBSTITUTION' */ ;
DELIMITER ;;
CREATE DEFINER=`root`@`localhost` PROCEDURE `proc_student_credits`(IN query_student_id VARCHAR(20))
BEGIN
    SELECT s.student_id, IFNULL(SUM(c.credit), 0) AS total_credits
    FROM stu_selection s
    JOIN stu_class cl ON s.class_id = cl.class_id
    JOIN stu_course c ON cl.course_id = c.course_id
    WHERE s.student_id = query_student_id AND s.total_score >= 60;
END ;;
DELIMITER ;
/*!50003 SET sql_mode              = @saved_sql_mode */ ;
/*!50003 SET character_set_client  = @saved_cs_client */ ;
/*!50003 SET character_set_results = @saved_cs_results */ ;
/*!50003 SET collation_connection  = @saved_col_connection */ ;

--
-- Final view structure for view `view_class_stats`
--

/*!50001 DROP VIEW IF EXISTS `view_class_stats`*/;
/*!50001 SET @saved_cs_client          = @@character_set_client */;
/*!50001 SET @saved_cs_results         = @@character_set_results */;
/*!50001 SET @saved_col_connection     = @@collation_connection */;
/*!50001 SET character_set_client      = utf8mb4 */;
/*!50001 SET character_set_results     = utf8mb4 */;
/*!50001 SET collation_connection      = utf8mb4_0900_ai_ci */;
/*!50001 CREATE ALGORITHM=UNDEFINED */
/*!50013 DEFINER=`root`@`localhost` SQL SECURITY DEFINER */
/*!50001 VIEW `view_class_stats` AS select `d`.`dept_name` AS `dept_name`,`c`.`course_name` AS `course_name`,`cl`.`semester` AS `semester`,`t`.`name` AS `teacher_name`,`cl`.`selected_num` AS `selected_num`,`cl`.`capacity` AS `capacity`,(case when (`cl`.`capacity` > 0) then round(((`cl`.`selected_num` / `cl`.`capacity`) * 100),2) else 0 end) AS `seat_rate` from (((`stu_class` `cl` join `stu_course` `c` on((`cl`.`course_id` = `c`.`course_id`))) join `stu_teacher` `t` on((`cl`.`staff_id` = `t`.`staff_id`))) left join `stu_department` `d` on((`c`.`dept_id` = `d`.`dept_id`))) */;
/*!50001 SET character_set_client      = @saved_cs_client */;
/*!50001 SET character_set_results     = @saved_cs_results */;
/*!50001 SET collation_connection      = @saved_col_connection */;

--
-- Final view structure for view `vw_class_full_info`
--

/*!50001 DROP VIEW IF EXISTS `vw_class_full_info`*/;
/*!50001 SET @saved_cs_client          = @@character_set_client */;
/*!50001 SET @saved_cs_results         = @@character_set_results */;
/*!50001 SET @saved_col_connection     = @@collation_connection */;
/*!50001 SET character_set_client      = utf8mb4 */;
/*!50001 SET character_set_results     = utf8mb4 */;
/*!50001 SET collation_connection      = utf8mb4_0900_ai_ci */;
/*!50001 CREATE ALGORITHM=UNDEFINED */
/*!50013 DEFINER=`root`@`localhost` SQL SECURITY DEFINER */
/*!50001 VIEW `vw_class_full_info` AS select `c`.`class_id` AS `class_id`,`c`.`semester` AS `semester`,`c`.`course_id` AS `course_id`,`c`.`class_section` AS `class_section`,`c`.`staff_id` AS `staff_id`,`c`.`capacity` AS `capacity`,`c`.`selected_num` AS `selected_num`,`c`.`week_start` AS `week_start`,`c`.`week_end` AS `week_end`,`c`.`week_type` AS `week_type`,`c`.`day_of_week` AS `day_of_week`,`c`.`lesson_start` AS `lesson_start`,`c`.`lesson_end` AS `lesson_end`,`c`.`classroom_id` AS `classroom_id`,`c`.`status` AS `status`,`c`.`is_primary` AS `is_primary`,`co`.`course_name` AS `course_name`,`u`.`nick_name` AS `staff_name` from ((`stu_class` `c` left join `stu_course` `co` on((`c`.`course_id` = `co`.`course_id`))) left join `sys_user` `u` on((`c`.`staff_id` = `u`.`user_name`))) */;
/*!50001 SET character_set_client      = @saved_cs_client */;
/*!50001 SET character_set_results     = @saved_cs_results */;
/*!50001 SET collation_connection      = @saved_col_connection */;

--
-- Final view structure for view `vw_student_schedule`
--

/*!50001 DROP VIEW IF EXISTS `vw_student_schedule`*/;
/*!50001 SET @saved_cs_client          = @@character_set_client */;
/*!50001 SET @saved_cs_results         = @@character_set_results */;
/*!50001 SET @saved_col_connection     = @@collation_connection */;
/*!50001 SET character_set_client      = utf8mb4 */;
/*!50001 SET character_set_results     = utf8mb4 */;
/*!50001 SET collation_connection      = utf8mb4_0900_ai_ci */;
/*!50001 CREATE ALGORITHM=UNDEFINED */
/*!50013 DEFINER=`root`@`localhost` SQL SECURITY DEFINER */
/*!50001 VIEW `vw_student_schedule` AS select `s`.`selection_id` AS `selection_id`,`s`.`student_id` AS `student_id`,`c`.`semester` AS `semester`,`c`.`course_id` AS `course_id`,`co`.`course_name` AS `course_name`,`c`.`staff_id` AS `teacher_id`,`u`.`nick_name` AS `teacher_name`,`c`.`day_of_week` AS `day_of_week`,`c`.`lesson_start` AS `lesson_start`,`c`.`lesson_end` AS `lesson_end`,`c`.`week_start` AS `week_start`,`c`.`week_end` AS `week_end`,`c`.`week_type` AS `week_type`,`c`.`classroom_id` AS `classroom_id`,`c`.`status` AS `class_status`,`c`.`capacity` AS `capacity`,`c`.`selected_num` AS `selected_num`,concat('周',`c`.`day_of_week`,' 第',`c`.`lesson_start`,'-',`c`.`lesson_end`,'节') AS `class_time_text` from (((`stu_selection` `s` join `stu_class` `c` on((`s`.`class_id` = `c`.`class_id`))) join `stu_course` `co` on((`c`.`course_id` = `co`.`course_id`))) left join `sys_user` `u` on((`c`.`staff_id` = `u`.`user_name`))) */;
/*!50001 SET character_set_client      = @saved_cs_client */;
/*!50001 SET character_set_results     = @saved_cs_results */;
/*!50001 SET collation_connection      = @saved_col_connection */;
/*!40103 SET TIME_ZONE=@OLD_TIME_ZONE */;

/*!40101 SET SQL_MODE=@OLD_SQL_MODE */;
/*!40014 SET FOREIGN_KEY_CHECKS=@OLD_FOREIGN_KEY_CHECKS */;
/*!40014 SET UNIQUE_CHECKS=@OLD_UNIQUE_CHECKS */;
/*!40101 SET CHARACTER_SET_CLIENT=@OLD_CHARACTER_SET_CLIENT */;
/*!40101 SET CHARACTER_SET_RESULTS=@OLD_CHARACTER_SET_RESULTS */;
/*!40101 SET COLLATION_CONNECTION=@OLD_COLLATION_CONNECTION */;
/*!40111 SET SQL_NOTES=@OLD_SQL_NOTES */;

-- Dump completed on 2026-01-06  4:06:27
